-- phpMyAdmin SQL Dump
-- version 4.0.10.18
-- https://www.phpmyadmin.net
--
-- Host: localhost:3306
-- Generation Time: Mar 05, 2018 at 04:23 AM
-- Server version: 5.6.32-78.0-log
-- PHP Version: 5.6.30

SET SQL_MODE = "NO_AUTO_VALUE_ON_ZERO";
SET time_zone = "+00:00";


/*!40101 SET @OLD_CHARACTER_SET_CLIENT=@@CHARACTER_SET_CLIENT */;
/*!40101 SET @OLD_CHARACTER_SET_RESULTS=@@CHARACTER_SET_RESULTS */;
/*!40101 SET @OLD_COLLATION_CONNECTION=@@COLLATION_CONNECTION */;
/*!40101 SET NAMES utf8 */;

--
-- Database: `wwwkonci_travelb2b`
--

-- --------------------------------------------------------

--
-- Table structure for table `admins`
--

CREATE TABLE IF NOT EXISTS `admins` (
  `id` int(10) unsigned NOT NULL AUTO_INCREMENT,
  `email` varchar(255) COLLATE utf8_unicode_ci NOT NULL,
  `password` varchar(255) COLLATE utf8_unicode_ci NOT NULL,
  `permissions` text COLLATE utf8_unicode_ci,
  `activated` tinyint(1) NOT NULL DEFAULT '0',
  `activation_code` varchar(255) COLLATE utf8_unicode_ci DEFAULT NULL,
  `activated_at` timestamp NULL DEFAULT NULL,
  `last_login` timestamp NULL DEFAULT NULL,
  `persist_code` varchar(255) COLLATE utf8_unicode_ci DEFAULT NULL,
  `reset_password_code` varchar(255) COLLATE utf8_unicode_ci DEFAULT NULL,
  `remember_token` varchar(100) COLLATE utf8_unicode_ci DEFAULT NULL,
  `first_name` varchar(255) COLLATE utf8_unicode_ci DEFAULT NULL,
  `last_name` varchar(255) COLLATE utf8_unicode_ci DEFAULT NULL,
  `formemail` text COLLATE utf8_unicode_ci NOT NULL,
  `created_at` timestamp NULL DEFAULT NULL,
  `updated_at` timestamp NULL DEFAULT NULL,
  PRIMARY KEY (`id`),
  UNIQUE KEY `admins_email_unique` (`email`),
  KEY `admins_activation_code_index` (`activation_code`),
  KEY `admins_reset_password_code_index` (`reset_password_code`)
) ENGINE=InnoDB  DEFAULT CHARSET=utf8 COLLATE=utf8_unicode_ci AUTO_INCREMENT=9 ;

--
-- Dumping data for table `admins`
--

INSERT INTO `admins` (`id`, `email`, `password`, `permissions`, `activated`, `activation_code`, `activated_at`, `last_login`, `persist_code`, `reset_password_code`, `remember_token`, `first_name`, `last_name`, `formemail`, `created_at`, `updated_at`) VALUES
(1, 'npoorvi@elixirinfo.com', '$2y$10$ZSXvh4YPVJAIu5Zzc..PIOXcAwqi6wCM1VS/GUj0kEGG8Bnkp92Ga', NULL, 0, NULL, NULL, NULL, NULL, NULL, '4Pz729uBB6ZuPZgdI3O9Q7xMyMrfQYJwZUOGKAvBA7PerVNDHjIavkQwENAw', 'Poorvi', 'Nagar', 'test@test.in, add@test.in', '2016-07-06 20:37:05', '2018-02-19 10:54:42'),
(6, 'admin@mybonfire.com', '123', NULL, 0, NULL, NULL, NULL, NULL, NULL, NULL, 'admin', 'hello', '', NULL, NULL),
(7, 'hello@entryhires.coma', '123', NULL, 0, NULL, NULL, NULL, NULL, NULL, NULL, 'shelu', 'nagori', '', NULL, NULL),
(8, 'aa@aa.conm', '$2y$10$.q/cvwsl9uvZDIKogaLZsuo75SrTe433gnePdD58W.lNJmN.WtLpS', NULL, 0, NULL, NULL, NULL, NULL, NULL, NULL, 'aa', 'aa', '', NULL, NULL);

-- --------------------------------------------------------

--
-- Table structure for table `admin_role`
--

CREATE TABLE IF NOT EXISTS `admin_role` (
  `id` int(10) NOT NULL AUTO_INCREMENT,
  `role_id` int(10) unsigned NOT NULL,
  `admin_id` int(10) unsigned NOT NULL,
  PRIMARY KEY (`id`)
) ENGINE=InnoDB  DEFAULT CHARSET=utf8 COLLATE=utf8_unicode_ci AUTO_INCREMENT=7 ;

--
-- Dumping data for table `admin_role`
--

INSERT INTO `admin_role` (`id`, `role_id`, `admin_id`) VALUES
(5, 2, 7),
(6, 1, 8);

-- --------------------------------------------------------

--
-- Table structure for table `api_versions`
--

CREATE TABLE IF NOT EXISTS `api_versions` (
  `id` int(11) NOT NULL AUTO_INCREMENT,
  `versions` int(11) NOT NULL,
  PRIMARY KEY (`id`)
) ENGINE=InnoDB  DEFAULT CHARSET=latin1 AUTO_INCREMENT=2 ;

--
-- Dumping data for table `api_versions`
--

INSERT INTO `api_versions` (`id`, `versions`) VALUES
(1, 1);

-- --------------------------------------------------------

--
-- Table structure for table `blocked_users`
--

CREATE TABLE IF NOT EXISTS `blocked_users` (
  `id` int(11) NOT NULL AUTO_INCREMENT,
  `blocked_by` int(11) DEFAULT NULL,
  `blocked_user_id` int(11) DEFAULT NULL,
  `created` datetime DEFAULT NULL,
  PRIMARY KEY (`id`)
) ENGINE=MyISAM DEFAULT CHARSET=latin1 COMMENT='This table use for record blocked user of a request.' AUTO_INCREMENT=1 ;

-- --------------------------------------------------------

--
-- Table structure for table `business_buddies`
--

CREATE TABLE IF NOT EXISTS `business_buddies` (
  `id` int(10) NOT NULL AUTO_INCREMENT,
  `user_id` int(10) DEFAULT NULL,
  `bb_user_id` int(10) DEFAULT NULL,
  `created` datetime DEFAULT NULL,
  PRIMARY KEY (`id`)
) ENGINE=MyISAM DEFAULT CHARSET=latin1 AUTO_INCREMENT=1 ;

-- --------------------------------------------------------

--
-- Table structure for table `categories`
--

CREATE TABLE IF NOT EXISTS `categories` (
  `id` int(11) NOT NULL AUTO_INCREMENT,
  `name` varchar(100) NOT NULL,
  `flag` int(11) NOT NULL DEFAULT '0',
  `created_on` timestamp NOT NULL DEFAULT CURRENT_TIMESTAMP,
  PRIMARY KEY (`id`)
) ENGINE=InnoDB  DEFAULT CHARSET=latin1 AUTO_INCREMENT=4 ;

--
-- Dumping data for table `categories`
--

INSERT INTO `categories` (`id`, `name`, `flag`, `created_on`) VALUES
(1, 'Transport', 0, '2018-02-12 12:05:07'),
(2, 'Package', 0, '2018-02-12 12:05:07'),
(3, 'Hotel', 0, '2018-02-12 12:05:25');

-- --------------------------------------------------------

--
-- Table structure for table `cities`
--

CREATE TABLE IF NOT EXISTS `cities` (
  `id` int(11) NOT NULL AUTO_INCREMENT,
  `name` varchar(50) NOT NULL,
  `state_id` int(11) NOT NULL,
  `price` int(11) NOT NULL,
  `category` text NOT NULL,
  `updated_at` datetime NOT NULL,
  `created_at` datetime NOT NULL,
  `is_deleted` int(11) NOT NULL,
  PRIMARY KEY (`id`),
  KEY `id` (`id`)
) ENGINE=InnoDB  DEFAULT CHARSET=latin1 AUTO_INCREMENT=1271 ;

--
-- Dumping data for table `cities`
--

INSERT INTO `cities` (`id`, `name`, `state_id`, `price`, `category`, `updated_at`, `created_at`, `is_deleted`) VALUES
(1, 'Adoni', 2, 2000, '3', '0000-00-00 00:00:00', '0000-00-00 00:00:00', 0),
(2, 'Amalapuram', 2, 2000, '3', '0000-00-00 00:00:00', '0000-00-00 00:00:00', 0),
(3, 'Anakapalle', 2, 2000, '3', '0000-00-00 00:00:00', '0000-00-00 00:00:00', 0),
(4, 'Anantapur', 2, 2000, '3', '0000-00-00 00:00:00', '0000-00-00 00:00:00', 0),
(5, 'Bapatla', 2, 2000, '3', '0000-00-00 00:00:00', '0000-00-00 00:00:00', 0),
(6, 'Bheemunipatnam', 2, 2000, '3', '0000-00-00 00:00:00', '0000-00-00 00:00:00', 0),
(7, 'Bhimavaram', 2, 2000, '3', '0000-00-00 00:00:00', '0000-00-00 00:00:00', 0),
(8, 'Bobbili', 2, 2000, '3', '0000-00-00 00:00:00', '0000-00-00 00:00:00', 0),
(9, 'Chilakaluripet', 2, 2000, '3', '0000-00-00 00:00:00', '0000-00-00 00:00:00', 0),
(10, 'Chirala', 2, 2000, '3', '0000-00-00 00:00:00', '0000-00-00 00:00:00', 0),
(11, 'Chittoor', 2, 2000, '3', '0000-00-00 00:00:00', '0000-00-00 00:00:00', 0),
(12, 'Dharmavaram', 2, 2000, '3', '0000-00-00 00:00:00', '0000-00-00 00:00:00', 0),
(13, 'Eluru', 2, 2000, '3', '0000-00-00 00:00:00', '0000-00-00 00:00:00', 0),
(14, 'Gooty', 2, 2000, '3', '0000-00-00 00:00:00', '0000-00-00 00:00:00', 0),
(15, 'Gudivada', 2, 2000, '3', '0000-00-00 00:00:00', '0000-00-00 00:00:00', 0),
(16, 'Gudur', 2, 2000, '3', '0000-00-00 00:00:00', '0000-00-00 00:00:00', 0),
(17, 'Guntakal', 2, 2000, '3', '0000-00-00 00:00:00', '0000-00-00 00:00:00', 0),
(18, 'Guntur', 2, 2000, '3', '0000-00-00 00:00:00', '0000-00-00 00:00:00', 0),
(19, 'Hindupur', 2, 2000, '3', '0000-00-00 00:00:00', '0000-00-00 00:00:00', 0),
(20, 'Jaggaiahpet', 2, 2000, '3', '0000-00-00 00:00:00', '0000-00-00 00:00:00', 0),
(21, 'Jammalamadugu', 2, 2000, '3', '0000-00-00 00:00:00', '0000-00-00 00:00:00', 0),
(22, 'Kadapa', 2, 2000, '3', '0000-00-00 00:00:00', '0000-00-00 00:00:00', 0),
(23, 'Kadiri', 2, 2000, '3', '0000-00-00 00:00:00', '0000-00-00 00:00:00', 0),
(24, 'Kakinada', 2, 2000, '3', '0000-00-00 00:00:00', '0000-00-00 00:00:00', 0),
(25, 'Kandukur', 2, 2000, '3', '0000-00-00 00:00:00', '0000-00-00 00:00:00', 0),
(26, 'Kavali', 2, 2000, '3', '0000-00-00 00:00:00', '0000-00-00 00:00:00', 0),
(27, 'Kovvur', 2, 2000, '3', '0000-00-00 00:00:00', '0000-00-00 00:00:00', 0),
(28, 'Kurnool', 2, 2000, '3', '0000-00-00 00:00:00', '0000-00-00 00:00:00', 0),
(29, 'Macherla', 2, 2000, '3', '0000-00-00 00:00:00', '0000-00-00 00:00:00', 0),
(30, 'Machilipatnam', 2, 2000, '3', '0000-00-00 00:00:00', '0000-00-00 00:00:00', 0),
(31, 'Madanapalle', 2, 2000, '3', '0000-00-00 00:00:00', '0000-00-00 00:00:00', 0),
(32, 'Mandapeta', 2, 2000, '3', '0000-00-00 00:00:00', '0000-00-00 00:00:00', 0),
(33, 'Markapur', 2, 2000, '3', '0000-00-00 00:00:00', '0000-00-00 00:00:00', 0),
(34, 'Nagari', 2, 2000, '3', '0000-00-00 00:00:00', '0000-00-00 00:00:00', 0),
(35, 'Naidupet', 2, 2000, '3', '0000-00-00 00:00:00', '0000-00-00 00:00:00', 0),
(36, 'Nandyal', 2, 2000, '3', '0000-00-00 00:00:00', '0000-00-00 00:00:00', 0),
(37, 'Narasapuram', 2, 2000, '3', '0000-00-00 00:00:00', '0000-00-00 00:00:00', 0),
(38, 'Narasaraopet', 2, 2000, '3', '0000-00-00 00:00:00', '0000-00-00 00:00:00', 0),
(39, 'Narsipatnam', 2, 2000, '3', '0000-00-00 00:00:00', '0000-00-00 00:00:00', 0),
(40, 'Nellore', 2, 2000, '3', '0000-00-00 00:00:00', '0000-00-00 00:00:00', 0),
(41, 'Nidadavole', 2, 2000, '3', '0000-00-00 00:00:00', '0000-00-00 00:00:00', 0),
(42, 'Nuzvid', 2, 2000, '3', '0000-00-00 00:00:00', '0000-00-00 00:00:00', 0),
(43, 'Ongole', 2, 2000, '3', '0000-00-00 00:00:00', '0000-00-00 00:00:00', 0),
(44, 'Palacole', 2, 2000, '3', '0000-00-00 00:00:00', '0000-00-00 00:00:00', 0),
(45, 'Palasa Kasibugga', 2, 2000, '3', '0000-00-00 00:00:00', '0000-00-00 00:00:00', 0),
(46, 'Parvathipuram', 2, 2000, '3', '0000-00-00 00:00:00', '0000-00-00 00:00:00', 0),
(47, 'Pedana', 2, 2000, '3', '0000-00-00 00:00:00', '0000-00-00 00:00:00', 0),
(48, 'Peddapuram', 2, 2000, '3', '0000-00-00 00:00:00', '0000-00-00 00:00:00', 0),
(49, 'Pithapuram', 2, 2000, '3', '0000-00-00 00:00:00', '0000-00-00 00:00:00', 0),
(50, 'Ponnur', 2, 2000, '3', '0000-00-00 00:00:00', '0000-00-00 00:00:00', 0),
(51, 'Proddatur', 2, 2000, '3', '0000-00-00 00:00:00', '0000-00-00 00:00:00', 0),
(52, 'Punganur', 2, 2000, '3', '0000-00-00 00:00:00', '0000-00-00 00:00:00', 0),
(53, 'Puttur', 2, 2000, '3', '0000-00-00 00:00:00', '0000-00-00 00:00:00', 0),
(54, 'Rajahmundry', 2, 2000, '3', '0000-00-00 00:00:00', '0000-00-00 00:00:00', 0),
(55, 'Rajam', 2, 2000, '3', '0000-00-00 00:00:00', '0000-00-00 00:00:00', 0),
(56, 'Rajampet', 2, 2000, '3', '0000-00-00 00:00:00', '0000-00-00 00:00:00', 0),
(57, 'Ramachandrapuram', 2, 2000, '3', '0000-00-00 00:00:00', '0000-00-00 00:00:00', 0),
(58, 'Rayachoti', 2, 2000, '3', '0000-00-00 00:00:00', '0000-00-00 00:00:00', 0),
(59, 'Rayadurg', 2, 2000, '3', '0000-00-00 00:00:00', '0000-00-00 00:00:00', 0),
(60, 'Renigunta', 2, 2000, '3', '0000-00-00 00:00:00', '0000-00-00 00:00:00', 0),
(61, 'Repalle', 2, 2000, '3', '0000-00-00 00:00:00', '0000-00-00 00:00:00', 0),
(62, 'Salur', 2, 2000, '3', '0000-00-00 00:00:00', '0000-00-00 00:00:00', 0),
(63, 'Samalkot', 2, 2000, '3', '0000-00-00 00:00:00', '0000-00-00 00:00:00', 0),
(64, 'Sattenapalle', 2, 2000, '3', '0000-00-00 00:00:00', '0000-00-00 00:00:00', 0),
(65, 'Srikakulam', 2, 2000, '3', '0000-00-00 00:00:00', '0000-00-00 00:00:00', 0),
(66, 'Srikalahasti', 2, 2000, '3', '0000-00-00 00:00:00', '0000-00-00 00:00:00', 0),
(67, 'Sullurpeta', 2, 2000, '3', '0000-00-00 00:00:00', '0000-00-00 00:00:00', 0),
(68, 'Tadepalligudem', 2, 2000, '3', '0000-00-00 00:00:00', '0000-00-00 00:00:00', 0),
(69, 'Tadpatri', 2, 2000, '3', '0000-00-00 00:00:00', '0000-00-00 00:00:00', 0),
(70, 'Tanuku', 2, 2000, '3', '0000-00-00 00:00:00', '0000-00-00 00:00:00', 0),
(71, 'Tenali', 2, 2000, '3', '0000-00-00 00:00:00', '0000-00-00 00:00:00', 0),
(72, 'Tirupati', 2, 2000, '3', '0000-00-00 00:00:00', '0000-00-00 00:00:00', 0),
(73, 'Tiruvuru', 2, 2000, '3', '0000-00-00 00:00:00', '0000-00-00 00:00:00', 0),
(74, 'Tuni', 2, 2000, '3', '0000-00-00 00:00:00', '0000-00-00 00:00:00', 0),
(75, 'Uravakonda', 2, 2000, '3', '0000-00-00 00:00:00', '0000-00-00 00:00:00', 0),
(76, 'Venkatagiri', 2, 2000, '3', '0000-00-00 00:00:00', '0000-00-00 00:00:00', 0),
(77, 'Vijayawada', 2, 2000, '3', '0000-00-00 00:00:00', '0000-00-00 00:00:00', 0),
(78, 'Vinukonda', 2, 2000, '3', '0000-00-00 00:00:00', '0000-00-00 00:00:00', 0),
(79, 'Visakhapatnam', 2, 2000, '3', '0000-00-00 00:00:00', '0000-00-00 00:00:00', 0),
(80, 'Vizianagaram', 2, 2000, '3', '0000-00-00 00:00:00', '0000-00-00 00:00:00', 0),
(81, 'Yemmiganur', 2, 2000, '3', '0000-00-00 00:00:00', '0000-00-00 00:00:00', 0),
(82, 'Yerraguntla', 2, 2000, '3', '0000-00-00 00:00:00', '0000-00-00 00:00:00', 0),
(84, 'Naharlagun', 3, 2000, '3', '0000-00-00 00:00:00', '0000-00-00 00:00:00', 0),
(85, 'Pasighat', 3, 2000, '3', '0000-00-00 00:00:00', '0000-00-00 00:00:00', 0),
(87, 'Barpeta', 4, 2000, '3', '0000-00-00 00:00:00', '0000-00-00 00:00:00', 0),
(88, 'Bongaigaon City', 4, 2000, '3', '0000-00-00 00:00:00', '0000-00-00 00:00:00', 0),
(89, 'Dhubri', 4, 2000, '3', '0000-00-00 00:00:00', '0000-00-00 00:00:00', 0),
(90, 'Dibrugarh', 4, 2000, '3', '0000-00-00 00:00:00', '0000-00-00 00:00:00', 0),
(91, 'Diphu', 4, 2000, '3', '0000-00-00 00:00:00', '0000-00-00 00:00:00', 0),
(92, 'Goalpara', 4, 2000, '3', '0000-00-00 00:00:00', '0000-00-00 00:00:00', 0),
(93, 'Guwahati', 4, 2000, '3', '0000-00-00 00:00:00', '0000-00-00 00:00:00', 0),
(94, 'Jorhat', 4, 2000, '3', '0000-00-00 00:00:00', '0000-00-00 00:00:00', 0),
(95, 'Karimganj', 4, 2000, '3', '0000-00-00 00:00:00', '0000-00-00 00:00:00', 0),
(96, 'Lanka', 4, 2000, '3', '0000-00-00 00:00:00', '0000-00-00 00:00:00', 0),
(97, 'Lumding', 4, 2000, '3', '0000-00-00 00:00:00', '0000-00-00 00:00:00', 0),
(98, 'Mangaldoi', 4, 2000, '3', '0000-00-00 00:00:00', '0000-00-00 00:00:00', 0),
(99, 'Mankachar', 4, 2000, '3', '0000-00-00 00:00:00', '0000-00-00 00:00:00', 0),
(100, 'Margherita', 4, 2000, '3', '0000-00-00 00:00:00', '0000-00-00 00:00:00', 0),
(101, 'Mariani', 4, 2000, '3', '0000-00-00 00:00:00', '0000-00-00 00:00:00', 0),
(102, 'Marigaon', 4, 2000, '3', '0000-00-00 00:00:00', '0000-00-00 00:00:00', 0),
(103, 'Nagaon', 4, 2000, '3', '0000-00-00 00:00:00', '0000-00-00 00:00:00', 0),
(104, 'Nalbari', 4, 2000, '3', '0000-00-00 00:00:00', '0000-00-00 00:00:00', 0),
(105, 'North Lakhimpur', 4, 2000, '3', '0000-00-00 00:00:00', '0000-00-00 00:00:00', 0),
(106, 'Rangia', 4, 2000, '3', '0000-00-00 00:00:00', '0000-00-00 00:00:00', 0),
(107, 'Sibsagar', 4, 2000, '3', '0000-00-00 00:00:00', '0000-00-00 00:00:00', 0),
(108, 'Silapathar', 4, 2000, '3', '0000-00-00 00:00:00', '0000-00-00 00:00:00', 0),
(109, 'Silchar', 4, 2000, '3', '0000-00-00 00:00:00', '0000-00-00 00:00:00', 0),
(110, 'Tezpur', 4, 2000, '3', '0000-00-00 00:00:00', '0000-00-00 00:00:00', 0),
(111, 'Tinsukia', 4, 2000, '3', '0000-00-00 00:00:00', '0000-00-00 00:00:00', 0),
(112, 'Araria', 5, 2000, '3', '0000-00-00 00:00:00', '0000-00-00 00:00:00', 0),
(113, 'Arrah', 5, 2000, '3', '0000-00-00 00:00:00', '0000-00-00 00:00:00', 0),
(114, 'Arwal', 5, 2000, '3', '0000-00-00 00:00:00', '0000-00-00 00:00:00', 0),
(115, 'Asarganj', 5, 2000, '3', '0000-00-00 00:00:00', '0000-00-00 00:00:00', 0),
(116, 'Aurangabad', 5, 2000, '3', '0000-00-00 00:00:00', '0000-00-00 00:00:00', 0),
(117, 'Bagaha', 5, 2000, '3', '0000-00-00 00:00:00', '0000-00-00 00:00:00', 0),
(118, 'Barh', 5, 2000, '3', '0000-00-00 00:00:00', '0000-00-00 00:00:00', 0),
(119, 'Begusarai', 5, 2000, '3', '0000-00-00 00:00:00', '0000-00-00 00:00:00', 0),
(120, 'Bettiah', 5, 2000, '3', '0000-00-00 00:00:00', '0000-00-00 00:00:00', 0),
(121, 'BhabUrban Agglomeration', 5, 2000, '3', '0000-00-00 00:00:00', '0000-00-00 00:00:00', 0),
(122, 'Bhagalpur', 5, 2000, '3', '0000-00-00 00:00:00', '0000-00-00 00:00:00', 0),
(123, 'Buxar', 5, 2000, '3', '0000-00-00 00:00:00', '0000-00-00 00:00:00', 0),
(124, 'Chhapra', 5, 2000, '3', '0000-00-00 00:00:00', '0000-00-00 00:00:00', 0),
(125, 'Darbhanga', 5, 2000, '3', '0000-00-00 00:00:00', '0000-00-00 00:00:00', 0),
(126, 'Dehri-on-Sone', 5, 2000, '3', '0000-00-00 00:00:00', '0000-00-00 00:00:00', 0),
(127, 'Dumraon', 5, 2000, '3', '0000-00-00 00:00:00', '0000-00-00 00:00:00', 0),
(128, 'Forbesganj', 5, 2000, '3', '0000-00-00 00:00:00', '0000-00-00 00:00:00', 0),
(129, 'Gaya', 5, 2000, '3', '0000-00-00 00:00:00', '0000-00-00 00:00:00', 0),
(130, 'Gopalganj', 5, 2000, '3', '0000-00-00 00:00:00', '0000-00-00 00:00:00', 0),
(131, 'Hajipur', 5, 2000, '3', '0000-00-00 00:00:00', '0000-00-00 00:00:00', 0),
(132, 'Jamalpur', 5, 2000, '3', '0000-00-00 00:00:00', '0000-00-00 00:00:00', 0),
(133, 'Jamui', 5, 2000, '3', '0000-00-00 00:00:00', '0000-00-00 00:00:00', 0),
(134, 'Jehanabad', 5, 2000, '3', '0000-00-00 00:00:00', '0000-00-00 00:00:00', 0),
(135, 'Katihar', 5, 2000, '3', '0000-00-00 00:00:00', '0000-00-00 00:00:00', 0),
(136, 'Kishanganj', 5, 2000, '3', '0000-00-00 00:00:00', '0000-00-00 00:00:00', 0),
(137, 'Lakhisarai', 5, 2000, '3', '0000-00-00 00:00:00', '0000-00-00 00:00:00', 0),
(138, 'Lalganj', 5, 2000, '3', '0000-00-00 00:00:00', '0000-00-00 00:00:00', 0),
(139, 'Madhepura', 5, 2000, '3', '0000-00-00 00:00:00', '0000-00-00 00:00:00', 0),
(140, 'Madhubani', 5, 2000, '3', '0000-00-00 00:00:00', '0000-00-00 00:00:00', 0),
(141, 'Maharajganj', 5, 2000, '3', '0000-00-00 00:00:00', '0000-00-00 00:00:00', 0),
(142, 'Mahnar Bazar', 5, 2000, '3', '0000-00-00 00:00:00', '0000-00-00 00:00:00', 0),
(143, 'Makhdumpur', 5, 2000, '3', '0000-00-00 00:00:00', '0000-00-00 00:00:00', 0),
(144, 'Maner', 5, 2000, '3', '0000-00-00 00:00:00', '0000-00-00 00:00:00', 0),
(145, 'Manihari', 5, 2000, '3', '0000-00-00 00:00:00', '0000-00-00 00:00:00', 0),
(146, 'Marhaura', 5, 2000, '3', '0000-00-00 00:00:00', '0000-00-00 00:00:00', 0),
(147, 'Masaurhi', 5, 2000, '3', '0000-00-00 00:00:00', '0000-00-00 00:00:00', 0),
(148, 'Mirganj', 5, 2000, '3', '0000-00-00 00:00:00', '0000-00-00 00:00:00', 0),
(149, 'Mokameh', 5, 2000, '3', '0000-00-00 00:00:00', '0000-00-00 00:00:00', 0),
(150, 'Motihari', 5, 2000, '3', '0000-00-00 00:00:00', '0000-00-00 00:00:00', 0),
(151, 'Motipur', 5, 2000, '3', '0000-00-00 00:00:00', '0000-00-00 00:00:00', 0),
(152, 'Munger', 5, 2000, '3', '0000-00-00 00:00:00', '0000-00-00 00:00:00', 0),
(153, 'Murliganj', 5, 2000, '3', '0000-00-00 00:00:00', '0000-00-00 00:00:00', 0),
(154, 'Muzaffarpur', 5, 2000, '3', '0000-00-00 00:00:00', '0000-00-00 00:00:00', 0),
(155, 'Narkatiaganj', 5, 2000, '3', '0000-00-00 00:00:00', '0000-00-00 00:00:00', 0),
(156, 'Naugachhia', 5, 2000, '3', '0000-00-00 00:00:00', '0000-00-00 00:00:00', 0),
(157, 'Nawada', 5, 2000, '3', '0000-00-00 00:00:00', '0000-00-00 00:00:00', 0),
(158, 'Nokha', 5, 2000, '3', '0000-00-00 00:00:00', '0000-00-00 00:00:00', 0),
(159, 'Patna', 5, 2000, '3', '0000-00-00 00:00:00', '0000-00-00 00:00:00', 0),
(160, 'Piro', 5, 2000, '3', '0000-00-00 00:00:00', '0000-00-00 00:00:00', 0),
(161, 'Purnia', 5, 2000, '3', '0000-00-00 00:00:00', '0000-00-00 00:00:00', 0),
(162, 'Rafiganj', 5, 2000, '3', '0000-00-00 00:00:00', '0000-00-00 00:00:00', 0),
(163, 'Rajgir', 5, 2000, '3', '0000-00-00 00:00:00', '0000-00-00 00:00:00', 0),
(164, 'Ramnagar', 5, 2000, '3', '0000-00-00 00:00:00', '0000-00-00 00:00:00', 0),
(165, 'Raxaul Bazar', 5, 2000, '3', '0000-00-00 00:00:00', '0000-00-00 00:00:00', 0),
(166, 'Revelganj', 5, 2000, '3', '0000-00-00 00:00:00', '0000-00-00 00:00:00', 0),
(167, 'Rosera', 5, 2000, '3', '0000-00-00 00:00:00', '0000-00-00 00:00:00', 0),
(168, 'Saharsa', 5, 2000, '3', '0000-00-00 00:00:00', '0000-00-00 00:00:00', 0),
(169, 'Samastipur', 5, 2000, '3', '0000-00-00 00:00:00', '0000-00-00 00:00:00', 0),
(170, 'Sasaram', 5, 2000, '3', '0000-00-00 00:00:00', '0000-00-00 00:00:00', 0),
(171, 'Sheikhpura', 5, 2000, '3', '0000-00-00 00:00:00', '0000-00-00 00:00:00', 0),
(172, 'Sheohar', 5, 2000, '3', '0000-00-00 00:00:00', '0000-00-00 00:00:00', 0),
(173, 'Sherghati', 5, 2000, '3', '0000-00-00 00:00:00', '0000-00-00 00:00:00', 0),
(174, 'Silao', 5, 2000, '3', '0000-00-00 00:00:00', '0000-00-00 00:00:00', 0),
(175, 'Sitamarhi', 5, 2000, '3', '0000-00-00 00:00:00', '0000-00-00 00:00:00', 0),
(176, 'Siwan', 5, 2000, '3', '0000-00-00 00:00:00', '0000-00-00 00:00:00', 0),
(177, 'Sonepur', 5, 2000, '3', '0000-00-00 00:00:00', '0000-00-00 00:00:00', 0),
(178, 'Sugauli', 5, 2000, '3', '0000-00-00 00:00:00', '0000-00-00 00:00:00', 0),
(179, 'Sultanganj', 5, 2000, '3', '0000-00-00 00:00:00', '0000-00-00 00:00:00', 0),
(180, 'Supaul', 5, 2000, '3', '0000-00-00 00:00:00', '0000-00-00 00:00:00', 0),
(181, 'Warisaliganj', 5, 2000, '3', '0000-00-00 00:00:00', '0000-00-00 00:00:00', 0),
(182, 'Chandigarh', 6, 2000, '3', '0000-00-00 00:00:00', '0000-00-00 00:00:00', 0),
(183, 'Ambikapur', 7, 2000, '3', '0000-00-00 00:00:00', '0000-00-00 00:00:00', 0),
(184, 'Bhatapara', 7, 2000, '3', '0000-00-00 00:00:00', '0000-00-00 00:00:00', 0),
(185, 'Bhilai Nagar', 7, 2000, '3', '0000-00-00 00:00:00', '0000-00-00 00:00:00', 0),
(186, 'Bilaspur', 7, 2000, '3', '0000-00-00 00:00:00', '0000-00-00 00:00:00', 0),
(187, 'Chirmiri', 7, 2000, '3', '0000-00-00 00:00:00', '0000-00-00 00:00:00', 0),
(188, 'Dalli-Rajhara', 7, 2000, '3', '0000-00-00 00:00:00', '0000-00-00 00:00:00', 0),
(189, 'Dhamtari', 7, 2000, '3', '0000-00-00 00:00:00', '0000-00-00 00:00:00', 0),
(190, 'Durg', 7, 2000, '3', '0000-00-00 00:00:00', '0000-00-00 00:00:00', 0),
(191, 'Jagdalpur', 7, 2000, '3', '0000-00-00 00:00:00', '0000-00-00 00:00:00', 0),
(192, 'Korba', 7, 2000, '3', '0000-00-00 00:00:00', '0000-00-00 00:00:00', 0),
(193, 'Mahasamund', 7, 2000, '3', '0000-00-00 00:00:00', '0000-00-00 00:00:00', 0),
(194, 'Manendragarh', 7, 2000, '3', '0000-00-00 00:00:00', '0000-00-00 00:00:00', 0),
(195, 'Mungeli', 7, 2000, '3', '0000-00-00 00:00:00', '0000-00-00 00:00:00', 0),
(196, 'Naila Janjgir', 7, 2000, '3', '0000-00-00 00:00:00', '0000-00-00 00:00:00', 0),
(197, 'Raigarh', 7, 2000, '3', '0000-00-00 00:00:00', '0000-00-00 00:00:00', 0),
(198, 'Raipur', 7, 2000, '3', '0000-00-00 00:00:00', '0000-00-00 00:00:00', 0),
(199, 'Rajnandgaon', 7, 2000, '3', '0000-00-00 00:00:00', '0000-00-00 00:00:00', 0),
(200, 'Sakti', 7, 2000, '3', '0000-00-00 00:00:00', '0000-00-00 00:00:00', 0),
(201, 'Tilda Newra', 7, 2000, '3', '0000-00-00 00:00:00', '0000-00-00 00:00:00', 0),
(202, 'Silvassa', 8, 2000, '3', '0000-00-00 00:00:00', '0000-00-00 00:00:00', 0),
(204, 'Delhi NCR', 10, 2000, '3', '0000-00-00 00:00:00', '0000-00-00 00:00:00', 0),
(205, 'Mapusa', 11, 2000, '3', '0000-00-00 00:00:00', '0000-00-00 00:00:00', 0),
(206, 'Margao', 11, 2000, '3', '0000-00-00 00:00:00', '0000-00-00 00:00:00', 0),
(207, 'Marmagao', 11, 2000, '3', '0000-00-00 00:00:00', '0000-00-00 00:00:00', 0),
(208, 'Panaji', 11, 2000, '3', '0000-00-00 00:00:00', '0000-00-00 00:00:00', 0),
(209, 'Adalaj', 12, 2000, '3', '0000-00-00 00:00:00', '0000-00-00 00:00:00', 0),
(210, 'Ahmedabad', 12, 2000, '3', '0000-00-00 00:00:00', '0000-00-00 00:00:00', 0),
(211, 'Amreli', 12, 2000, '3', '0000-00-00 00:00:00', '0000-00-00 00:00:00', 0),
(212, 'Anand', 12, 2000, '3', '0000-00-00 00:00:00', '0000-00-00 00:00:00', 0),
(213, 'Anjar', 12, 2000, '3', '0000-00-00 00:00:00', '0000-00-00 00:00:00', 0),
(214, 'Ankleshwar', 12, 2000, '3', '0000-00-00 00:00:00', '0000-00-00 00:00:00', 0),
(215, 'Bharuch', 12, 2000, '3', '0000-00-00 00:00:00', '0000-00-00 00:00:00', 0),
(216, 'Bhavnagar', 12, 2000, '3', '0000-00-00 00:00:00', '0000-00-00 00:00:00', 0),
(217, 'Bhuj', 12, 2000, '3', '0000-00-00 00:00:00', '0000-00-00 00:00:00', 0),
(218, 'Chhapra', 12, 2000, '3', '0000-00-00 00:00:00', '0000-00-00 00:00:00', 0),
(219, 'Deesa', 12, 2000, '3', '0000-00-00 00:00:00', '0000-00-00 00:00:00', 0),
(220, 'Dhoraji', 12, 2000, '3', '0000-00-00 00:00:00', '0000-00-00 00:00:00', 0),
(221, 'Godhra', 12, 2000, '3', '0000-00-00 00:00:00', '0000-00-00 00:00:00', 0),
(222, 'Jamnagar', 12, 2000, '3', '0000-00-00 00:00:00', '0000-00-00 00:00:00', 0),
(223, 'Kadi', 12, 2000, '3', '0000-00-00 00:00:00', '0000-00-00 00:00:00', 0),
(224, 'Kapadvanj', 12, 2000, '3', '0000-00-00 00:00:00', '0000-00-00 00:00:00', 0),
(225, 'Keshod', 12, 2000, '3', '0000-00-00 00:00:00', '0000-00-00 00:00:00', 0),
(226, 'Khambhat', 12, 2000, '3', '0000-00-00 00:00:00', '0000-00-00 00:00:00', 0),
(227, 'Lathi', 12, 2000, '3', '0000-00-00 00:00:00', '0000-00-00 00:00:00', 0),
(228, 'Limbdi', 12, 2000, '3', '0000-00-00 00:00:00', '0000-00-00 00:00:00', 0),
(229, 'Lunawada', 12, 2000, '3', '0000-00-00 00:00:00', '0000-00-00 00:00:00', 0),
(230, 'Mahemdabad', 12, 2000, '3', '0000-00-00 00:00:00', '0000-00-00 00:00:00', 0),
(231, 'Mahesana', 12, 2000, '3', '0000-00-00 00:00:00', '0000-00-00 00:00:00', 0),
(232, 'Mahuva', 12, 2000, '3', '0000-00-00 00:00:00', '0000-00-00 00:00:00', 0),
(233, 'Manavadar', 12, 2000, '3', '0000-00-00 00:00:00', '0000-00-00 00:00:00', 0),
(234, 'Mandvi', 12, 2000, '3', '0000-00-00 00:00:00', '0000-00-00 00:00:00', 0),
(235, 'Mangrol', 12, 2000, '3', '0000-00-00 00:00:00', '0000-00-00 00:00:00', 0),
(236, 'Mansa', 12, 2000, '3', '0000-00-00 00:00:00', '0000-00-00 00:00:00', 0),
(237, 'Modasa', 12, 2000, '3', '0000-00-00 00:00:00', '0000-00-00 00:00:00', 0),
(238, 'Morvi', 12, 2000, '3', '0000-00-00 00:00:00', '0000-00-00 00:00:00', 0),
(239, 'Nadiad', 12, 2000, '3', '0000-00-00 00:00:00', '0000-00-00 00:00:00', 0),
(240, 'Navsari', 12, 2000, '3', '0000-00-00 00:00:00', '0000-00-00 00:00:00', 0),
(241, 'Padra', 12, 2000, '3', '0000-00-00 00:00:00', '0000-00-00 00:00:00', 0),
(242, 'Palanpur', 12, 2000, '3', '0000-00-00 00:00:00', '0000-00-00 00:00:00', 0),
(243, 'Palitana', 12, 2000, '3', '0000-00-00 00:00:00', '0000-00-00 00:00:00', 0),
(244, 'Pardi', 12, 2000, '3', '0000-00-00 00:00:00', '0000-00-00 00:00:00', 0),
(245, 'Patan', 12, 2000, '3', '0000-00-00 00:00:00', '0000-00-00 00:00:00', 0),
(246, 'Petlad', 12, 2000, '3', '0000-00-00 00:00:00', '0000-00-00 00:00:00', 0),
(247, 'Porbandar', 12, 2000, '3', '0000-00-00 00:00:00', '0000-00-00 00:00:00', 0),
(248, 'Radhanpur', 12, 2000, '3', '0000-00-00 00:00:00', '0000-00-00 00:00:00', 0),
(249, 'Rajkot', 12, 2000, '3', '0000-00-00 00:00:00', '0000-00-00 00:00:00', 0),
(250, 'Rajpipla', 12, 2000, '3', '0000-00-00 00:00:00', '0000-00-00 00:00:00', 0),
(251, 'Rajula', 12, 2000, '3', '0000-00-00 00:00:00', '0000-00-00 00:00:00', 0),
(252, 'Ranavav', 12, 2000, '3', '0000-00-00 00:00:00', '0000-00-00 00:00:00', 0),
(253, 'Rapar', 12, 2000, '3', '0000-00-00 00:00:00', '0000-00-00 00:00:00', 0),
(254, 'Salaya', 12, 2000, '3', '0000-00-00 00:00:00', '0000-00-00 00:00:00', 0),
(255, 'Sanand', 12, 2000, '3', '0000-00-00 00:00:00', '0000-00-00 00:00:00', 0),
(256, 'Savarkundla', 12, 2000, '3', '0000-00-00 00:00:00', '0000-00-00 00:00:00', 0),
(257, 'Sidhpur', 12, 2000, '3', '0000-00-00 00:00:00', '0000-00-00 00:00:00', 0),
(258, 'Sihor', 12, 2000, '3', '0000-00-00 00:00:00', '0000-00-00 00:00:00', 0),
(259, 'Songadh', 12, 2000, '3', '0000-00-00 00:00:00', '0000-00-00 00:00:00', 0),
(260, 'Surat', 12, 2000, '3', '0000-00-00 00:00:00', '0000-00-00 00:00:00', 0),
(261, 'Talaja', 12, 2000, '3', '0000-00-00 00:00:00', '0000-00-00 00:00:00', 0),
(262, 'Thangadh', 12, 2000, '3', '0000-00-00 00:00:00', '0000-00-00 00:00:00', 0),
(263, 'Tharad', 12, 2000, '3', '0000-00-00 00:00:00', '0000-00-00 00:00:00', 0),
(264, 'Umbergaon', 12, 2000, '3', '0000-00-00 00:00:00', '0000-00-00 00:00:00', 0),
(265, 'Umreth', 12, 2000, '3', '0000-00-00 00:00:00', '0000-00-00 00:00:00', 0),
(266, 'Una', 12, 2000, '3', '0000-00-00 00:00:00', '0000-00-00 00:00:00', 0),
(267, 'Unjha', 12, 2000, '3', '0000-00-00 00:00:00', '0000-00-00 00:00:00', 0),
(268, 'Upleta', 12, 2000, '3', '0000-00-00 00:00:00', '0000-00-00 00:00:00', 0),
(269, 'Vadnagar', 12, 2000, '3', '0000-00-00 00:00:00', '0000-00-00 00:00:00', 0),
(270, 'Vadodara', 12, 2000, '3', '0000-00-00 00:00:00', '0000-00-00 00:00:00', 0),
(271, 'Valsad', 12, 2000, '3', '0000-00-00 00:00:00', '0000-00-00 00:00:00', 0),
(272, 'Vapi', 12, 2000, '3', '0000-00-00 00:00:00', '0000-00-00 00:00:00', 0),
(273, 'Vapi', 12, 2000, '3', '0000-00-00 00:00:00', '0000-00-00 00:00:00', 0),
(274, 'Veraval', 12, 2000, '3', '0000-00-00 00:00:00', '0000-00-00 00:00:00', 0),
(275, 'Vijapur', 12, 2000, '3', '0000-00-00 00:00:00', '0000-00-00 00:00:00', 0),
(276, 'Viramgam', 12, 2000, '3', '0000-00-00 00:00:00', '0000-00-00 00:00:00', 0),
(277, 'Visnagar', 12, 2000, '3', '0000-00-00 00:00:00', '0000-00-00 00:00:00', 0),
(278, 'Vyara', 12, 2000, '3', '0000-00-00 00:00:00', '0000-00-00 00:00:00', 0),
(279, 'Wadhwan', 12, 2000, '3', '0000-00-00 00:00:00', '0000-00-00 00:00:00', 0),
(280, 'Wankaner', 12, 2000, '3', '0000-00-00 00:00:00', '0000-00-00 00:00:00', 0),
(281, 'Bahadurgarh', 13, 2000, '3', '0000-00-00 00:00:00', '0000-00-00 00:00:00', 0),
(282, 'Bhiwani', 13, 2000, '3', '0000-00-00 00:00:00', '0000-00-00 00:00:00', 0),
(283, 'Charkhi Dadri', 13, 2000, '3', '0000-00-00 00:00:00', '0000-00-00 00:00:00', 0),
(284, 'Faridabad', 13, 2000, '3', '0000-00-00 00:00:00', '0000-00-00 00:00:00', 0),
(285, 'Fatehabad', 13, 2000, '3', '0000-00-00 00:00:00', '0000-00-00 00:00:00', 0),
(286, 'Gohana', 13, 2000, '3', '0000-00-00 00:00:00', '0000-00-00 00:00:00', 0),
(287, 'Gurgaon', 13, 2000, '3', '0000-00-00 00:00:00', '0000-00-00 00:00:00', 0),
(288, 'Hansi', 13, 2000, '3', '0000-00-00 00:00:00', '0000-00-00 00:00:00', 0),
(289, 'Hisar', 13, 2000, '3', '0000-00-00 00:00:00', '0000-00-00 00:00:00', 0),
(290, 'Jind', 13, 2000, '3', '0000-00-00 00:00:00', '0000-00-00 00:00:00', 0),
(291, 'Kaithal', 13, 2000, '3', '0000-00-00 00:00:00', '0000-00-00 00:00:00', 0),
(292, 'Karnal', 13, 2000, '3', '0000-00-00 00:00:00', '0000-00-00 00:00:00', 0),
(293, 'Ladwa', 13, 2000, '3', '0000-00-00 00:00:00', '0000-00-00 00:00:00', 0),
(294, 'Mahendragarh', 13, 2000, '3', '0000-00-00 00:00:00', '0000-00-00 00:00:00', 0),
(295, 'Mandi Dabwali', 13, 2000, '3', '0000-00-00 00:00:00', '0000-00-00 00:00:00', 0),
(296, 'Narnaul', 13, 2000, '3', '0000-00-00 00:00:00', '0000-00-00 00:00:00', 0),
(297, 'Narwana', 13, 2000, '3', '0000-00-00 00:00:00', '0000-00-00 00:00:00', 0),
(298, 'Palwal', 13, 2000, '3', '0000-00-00 00:00:00', '0000-00-00 00:00:00', 0),
(299, 'Panchkula', 13, 2000, '3', '0000-00-00 00:00:00', '0000-00-00 00:00:00', 0),
(300, 'Panipat', 13, 2000, '3', '0000-00-00 00:00:00', '0000-00-00 00:00:00', 0),
(301, 'Pehowa', 13, 2000, '3', '0000-00-00 00:00:00', '0000-00-00 00:00:00', 0),
(302, 'Pinjore', 13, 2000, '3', '0000-00-00 00:00:00', '0000-00-00 00:00:00', 0),
(303, 'Rania', 13, 2000, '3', '0000-00-00 00:00:00', '0000-00-00 00:00:00', 0),
(304, 'Ratia', 13, 2000, '3', '0000-00-00 00:00:00', '0000-00-00 00:00:00', 0),
(305, 'Rewari', 13, 2000, '3', '0000-00-00 00:00:00', '0000-00-00 00:00:00', 0),
(306, 'Rohtak', 13, 2000, '3', '0000-00-00 00:00:00', '0000-00-00 00:00:00', 0),
(307, 'Safidon', 13, 2000, '3', '0000-00-00 00:00:00', '0000-00-00 00:00:00', 0),
(308, 'Samalkha', 13, 2000, '3', '0000-00-00 00:00:00', '0000-00-00 00:00:00', 0),
(309, 'Sarsod', 13, 2000, '3', '0000-00-00 00:00:00', '0000-00-00 00:00:00', 0),
(310, 'Shahbad', 13, 2000, '3', '0000-00-00 00:00:00', '0000-00-00 00:00:00', 0),
(311, 'Sirsa', 13, 2000, '3', '0000-00-00 00:00:00', '0000-00-00 00:00:00', 0),
(312, 'Sohna', 13, 2000, '3', '0000-00-00 00:00:00', '0000-00-00 00:00:00', 0),
(313, 'Sonipat', 13, 2000, '3', '0000-00-00 00:00:00', '0000-00-00 00:00:00', 0),
(314, 'Taraori', 13, 2000, '3', '0000-00-00 00:00:00', '0000-00-00 00:00:00', 0),
(315, 'Thanesar', 13, 2000, '3', '0000-00-00 00:00:00', '0000-00-00 00:00:00', 0),
(316, 'Tohana', 13, 2000, '3', '0000-00-00 00:00:00', '0000-00-00 00:00:00', 0),
(317, 'Yamunanagar', 13, 2000, '3', '0000-00-00 00:00:00', '0000-00-00 00:00:00', 0),
(318, 'Mandi', 14, 2000, '3', '0000-00-00 00:00:00', '0000-00-00 00:00:00', 0),
(319, 'Nahan', 14, 2000, '3', '0000-00-00 00:00:00', '0000-00-00 00:00:00', 0),
(320, 'Palampur', 14, 2000, '3', '0000-00-00 00:00:00', '0000-00-00 00:00:00', 0),
(321, 'Shimla', 14, 2000, '3', '0000-00-00 00:00:00', '0000-00-00 00:00:00', 0),
(322, 'Solan', 14, 2000, '3', '0000-00-00 00:00:00', '0000-00-00 00:00:00', 0),
(323, 'Sundarnagar', 14, 2000, '3', '0000-00-00 00:00:00', '0000-00-00 00:00:00', 0),
(324, 'Anantnag', 15, 2000, '3', '0000-00-00 00:00:00', '0000-00-00 00:00:00', 0),
(325, 'Baramula', 15, 2000, '3', '0000-00-00 00:00:00', '0000-00-00 00:00:00', 0),
(326, 'Jammu', 15, 2000, '3', '0000-00-00 00:00:00', '0000-00-00 00:00:00', 0),
(327, 'KathUrban Agglomeration', 15, 2000, '3', '0000-00-00 00:00:00', '0000-00-00 00:00:00', 0),
(328, 'Punch', 15, 2000, '3', '0000-00-00 00:00:00', '0000-00-00 00:00:00', 0),
(329, 'Rajauri', 15, 2000, '3', '0000-00-00 00:00:00', '0000-00-00 00:00:00', 0),
(330, 'Sopore', 15, 2000, '3', '0000-00-00 00:00:00', '0000-00-00 00:00:00', 0),
(331, 'Srinagar', 15, 2000, '3', '0000-00-00 00:00:00', '0000-00-00 00:00:00', 0),
(332, 'Udhampur', 15, 2000, '3', '0000-00-00 00:00:00', '0000-00-00 00:00:00', 0),
(333, 'Adityapur', 16, 2000, '3', '0000-00-00 00:00:00', '0000-00-00 00:00:00', 0),
(334, 'Bokaro Steel City', 16, 2000, '3', '0000-00-00 00:00:00', '0000-00-00 00:00:00', 0),
(335, 'Chaibasa', 16, 2000, '3', '0000-00-00 00:00:00', '0000-00-00 00:00:00', 0),
(336, 'Chatra', 16, 2000, '3', '0000-00-00 00:00:00', '0000-00-00 00:00:00', 0),
(337, 'Chirkunda', 16, 2000, '3', '0000-00-00 00:00:00', '0000-00-00 00:00:00', 0),
(338, 'Deoghar', 16, 2000, '3', '0000-00-00 00:00:00', '0000-00-00 00:00:00', 0),
(339, 'Dhanbad', 16, 2000, '3', '0000-00-00 00:00:00', '0000-00-00 00:00:00', 0),
(340, 'Dumka', 16, 2000, '3', '0000-00-00 00:00:00', '0000-00-00 00:00:00', 0),
(341, 'Giridih', 16, 2000, '3', '0000-00-00 00:00:00', '0000-00-00 00:00:00', 0),
(342, 'Gumia', 16, 2000, '3', '0000-00-00 00:00:00', '0000-00-00 00:00:00', 0),
(343, 'Hazaribag', 16, 2000, '3', '0000-00-00 00:00:00', '0000-00-00 00:00:00', 0),
(344, 'Jamshedpur', 16, 2000, '3', '0000-00-00 00:00:00', '0000-00-00 00:00:00', 0),
(345, 'Jhumri Tilaiya', 16, 2000, '3', '0000-00-00 00:00:00', '0000-00-00 00:00:00', 0),
(346, 'Lohardaga', 16, 2000, '3', '0000-00-00 00:00:00', '0000-00-00 00:00:00', 0),
(347, 'Madhupur', 16, 2000, '3', '0000-00-00 00:00:00', '0000-00-00 00:00:00', 0),
(348, 'Medininagar (Daltonganj)', 16, 2000, '3', '0000-00-00 00:00:00', '0000-00-00 00:00:00', 0),
(349, 'Mihijam', 16, 2000, '3', '0000-00-00 00:00:00', '0000-00-00 00:00:00', 0),
(350, 'Musabani', 16, 2000, '3', '0000-00-00 00:00:00', '0000-00-00 00:00:00', 0),
(351, 'Pakaur', 16, 2000, '3', '0000-00-00 00:00:00', '0000-00-00 00:00:00', 0),
(352, 'Patratu', 16, 2000, '3', '0000-00-00 00:00:00', '0000-00-00 00:00:00', 0),
(353, 'Phusro', 16, 2000, '3', '0000-00-00 00:00:00', '0000-00-00 00:00:00', 0),
(354, 'Ramgarh', 16, 2000, '3', '0000-00-00 00:00:00', '0000-00-00 00:00:00', 0),
(355, 'Ranchi', 16, 2000, '3', '0000-00-00 00:00:00', '0000-00-00 00:00:00', 0),
(356, 'Sahibganj', 16, 2000, '3', '0000-00-00 00:00:00', '0000-00-00 00:00:00', 0),
(357, 'Saunda', 16, 2000, '3', '0000-00-00 00:00:00', '0000-00-00 00:00:00', 0),
(358, 'Simdega', 16, 2000, '3', '0000-00-00 00:00:00', '0000-00-00 00:00:00', 0),
(359, 'Tenu dam-cum-Kathhara', 16, 2000, '3', '0000-00-00 00:00:00', '0000-00-00 00:00:00', 0),
(360, 'Adyar', 17, 2000, '3', '0000-00-00 00:00:00', '0000-00-00 00:00:00', 0),
(361, 'Afzalpur', 17, 2000, '3', '0000-00-00 00:00:00', '0000-00-00 00:00:00', 0),
(362, 'Arsikere', 17, 2000, '3', '0000-00-00 00:00:00', '0000-00-00 00:00:00', 0),
(363, 'Athni', 17, 2000, '3', '0000-00-00 00:00:00', '0000-00-00 00:00:00', 0),
(364, 'Ballari', 17, 2000, '3', '0000-00-00 00:00:00', '0000-00-00 00:00:00', 0),
(365, 'Belagavi', 17, 2000, '3', '0000-00-00 00:00:00', '0000-00-00 00:00:00', 0),
(366, 'Bengaluru', 17, 2000, '3', '0000-00-00 00:00:00', '0000-00-00 00:00:00', 0),
(367, 'Chikkamagaluru', 17, 2000, '3', '0000-00-00 00:00:00', '0000-00-00 00:00:00', 0),
(368, 'Davanagere', 17, 2000, '3', '0000-00-00 00:00:00', '0000-00-00 00:00:00', 0),
(369, 'Gokak', 17, 2000, '3', '0000-00-00 00:00:00', '0000-00-00 00:00:00', 0),
(370, 'Hubli-Dharwad', 17, 2000, '3', '0000-00-00 00:00:00', '0000-00-00 00:00:00', 0),
(371, 'Karwar', 17, 2000, '3', '0000-00-00 00:00:00', '0000-00-00 00:00:00', 0),
(372, 'Kolar', 17, 2000, '3', '0000-00-00 00:00:00', '0000-00-00 00:00:00', 0),
(373, 'Lakshmeshwar', 17, 2000, '3', '0000-00-00 00:00:00', '0000-00-00 00:00:00', 0),
(374, 'Lingsugur', 17, 2000, '3', '0000-00-00 00:00:00', '0000-00-00 00:00:00', 0),
(375, 'Maddur', 17, 2000, '3', '0000-00-00 00:00:00', '0000-00-00 00:00:00', 0),
(376, 'Madhugiri', 17, 2000, '3', '0000-00-00 00:00:00', '0000-00-00 00:00:00', 0),
(377, 'Madikeri', 17, 2000, '3', '0000-00-00 00:00:00', '0000-00-00 00:00:00', 0),
(378, 'Magadi', 17, 2000, '3', '0000-00-00 00:00:00', '0000-00-00 00:00:00', 0),
(379, 'Mahalingapura', 17, 2000, '3', '0000-00-00 00:00:00', '0000-00-00 00:00:00', 0),
(380, 'Malavalli', 17, 2000, '3', '0000-00-00 00:00:00', '0000-00-00 00:00:00', 0),
(381, 'Malur', 17, 2000, '3', '0000-00-00 00:00:00', '0000-00-00 00:00:00', 0),
(382, 'Mandya', 17, 2000, '3', '0000-00-00 00:00:00', '0000-00-00 00:00:00', 0),
(383, 'Mangaluru', 17, 2000, '3', '0000-00-00 00:00:00', '0000-00-00 00:00:00', 0),
(384, 'Manvi', 17, 2000, '3', '0000-00-00 00:00:00', '0000-00-00 00:00:00', 0),
(385, 'Mudabidri', 17, 2000, '3', '0000-00-00 00:00:00', '0000-00-00 00:00:00', 0),
(386, 'Mudalagi', 17, 2000, '3', '0000-00-00 00:00:00', '0000-00-00 00:00:00', 0),
(387, 'Muddebihal', 17, 2000, '3', '0000-00-00 00:00:00', '0000-00-00 00:00:00', 0),
(388, 'Mudhol', 17, 2000, '3', '0000-00-00 00:00:00', '0000-00-00 00:00:00', 0),
(389, 'Mulbagal', 17, 2000, '3', '0000-00-00 00:00:00', '0000-00-00 00:00:00', 0),
(390, 'Mundargi', 17, 2000, '3', '0000-00-00 00:00:00', '0000-00-00 00:00:00', 0),
(391, 'Mysore', 17, 2000, '3', '0000-00-00 00:00:00', '0000-00-00 00:00:00', 0),
(392, 'Nanjangud', 17, 2000, '3', '0000-00-00 00:00:00', '0000-00-00 00:00:00', 0),
(393, 'Nargund', 17, 2000, '3', '0000-00-00 00:00:00', '0000-00-00 00:00:00', 0),
(394, 'Navalgund', 17, 2000, '3', '0000-00-00 00:00:00', '0000-00-00 00:00:00', 0),
(395, 'Nelamangala', 17, 2000, '3', '0000-00-00 00:00:00', '0000-00-00 00:00:00', 0),
(396, 'Pavagada', 17, 2000, '3', '0000-00-00 00:00:00', '0000-00-00 00:00:00', 0),
(397, 'Piriyapatna', 17, 2000, '3', '0000-00-00 00:00:00', '0000-00-00 00:00:00', 0),
(398, 'Puttur', 17, 2000, '3', '0000-00-00 00:00:00', '0000-00-00 00:00:00', 0),
(399, 'Raayachuru', 17, 2000, '3', '0000-00-00 00:00:00', '0000-00-00 00:00:00', 0),
(400, 'Rabkavi Banhatti', 17, 2000, '3', '0000-00-00 00:00:00', '0000-00-00 00:00:00', 0),
(401, 'Ramanagaram', 17, 2000, '3', '0000-00-00 00:00:00', '0000-00-00 00:00:00', 0),
(402, 'Ramdurg', 17, 2000, '3', '0000-00-00 00:00:00', '0000-00-00 00:00:00', 0),
(403, 'Ranebennuru', 17, 2000, '3', '0000-00-00 00:00:00', '0000-00-00 00:00:00', 0),
(404, 'Ranibennur', 17, 2000, '3', '0000-00-00 00:00:00', '0000-00-00 00:00:00', 0),
(405, 'Robertson Pet', 17, 2000, '3', '0000-00-00 00:00:00', '0000-00-00 00:00:00', 0),
(406, 'Ron', 17, 2000, '3', '0000-00-00 00:00:00', '0000-00-00 00:00:00', 0),
(407, 'Sadalagi', 17, 2000, '3', '0000-00-00 00:00:00', '0000-00-00 00:00:00', 0),
(408, 'Sagara', 17, 2000, '3', '0000-00-00 00:00:00', '0000-00-00 00:00:00', 0),
(409, 'Sakaleshapura', 17, 2000, '3', '0000-00-00 00:00:00', '0000-00-00 00:00:00', 0),
(410, 'Sanduru', 17, 2000, '3', '0000-00-00 00:00:00', '0000-00-00 00:00:00', 0),
(411, 'Sankeshwara', 17, 2000, '3', '0000-00-00 00:00:00', '0000-00-00 00:00:00', 0),
(412, 'Saundatti-Yellamma', 17, 2000, '3', '0000-00-00 00:00:00', '0000-00-00 00:00:00', 0),
(413, 'Savanur', 17, 2000, '3', '0000-00-00 00:00:00', '0000-00-00 00:00:00', 0),
(414, 'Sedam', 17, 2000, '3', '0000-00-00 00:00:00', '0000-00-00 00:00:00', 0),
(415, 'Shahabad', 17, 2000, '3', '0000-00-00 00:00:00', '0000-00-00 00:00:00', 0),
(416, 'Shahpur', 17, 2000, '3', '0000-00-00 00:00:00', '0000-00-00 00:00:00', 0),
(417, 'Shiggaon', 17, 2000, '3', '0000-00-00 00:00:00', '0000-00-00 00:00:00', 0),
(418, 'Shikaripur', 17, 2000, '3', '0000-00-00 00:00:00', '0000-00-00 00:00:00', 0),
(419, 'Shivamogga', 17, 2000, '3', '0000-00-00 00:00:00', '0000-00-00 00:00:00', 0),
(420, 'Shrirangapattana', 17, 2000, '3', '0000-00-00 00:00:00', '0000-00-00 00:00:00', 0),
(421, 'Sidlaghatta', 17, 2000, '3', '0000-00-00 00:00:00', '0000-00-00 00:00:00', 0),
(422, 'Sindagi', 17, 2000, '3', '0000-00-00 00:00:00', '0000-00-00 00:00:00', 0),
(423, 'Sindhagi', 17, 2000, '3', '0000-00-00 00:00:00', '0000-00-00 00:00:00', 0),
(424, 'Sindhnur', 17, 2000, '3', '0000-00-00 00:00:00', '0000-00-00 00:00:00', 0),
(425, 'Sira', 17, 2000, '3', '0000-00-00 00:00:00', '0000-00-00 00:00:00', 0),
(426, 'Sirsi', 17, 2000, '3', '0000-00-00 00:00:00', '0000-00-00 00:00:00', 0),
(427, 'Siruguppa', 17, 2000, '3', '0000-00-00 00:00:00', '0000-00-00 00:00:00', 0),
(428, 'Srinivaspur', 17, 2000, '3', '0000-00-00 00:00:00', '0000-00-00 00:00:00', 0),
(429, 'Surapura', 17, 2000, '3', '0000-00-00 00:00:00', '0000-00-00 00:00:00', 0),
(430, 'Talikota', 17, 2000, '3', '0000-00-00 00:00:00', '0000-00-00 00:00:00', 0),
(431, 'Tarikere', 17, 2000, '3', '0000-00-00 00:00:00', '0000-00-00 00:00:00', 0),
(432, 'Tekkalakote', 17, 2000, '3', '0000-00-00 00:00:00', '0000-00-00 00:00:00', 0),
(433, 'Terdal', 17, 2000, '3', '0000-00-00 00:00:00', '0000-00-00 00:00:00', 0),
(434, 'Tiptur', 17, 2000, '3', '0000-00-00 00:00:00', '0000-00-00 00:00:00', 0),
(435, 'Tumkur', 17, 2000, '3', '0000-00-00 00:00:00', '0000-00-00 00:00:00', 0),
(436, 'Udupi', 17, 2000, '3', '0000-00-00 00:00:00', '0000-00-00 00:00:00', 0),
(437, 'Vijayapura', 17, 2000, '3', '0000-00-00 00:00:00', '0000-00-00 00:00:00', 0),
(438, 'Wadi', 17, 2000, '3', '0000-00-00 00:00:00', '0000-00-00 00:00:00', 0),
(439, 'Yadgir', 17, 2000, '3', '0000-00-00 00:00:00', '0000-00-00 00:00:00', 0),
(440, 'Adoor', 19, 2000, '3', '0000-00-00 00:00:00', '0000-00-00 00:00:00', 0),
(441, 'Alappuzha', 19, 2000, '3', '0000-00-00 00:00:00', '0000-00-00 00:00:00', 0),
(442, 'Attingal', 19, 2000, '3', '0000-00-00 00:00:00', '0000-00-00 00:00:00', 0),
(443, 'Chalakudy', 19, 2000, '3', '0000-00-00 00:00:00', '0000-00-00 00:00:00', 0),
(444, 'Changanassery', 19, 2000, '3', '0000-00-00 00:00:00', '0000-00-00 00:00:00', 0),
(445, 'Cherthala', 19, 2000, '3', '0000-00-00 00:00:00', '0000-00-00 00:00:00', 0),
(446, 'Chittur-Thathamangalam', 19, 2000, '3', '0000-00-00 00:00:00', '0000-00-00 00:00:00', 0),
(447, 'Guruvayoor', 19, 2000, '3', '0000-00-00 00:00:00', '0000-00-00 00:00:00', 0),
(448, 'Kanhangad', 19, 2000, '3', '0000-00-00 00:00:00', '0000-00-00 00:00:00', 0),
(449, 'Kannur', 19, 2000, '3', '0000-00-00 00:00:00', '0000-00-00 00:00:00', 0),
(450, 'Kasaragod', 19, 2000, '3', '0000-00-00 00:00:00', '0000-00-00 00:00:00', 0),
(451, 'Kayamkulam', 19, 2000, '3', '0000-00-00 00:00:00', '0000-00-00 00:00:00', 0),
(452, 'Kochi', 19, 2000, '3', '0000-00-00 00:00:00', '0000-00-00 00:00:00', 0),
(453, 'Kodungallur', 19, 2000, '3', '0000-00-00 00:00:00', '0000-00-00 00:00:00', 0),
(454, 'Kollam', 19, 2000, '3', '0000-00-00 00:00:00', '0000-00-00 00:00:00', 0),
(455, 'Kottayam', 19, 2000, '3', '0000-00-00 00:00:00', '0000-00-00 00:00:00', 0),
(456, 'Koyilandy', 19, 2000, '3', '0000-00-00 00:00:00', '0000-00-00 00:00:00', 0),
(457, 'Kozhikode', 19, 2000, '3', '0000-00-00 00:00:00', '0000-00-00 00:00:00', 0),
(458, 'Kunnamkulam', 19, 2000, '3', '0000-00-00 00:00:00', '0000-00-00 00:00:00', 0),
(459, 'Malappuram', 19, 2000, '3', '0000-00-00 00:00:00', '0000-00-00 00:00:00', 0),
(460, 'Mattannur', 19, 2000, '3', '0000-00-00 00:00:00', '0000-00-00 00:00:00', 0),
(461, 'Mavelikkara', 19, 2000, '3', '0000-00-00 00:00:00', '0000-00-00 00:00:00', 0),
(462, 'Mavoor', 19, 2000, '3', '0000-00-00 00:00:00', '0000-00-00 00:00:00', 0),
(463, 'Muvattupuzha', 19, 2000, '3', '0000-00-00 00:00:00', '0000-00-00 00:00:00', 0),
(464, 'Nedumangad', 19, 2000, '3', '0000-00-00 00:00:00', '0000-00-00 00:00:00', 0),
(465, 'Neyyattinkara', 19, 2000, '3', '0000-00-00 00:00:00', '0000-00-00 00:00:00', 0),
(466, 'Nilambur', 19, 2000, '3', '0000-00-00 00:00:00', '0000-00-00 00:00:00', 0),
(467, 'Ottappalam', 19, 2000, '3', '0000-00-00 00:00:00', '0000-00-00 00:00:00', 0),
(468, 'Palai', 19, 2000, '3', '0000-00-00 00:00:00', '0000-00-00 00:00:00', 0),
(469, 'Palakkad', 19, 2000, '3', '0000-00-00 00:00:00', '0000-00-00 00:00:00', 0),
(470, 'Panamattom', 19, 2000, '3', '0000-00-00 00:00:00', '0000-00-00 00:00:00', 0),
(471, 'Panniyannur', 19, 2000, '3', '0000-00-00 00:00:00', '0000-00-00 00:00:00', 0),
(472, 'Pappinisseri', 19, 2000, '3', '0000-00-00 00:00:00', '0000-00-00 00:00:00', 0),
(473, 'Paravoor', 19, 2000, '3', '0000-00-00 00:00:00', '0000-00-00 00:00:00', 0),
(474, 'Pathanamthitta', 19, 2000, '3', '0000-00-00 00:00:00', '0000-00-00 00:00:00', 0),
(475, 'Peringathur', 19, 2000, '3', '0000-00-00 00:00:00', '0000-00-00 00:00:00', 0),
(476, 'Perinthalmanna', 19, 2000, '3', '0000-00-00 00:00:00', '0000-00-00 00:00:00', 0),
(477, 'Perumbavoor', 19, 2000, '3', '0000-00-00 00:00:00', '0000-00-00 00:00:00', 0),
(478, 'Ponnani', 19, 2000, '3', '0000-00-00 00:00:00', '0000-00-00 00:00:00', 0),
(479, 'Punalur', 19, 2000, '3', '0000-00-00 00:00:00', '0000-00-00 00:00:00', 0),
(480, 'Puthuppally', 19, 2000, '3', '0000-00-00 00:00:00', '0000-00-00 00:00:00', 0),
(481, 'Shoranur', 19, 2000, '3', '0000-00-00 00:00:00', '0000-00-00 00:00:00', 0),
(482, 'Taliparamba', 19, 2000, '3', '0000-00-00 00:00:00', '0000-00-00 00:00:00', 0),
(483, 'Thiruvalla', 19, 2000, '3', '0000-00-00 00:00:00', '0000-00-00 00:00:00', 0),
(484, 'Thiruvananthapuram', 19, 2000, '3', '0000-00-00 00:00:00', '0000-00-00 00:00:00', 0),
(485, 'Thodupuzha', 19, 2000, '3', '0000-00-00 00:00:00', '0000-00-00 00:00:00', 0),
(486, 'Thrissur', 19, 2000, '3', '0000-00-00 00:00:00', '0000-00-00 00:00:00', 0),
(487, 'Tirur', 19, 2000, '3', '0000-00-00 00:00:00', '0000-00-00 00:00:00', 0),
(488, 'Vaikom', 19, 2000, '3', '0000-00-00 00:00:00', '0000-00-00 00:00:00', 0),
(489, 'Varkala', 19, 2000, '3', '0000-00-00 00:00:00', '0000-00-00 00:00:00', 0),
(490, 'Vatakara', 19, 2000, '3', '0000-00-00 00:00:00', '0000-00-00 00:00:00', 0),
(491, 'Alirajpur', 21, 2000, '3', '0000-00-00 00:00:00', '0000-00-00 00:00:00', 0),
(492, 'Ashok Nagar', 21, 2000, '3', '0000-00-00 00:00:00', '0000-00-00 00:00:00', 0),
(493, 'Balaghat', 21, 2000, '3', '0000-00-00 00:00:00', '0000-00-00 00:00:00', 0),
(494, 'Bhopal', 21, 2000, '3', '0000-00-00 00:00:00', '0000-00-00 00:00:00', 0),
(495, 'Ganjbasoda', 21, 2000, '3', '0000-00-00 00:00:00', '0000-00-00 00:00:00', 0),
(496, 'Gwalior', 21, 2000, '3', '0000-00-00 00:00:00', '0000-00-00 00:00:00', 0),
(497, 'Indore', 21, 2000, '3', '0000-00-00 00:00:00', '0000-00-00 00:00:00', 0),
(498, 'Itarsi', 21, 2000, '3', '0000-00-00 00:00:00', '0000-00-00 00:00:00', 0),
(499, 'Jabalpur', 21, 2000, '3', '0000-00-00 00:00:00', '0000-00-00 00:00:00', 0),
(500, 'Lahar', 21, 2000, '3', '0000-00-00 00:00:00', '0000-00-00 00:00:00', 0),
(501, 'Maharajpur', 21, 2000, '3', '0000-00-00 00:00:00', '0000-00-00 00:00:00', 0),
(502, 'Mahidpur', 21, 2000, '3', '0000-00-00 00:00:00', '0000-00-00 00:00:00', 0),
(503, 'Maihar', 21, 2000, '3', '0000-00-00 00:00:00', '0000-00-00 00:00:00', 0),
(504, 'Malaj Khand', 21, 2000, '3', '0000-00-00 00:00:00', '0000-00-00 00:00:00', 0),
(505, 'Manasa', 21, 2000, '3', '0000-00-00 00:00:00', '0000-00-00 00:00:00', 0),
(506, 'Manawar', 21, 2000, '3', '0000-00-00 00:00:00', '0000-00-00 00:00:00', 0),
(507, 'Mandideep', 21, 2000, '3', '0000-00-00 00:00:00', '0000-00-00 00:00:00', 0),
(508, 'Mandla', 21, 2000, '3', '0000-00-00 00:00:00', '0000-00-00 00:00:00', 0),
(509, 'Mandsaur', 21, 2000, '3', '0000-00-00 00:00:00', '0000-00-00 00:00:00', 0),
(510, 'Mauganj', 21, 2000, '3', '0000-00-00 00:00:00', '0000-00-00 00:00:00', 0),
(511, 'Mhow Cantonment', 21, 2000, '3', '0000-00-00 00:00:00', '0000-00-00 00:00:00', 0),
(512, 'Mhowgaon', 21, 2000, '3', '0000-00-00 00:00:00', '0000-00-00 00:00:00', 0),
(513, 'Morena', 21, 2000, '3', '0000-00-00 00:00:00', '0000-00-00 00:00:00', 0),
(514, 'Multai', 21, 2000, '3', '0000-00-00 00:00:00', '0000-00-00 00:00:00', 0),
(515, 'Mundi', 21, 2000, '3', '0000-00-00 00:00:00', '0000-00-00 00:00:00', 0),
(516, 'Murwara (Katni)', 21, 2000, '3', '0000-00-00 00:00:00', '0000-00-00 00:00:00', 0),
(517, 'Nagda', 21, 2000, '3', '0000-00-00 00:00:00', '0000-00-00 00:00:00', 0),
(518, 'Nainpur', 21, 2000, '3', '0000-00-00 00:00:00', '0000-00-00 00:00:00', 0),
(519, 'Narsinghgarh', 21, 2000, '3', '0000-00-00 00:00:00', '0000-00-00 00:00:00', 0),
(520, 'Narsinghgarh', 21, 2000, '3', '0000-00-00 00:00:00', '0000-00-00 00:00:00', 0),
(521, 'Neemuch', 21, 2000, '3', '0000-00-00 00:00:00', '0000-00-00 00:00:00', 0),
(522, 'Nepanagar', 21, 2000, '3', '0000-00-00 00:00:00', '0000-00-00 00:00:00', 0),
(523, 'Niwari', 21, 2000, '3', '0000-00-00 00:00:00', '0000-00-00 00:00:00', 0),
(524, 'Nowgong', 21, 2000, '3', '0000-00-00 00:00:00', '0000-00-00 00:00:00', 0),
(525, 'Nowrozabad (Khodargama)', 21, 2000, '3', '0000-00-00 00:00:00', '0000-00-00 00:00:00', 0),
(526, 'Pachore', 21, 2000, '3', '0000-00-00 00:00:00', '0000-00-00 00:00:00', 0),
(527, 'Pali', 21, 2000, '3', '0000-00-00 00:00:00', '0000-00-00 00:00:00', 0),
(528, 'Panagar', 21, 2000, '3', '0000-00-00 00:00:00', '0000-00-00 00:00:00', 0),
(529, 'Pandhurna', 21, 2000, '3', '0000-00-00 00:00:00', '0000-00-00 00:00:00', 0),
(530, 'Panna', 21, 2000, '3', '0000-00-00 00:00:00', '0000-00-00 00:00:00', 0),
(531, 'Pasan', 21, 2000, '3', '0000-00-00 00:00:00', '0000-00-00 00:00:00', 0),
(532, 'Pipariya', 21, 2000, '3', '0000-00-00 00:00:00', '0000-00-00 00:00:00', 0),
(533, 'Pithampur', 21, 2000, '3', '0000-00-00 00:00:00', '0000-00-00 00:00:00', 0),
(534, 'Porsa', 21, 2000, '3', '0000-00-00 00:00:00', '0000-00-00 00:00:00', 0),
(535, 'Prithvipur', 21, 2000, '3', '0000-00-00 00:00:00', '0000-00-00 00:00:00', 0),
(536, 'Raghogarh-Vijaypur', 21, 2000, '3', '0000-00-00 00:00:00', '0000-00-00 00:00:00', 0),
(537, 'Rahatgarh', 21, 2000, '3', '0000-00-00 00:00:00', '0000-00-00 00:00:00', 0),
(538, 'Raisen', 21, 2000, '3', '0000-00-00 00:00:00', '0000-00-00 00:00:00', 0),
(539, 'Rajgarh', 21, 2000, '3', '0000-00-00 00:00:00', '0000-00-00 00:00:00', 0),
(540, 'Ratlam', 21, 2000, '3', '0000-00-00 00:00:00', '0000-00-00 00:00:00', 0),
(541, 'Rau', 21, 2000, '3', '0000-00-00 00:00:00', '0000-00-00 00:00:00', 0),
(542, 'Rehli', 21, 2000, '3', '0000-00-00 00:00:00', '0000-00-00 00:00:00', 0),
(543, 'Rewa', 21, 2000, '3', '0000-00-00 00:00:00', '0000-00-00 00:00:00', 0),
(544, 'Sabalgarh', 21, 2000, '3', '0000-00-00 00:00:00', '0000-00-00 00:00:00', 0),
(545, 'Sagar', 21, 2000, '3', '0000-00-00 00:00:00', '0000-00-00 00:00:00', 0),
(546, 'Sanawad', 21, 2000, '3', '0000-00-00 00:00:00', '0000-00-00 00:00:00', 0),
(547, 'Sarangpur', 21, 2000, '3', '0000-00-00 00:00:00', '0000-00-00 00:00:00', 0),
(548, 'Sarni', 21, 2000, '3', '0000-00-00 00:00:00', '0000-00-00 00:00:00', 0),
(549, 'Satna', 21, 2000, '3', '0000-00-00 00:00:00', '0000-00-00 00:00:00', 0),
(550, 'Sausar', 21, 2000, '3', '0000-00-00 00:00:00', '0000-00-00 00:00:00', 0),
(551, 'Sehore', 21, 2000, '3', '0000-00-00 00:00:00', '0000-00-00 00:00:00', 0),
(552, 'Sendhwa', 21, 2000, '3', '0000-00-00 00:00:00', '0000-00-00 00:00:00', 0),
(553, 'Seoni', 21, 2000, '3', '0000-00-00 00:00:00', '0000-00-00 00:00:00', 0),
(554, 'Seoni-Malwa', 21, 2000, '3', '0000-00-00 00:00:00', '0000-00-00 00:00:00', 0),
(555, 'Shahdol', 21, 2000, '3', '0000-00-00 00:00:00', '0000-00-00 00:00:00', 0),
(556, 'Shajapur', 21, 2000, '3', '0000-00-00 00:00:00', '0000-00-00 00:00:00', 0),
(557, 'Shamgarh', 21, 2000, '3', '0000-00-00 00:00:00', '0000-00-00 00:00:00', 0),
(558, 'Sheopur', 21, 2000, '3', '0000-00-00 00:00:00', '0000-00-00 00:00:00', 0),
(559, 'Shivpuri', 21, 2000, '3', '0000-00-00 00:00:00', '0000-00-00 00:00:00', 0),
(560, 'Shujalpur', 21, 2000, '3', '0000-00-00 00:00:00', '0000-00-00 00:00:00', 0),
(561, 'Sidhi', 21, 2000, '3', '0000-00-00 00:00:00', '0000-00-00 00:00:00', 0),
(562, 'Sihora', 21, 2000, '3', '0000-00-00 00:00:00', '0000-00-00 00:00:00', 0),
(563, 'Singrauli', 21, 2000, '3', '0000-00-00 00:00:00', '0000-00-00 00:00:00', 0),
(564, 'Sironj', 21, 2000, '3', '0000-00-00 00:00:00', '0000-00-00 00:00:00', 0),
(565, 'Sohagpur', 21, 2000, '3', '0000-00-00 00:00:00', '0000-00-00 00:00:00', 0),
(566, 'Tarana', 21, 2000, '3', '0000-00-00 00:00:00', '0000-00-00 00:00:00', 0),
(567, 'Tikamgarh', 21, 2000, '3', '0000-00-00 00:00:00', '0000-00-00 00:00:00', 0),
(568, 'Ujjain', 21, 2000, '3', '0000-00-00 00:00:00', '0000-00-00 00:00:00', 0),
(569, 'Umaria', 21, 2000, '3', '0000-00-00 00:00:00', '0000-00-00 00:00:00', 0),
(570, 'Vidisha', 21, 2000, '3', '0000-00-00 00:00:00', '0000-00-00 00:00:00', 0),
(571, 'Vijaypur', 21, 2000, '3', '0000-00-00 00:00:00', '0000-00-00 00:00:00', 0),
(572, 'Wara Seoni', 21, 2000, '3', '0000-00-00 00:00:00', '0000-00-00 00:00:00', 0),
(573, 'Achalpur', 22, 2000, '3', '0000-00-00 00:00:00', '0000-00-00 00:00:00', 0),
(574, 'Ahmednagar', 22, 2000, '3', '0000-00-00 00:00:00', '0000-00-00 00:00:00', 0),
(575, 'Akola', 22, 2000, '3', '0000-00-00 00:00:00', '0000-00-00 00:00:00', 0),
(576, 'Akot', 22, 2000, '3', '0000-00-00 00:00:00', '0000-00-00 00:00:00', 0),
(577, 'Amalner', 22, 2000, '3', '0000-00-00 00:00:00', '0000-00-00 00:00:00', 0),
(578, 'Ambejogai', 22, 2000, '3', '0000-00-00 00:00:00', '0000-00-00 00:00:00', 0),
(579, 'Amravati', 22, 2000, '3', '0000-00-00 00:00:00', '0000-00-00 00:00:00', 0),
(580, 'Anjangaon', 22, 2000, '3', '0000-00-00 00:00:00', '0000-00-00 00:00:00', 0),
(581, 'Arvi', 22, 2000, '3', '0000-00-00 00:00:00', '0000-00-00 00:00:00', 0),
(582, 'Aurangabad', 22, 2000, '3', '0000-00-00 00:00:00', '0000-00-00 00:00:00', 0),
(583, 'Bhiwandi', 22, 2000, '3', '0000-00-00 00:00:00', '0000-00-00 00:00:00', 0),
(584, 'Dhule', 22, 2000, '3', '0000-00-00 00:00:00', '0000-00-00 00:00:00', 0),
(585, 'Ichalkaranji', 22, 2000, '3', '0000-00-00 00:00:00', '0000-00-00 00:00:00', 0),
(586, 'Kalyan-Dombivali', 22, 2000, '3', '0000-00-00 00:00:00', '0000-00-00 00:00:00', 0),
(587, 'Karjat', 22, 2000, '3', '0000-00-00 00:00:00', '0000-00-00 00:00:00', 0),
(588, 'Latur', 22, 2000, '3', '0000-00-00 00:00:00', '0000-00-00 00:00:00', 0),
(589, 'Loha', 22, 2000, '3', '0000-00-00 00:00:00', '0000-00-00 00:00:00', 0),
(590, 'Lonar', 22, 2000, '3', '0000-00-00 00:00:00', '0000-00-00 00:00:00', 0),
(591, 'Lonavla', 22, 2000, '3', '0000-00-00 00:00:00', '0000-00-00 00:00:00', 0),
(592, 'Mahad', 22, 2000, '3', '0000-00-00 00:00:00', '0000-00-00 00:00:00', 0),
(593, 'Malegaon', 22, 2000, '3', '0000-00-00 00:00:00', '0000-00-00 00:00:00', 0),
(594, 'Malkapur', 22, 2000, '3', '0000-00-00 00:00:00', '0000-00-00 00:00:00', 0),
(595, 'Mangalvedhe', 22, 2000, '3', '0000-00-00 00:00:00', '0000-00-00 00:00:00', 0),
(596, 'Mangrulpir', 22, 2000, '3', '0000-00-00 00:00:00', '0000-00-00 00:00:00', 0),
(597, 'Manjlegaon', 22, 2000, '3', '0000-00-00 00:00:00', '0000-00-00 00:00:00', 0),
(598, 'Manmad', 22, 2000, '3', '0000-00-00 00:00:00', '0000-00-00 00:00:00', 0),
(599, 'Manwath', 22, 2000, '3', '0000-00-00 00:00:00', '0000-00-00 00:00:00', 0),
(600, 'Mehkar', 22, 2000, '3', '0000-00-00 00:00:00', '0000-00-00 00:00:00', 0),
(601, 'Mhaswad', 22, 2000, '3', '0000-00-00 00:00:00', '0000-00-00 00:00:00', 0),
(602, 'Mira-Bhayandar', 22, 2000, '3', '0000-00-00 00:00:00', '0000-00-00 00:00:00', 0),
(603, 'Morshi', 22, 2000, '3', '0000-00-00 00:00:00', '0000-00-00 00:00:00', 0),
(604, 'Mukhed', 22, 2000, '3', '0000-00-00 00:00:00', '0000-00-00 00:00:00', 0),
(605, 'Mul', 22, 2000, '3', '0000-00-00 00:00:00', '0000-00-00 00:00:00', 0),
(606, 'Mumbai', 22, 2000, '3', '0000-00-00 00:00:00', '0000-00-00 00:00:00', 0),
(607, 'Murtijapur', 22, 2000, '3', '0000-00-00 00:00:00', '0000-00-00 00:00:00', 0),
(608, 'Nagpur', 22, 2000, '3', '0000-00-00 00:00:00', '0000-00-00 00:00:00', 0),
(609, 'Nanded-Waghala', 22, 2000, '3', '0000-00-00 00:00:00', '0000-00-00 00:00:00', 0),
(610, 'Nandgaon', 22, 2000, '3', '0000-00-00 00:00:00', '0000-00-00 00:00:00', 0),
(611, 'Nandura', 22, 2000, '3', '0000-00-00 00:00:00', '0000-00-00 00:00:00', 0),
(612, 'Nandurbar', 22, 2000, '3', '0000-00-00 00:00:00', '0000-00-00 00:00:00', 0),
(613, 'Narkhed', 22, 2000, '3', '0000-00-00 00:00:00', '0000-00-00 00:00:00', 0),
(614, 'Nashik', 22, 2000, '3', '0000-00-00 00:00:00', '0000-00-00 00:00:00', 0),
(615, 'Nawapur', 22, 2000, '3', '0000-00-00 00:00:00', '0000-00-00 00:00:00', 0),
(616, 'Nilanga', 22, 2000, '3', '0000-00-00 00:00:00', '0000-00-00 00:00:00', 0),
(617, 'Osmanabad', 22, 2000, '3', '0000-00-00 00:00:00', '0000-00-00 00:00:00', 0),
(618, 'Ozar', 22, 2000, '3', '0000-00-00 00:00:00', '0000-00-00 00:00:00', 0),
(619, 'Pachora', 22, 2000, '3', '0000-00-00 00:00:00', '0000-00-00 00:00:00', 0),
(620, 'Paithan', 22, 2000, '3', '0000-00-00 00:00:00', '0000-00-00 00:00:00', 0),
(621, 'Palghar', 22, 2000, '3', '0000-00-00 00:00:00', '0000-00-00 00:00:00', 0);
INSERT INTO `cities` (`id`, `name`, `state_id`, `price`, `category`, `updated_at`, `created_at`, `is_deleted`) VALUES
(622, 'Pandharkaoda', 22, 2000, '3', '0000-00-00 00:00:00', '0000-00-00 00:00:00', 0),
(623, 'Pandharpur', 22, 2000, '3', '0000-00-00 00:00:00', '0000-00-00 00:00:00', 0),
(624, 'Panvel', 22, 2000, '3', '0000-00-00 00:00:00', '0000-00-00 00:00:00', 0),
(625, 'Parbhani', 22, 2000, '3', '0000-00-00 00:00:00', '0000-00-00 00:00:00', 0),
(626, 'Parli', 22, 2000, '3', '0000-00-00 00:00:00', '0000-00-00 00:00:00', 0),
(627, 'Partur', 22, 2000, '3', '0000-00-00 00:00:00', '0000-00-00 00:00:00', 0),
(628, 'Pathardi', 22, 2000, '3', '0000-00-00 00:00:00', '0000-00-00 00:00:00', 0),
(629, 'Pathri', 22, 2000, '3', '0000-00-00 00:00:00', '0000-00-00 00:00:00', 0),
(630, 'Patur', 22, 2000, '3', '0000-00-00 00:00:00', '0000-00-00 00:00:00', 0),
(631, 'Pauni', 22, 2000, '3', '0000-00-00 00:00:00', '0000-00-00 00:00:00', 0),
(632, 'Pen', 22, 2000, '3', '0000-00-00 00:00:00', '0000-00-00 00:00:00', 0),
(633, 'Phaltan', 22, 2000, '3', '0000-00-00 00:00:00', '0000-00-00 00:00:00', 0),
(634, 'Pulgaon', 22, 2000, '3', '0000-00-00 00:00:00', '0000-00-00 00:00:00', 0),
(635, 'Pune', 22, 2000, '3', '0000-00-00 00:00:00', '0000-00-00 00:00:00', 0),
(636, 'Purna', 22, 2000, '3', '0000-00-00 00:00:00', '0000-00-00 00:00:00', 0),
(637, 'Pusad', 22, 2000, '3', '0000-00-00 00:00:00', '0000-00-00 00:00:00', 0),
(638, 'Rahuri', 22, 2000, '3', '0000-00-00 00:00:00', '0000-00-00 00:00:00', 0),
(639, 'Rajura', 22, 2000, '3', '0000-00-00 00:00:00', '0000-00-00 00:00:00', 0),
(640, 'Ramtek', 22, 2000, '3', '0000-00-00 00:00:00', '0000-00-00 00:00:00', 0),
(641, 'Ratnagiri', 22, 2000, '3', '0000-00-00 00:00:00', '0000-00-00 00:00:00', 0),
(642, 'Raver', 22, 2000, '3', '0000-00-00 00:00:00', '0000-00-00 00:00:00', 0),
(643, 'Risod', 22, 2000, '3', '0000-00-00 00:00:00', '0000-00-00 00:00:00', 0),
(644, 'Sailu', 22, 2000, '3', '0000-00-00 00:00:00', '0000-00-00 00:00:00', 0),
(645, 'Sangamner', 22, 2000, '3', '0000-00-00 00:00:00', '0000-00-00 00:00:00', 0),
(646, 'Sangli', 22, 2000, '3', '0000-00-00 00:00:00', '0000-00-00 00:00:00', 0),
(647, 'Sangole', 22, 2000, '3', '0000-00-00 00:00:00', '0000-00-00 00:00:00', 0),
(648, 'Sasvad', 22, 2000, '3', '0000-00-00 00:00:00', '0000-00-00 00:00:00', 0),
(649, 'Satana', 22, 2000, '3', '0000-00-00 00:00:00', '0000-00-00 00:00:00', 0),
(650, 'Satara', 22, 2000, '3', '0000-00-00 00:00:00', '0000-00-00 00:00:00', 0),
(651, 'Savner', 22, 2000, '3', '0000-00-00 00:00:00', '0000-00-00 00:00:00', 0),
(652, 'Sawantwadi', 22, 2000, '3', '0000-00-00 00:00:00', '0000-00-00 00:00:00', 0),
(653, 'Shahade', 22, 2000, '3', '0000-00-00 00:00:00', '0000-00-00 00:00:00', 0),
(654, 'Shegaon', 22, 2000, '3', '0000-00-00 00:00:00', '0000-00-00 00:00:00', 0),
(655, 'Shendurjana', 22, 2000, '3', '0000-00-00 00:00:00', '0000-00-00 00:00:00', 0),
(656, 'Shirdi', 22, 2000, '3', '0000-00-00 00:00:00', '0000-00-00 00:00:00', 0),
(657, 'Shirpur-Warwade', 22, 2000, '3', '0000-00-00 00:00:00', '0000-00-00 00:00:00', 0),
(658, 'Shirur', 22, 2000, '3', '0000-00-00 00:00:00', '0000-00-00 00:00:00', 0),
(659, 'Shrigonda', 22, 2000, '3', '0000-00-00 00:00:00', '0000-00-00 00:00:00', 0),
(660, 'Shrirampur', 22, 2000, '3', '0000-00-00 00:00:00', '0000-00-00 00:00:00', 0),
(661, 'Sillod', 22, 2000, '3', '0000-00-00 00:00:00', '0000-00-00 00:00:00', 0),
(662, 'Sinnar', 22, 2000, '3', '0000-00-00 00:00:00', '0000-00-00 00:00:00', 0),
(663, 'Solapur', 22, 2000, '3', '0000-00-00 00:00:00', '0000-00-00 00:00:00', 0),
(664, 'Soyagaon', 22, 2000, '3', '0000-00-00 00:00:00', '0000-00-00 00:00:00', 0),
(665, 'Talegaon Dabhade', 22, 2000, '3', '0000-00-00 00:00:00', '0000-00-00 00:00:00', 0),
(666, 'Talode', 22, 2000, '3', '0000-00-00 00:00:00', '0000-00-00 00:00:00', 0),
(667, 'Tasgaon', 22, 2000, '3', '0000-00-00 00:00:00', '0000-00-00 00:00:00', 0),
(668, 'Thane', 22, 2000, '3', '0000-00-00 00:00:00', '0000-00-00 00:00:00', 0),
(669, 'Tirora', 22, 2000, '3', '0000-00-00 00:00:00', '0000-00-00 00:00:00', 0),
(670, 'Tuljapur', 22, 2000, '3', '0000-00-00 00:00:00', '0000-00-00 00:00:00', 0),
(671, 'Tumsar', 22, 2000, '3', '0000-00-00 00:00:00', '0000-00-00 00:00:00', 0),
(672, 'Uchgaon', 22, 2000, '3', '0000-00-00 00:00:00', '0000-00-00 00:00:00', 0),
(673, 'Udgir', 22, 2000, '3', '0000-00-00 00:00:00', '0000-00-00 00:00:00', 0),
(674, 'Umarga', 22, 2000, '3', '0000-00-00 00:00:00', '0000-00-00 00:00:00', 0),
(675, 'Umarkhed', 22, 2000, '3', '0000-00-00 00:00:00', '0000-00-00 00:00:00', 0),
(676, 'Umred', 22, 2000, '3', '0000-00-00 00:00:00', '0000-00-00 00:00:00', 0),
(677, 'Uran', 22, 2000, '3', '0000-00-00 00:00:00', '0000-00-00 00:00:00', 0),
(678, 'Uran Islampur', 22, 2000, '3', '0000-00-00 00:00:00', '0000-00-00 00:00:00', 0),
(679, 'Vadgaon Kasba', 22, 2000, '3', '0000-00-00 00:00:00', '0000-00-00 00:00:00', 0),
(680, 'Vaijapur', 22, 2000, '3', '0000-00-00 00:00:00', '0000-00-00 00:00:00', 0),
(681, 'Vasai-Virar', 22, 2000, '3', '0000-00-00 00:00:00', '0000-00-00 00:00:00', 0),
(682, 'Vita', 22, 2000, '3', '0000-00-00 00:00:00', '0000-00-00 00:00:00', 0),
(683, 'Wadgaon Road', 22, 2000, '3', '0000-00-00 00:00:00', '0000-00-00 00:00:00', 0),
(684, 'Wai', 22, 2000, '3', '0000-00-00 00:00:00', '0000-00-00 00:00:00', 0),
(685, 'Wani', 22, 2000, '3', '0000-00-00 00:00:00', '0000-00-00 00:00:00', 0),
(686, 'Wardha', 22, 2000, '3', '0000-00-00 00:00:00', '0000-00-00 00:00:00', 0),
(687, 'Warora', 22, 2000, '3', '0000-00-00 00:00:00', '0000-00-00 00:00:00', 0),
(688, 'Warud', 22, 2000, '3', '0000-00-00 00:00:00', '0000-00-00 00:00:00', 0),
(689, 'Washim', 22, 2000, '3', '0000-00-00 00:00:00', '0000-00-00 00:00:00', 0),
(690, 'Yavatmal', 22, 2000, '3', '0000-00-00 00:00:00', '0000-00-00 00:00:00', 0),
(691, 'Yawal', 22, 2000, '3', '0000-00-00 00:00:00', '0000-00-00 00:00:00', 0),
(692, 'Yevla', 22, 2000, '3', '0000-00-00 00:00:00', '0000-00-00 00:00:00', 0),
(695, 'Imphal', 23, 2000, '3', '0000-00-00 00:00:00', '0000-00-00 00:00:00', 0),
(696, 'Lilong', 23, 2000, '3', '0000-00-00 00:00:00', '0000-00-00 00:00:00', 0),
(697, 'Mayang Imphal', 23, 2000, '3', '0000-00-00 00:00:00', '0000-00-00 00:00:00', 0),
(698, 'Thoubal', 23, 2000, '3', '0000-00-00 00:00:00', '0000-00-00 00:00:00', 0),
(699, 'Nongstoin', 24, 2000, '3', '0000-00-00 00:00:00', '0000-00-00 00:00:00', 0),
(700, 'Shillong', 24, 2000, '3', '0000-00-00 00:00:00', '0000-00-00 00:00:00', 0),
(701, 'Tura', 24, 2000, '3', '0000-00-00 00:00:00', '0000-00-00 00:00:00', 0),
(702, 'Aizawl', 25, 2000, '3', '0000-00-00 00:00:00', '0000-00-00 00:00:00', 0),
(703, 'Lunglei', 25, 2000, '3', '0000-00-00 00:00:00', '0000-00-00 00:00:00', 0),
(704, 'Saiha', 25, 2000, '3', '0000-00-00 00:00:00', '0000-00-00 00:00:00', 0),
(705, 'Dimapur', 26, 2000, '3', '0000-00-00 00:00:00', '0000-00-00 00:00:00', 0),
(706, 'Kohima', 26, 2000, '3', '0000-00-00 00:00:00', '0000-00-00 00:00:00', 0),
(707, 'Mokokchung', 26, 2000, '3', '0000-00-00 00:00:00', '0000-00-00 00:00:00', 0),
(708, 'Tuensang', 26, 2000, '3', '0000-00-00 00:00:00', '0000-00-00 00:00:00', 0),
(709, 'Wokha', 26, 2000, '3', '0000-00-00 00:00:00', '0000-00-00 00:00:00', 0),
(710, 'Zunheboto', 26, 2000, '3', '0000-00-00 00:00:00', '0000-00-00 00:00:00', 0),
(711, 'Balangir', 29, 2000, '3', '0000-00-00 00:00:00', '0000-00-00 00:00:00', 0),
(712, 'Baleshwar Town', 29, 2000, '3', '0000-00-00 00:00:00', '0000-00-00 00:00:00', 0),
(713, 'Barbil', 29, 2000, '3', '0000-00-00 00:00:00', '0000-00-00 00:00:00', 0),
(714, 'Bargarh', 29, 2000, '3', '0000-00-00 00:00:00', '0000-00-00 00:00:00', 0),
(715, 'Baripada Town', 29, 2000, '3', '0000-00-00 00:00:00', '0000-00-00 00:00:00', 0),
(716, 'Bhadrak', 29, 2000, '3', '0000-00-00 00:00:00', '0000-00-00 00:00:00', 0),
(717, 'Bhawanipatna', 29, 2000, '3', '0000-00-00 00:00:00', '0000-00-00 00:00:00', 0),
(718, 'Bhubaneswar', 29, 2000, '3', '0000-00-00 00:00:00', '0000-00-00 00:00:00', 0),
(719, 'Brahmapur', 29, 2000, '3', '0000-00-00 00:00:00', '0000-00-00 00:00:00', 0),
(720, 'Byasanagar', 29, 2000, '3', '0000-00-00 00:00:00', '0000-00-00 00:00:00', 0),
(721, 'Cuttack', 29, 2000, '3', '0000-00-00 00:00:00', '0000-00-00 00:00:00', 0),
(722, 'Dhenkanal', 29, 2000, '3', '0000-00-00 00:00:00', '0000-00-00 00:00:00', 0),
(723, 'Jatani', 29, 2000, '3', '0000-00-00 00:00:00', '0000-00-00 00:00:00', 0),
(724, 'Jharsuguda', 29, 2000, '3', '0000-00-00 00:00:00', '0000-00-00 00:00:00', 0),
(725, 'Kendrapara', 29, 2000, '3', '0000-00-00 00:00:00', '0000-00-00 00:00:00', 0),
(726, 'Kendujhar', 29, 2000, '3', '0000-00-00 00:00:00', '0000-00-00 00:00:00', 0),
(727, 'Malkangiri', 29, 2000, '3', '0000-00-00 00:00:00', '0000-00-00 00:00:00', 0),
(728, 'Nabarangapur', 29, 2000, '3', '0000-00-00 00:00:00', '0000-00-00 00:00:00', 0),
(729, 'Paradip', 29, 2000, '3', '0000-00-00 00:00:00', '0000-00-00 00:00:00', 0),
(730, 'Parlakhemundi', 29, 2000, '3', '0000-00-00 00:00:00', '0000-00-00 00:00:00', 0),
(731, 'Pattamundai', 29, 2000, '3', '0000-00-00 00:00:00', '0000-00-00 00:00:00', 0),
(732, 'Phulabani', 29, 2000, '3', '0000-00-00 00:00:00', '0000-00-00 00:00:00', 0),
(733, 'Puri', 29, 2000, '3', '0000-00-00 00:00:00', '0000-00-00 00:00:00', 0),
(734, 'Rairangpur', 29, 2000, '3', '0000-00-00 00:00:00', '0000-00-00 00:00:00', 0),
(735, 'Rajagangapur', 29, 2000, '3', '0000-00-00 00:00:00', '0000-00-00 00:00:00', 0),
(736, 'Raurkela', 29, 2000, '3', '0000-00-00 00:00:00', '0000-00-00 00:00:00', 0),
(737, 'Rayagada', 29, 2000, '3', '0000-00-00 00:00:00', '0000-00-00 00:00:00', 0),
(738, 'Sambalpur', 29, 2000, '3', '0000-00-00 00:00:00', '0000-00-00 00:00:00', 0),
(739, 'Soro', 29, 2000, '3', '0000-00-00 00:00:00', '0000-00-00 00:00:00', 0),
(740, 'Sunabeda', 29, 2000, '3', '0000-00-00 00:00:00', '0000-00-00 00:00:00', 0),
(741, 'Sundargarh', 29, 2000, '3', '0000-00-00 00:00:00', '0000-00-00 00:00:00', 0),
(742, 'Talcher', 29, 2000, '3', '0000-00-00 00:00:00', '0000-00-00 00:00:00', 0),
(743, 'Tarbha', 29, 2000, '3', '0000-00-00 00:00:00', '0000-00-00 00:00:00', 0),
(744, 'Titlagarh', 29, 2000, '3', '0000-00-00 00:00:00', '0000-00-00 00:00:00', 0),
(745, 'Karaikal', 31, 2000, '3', '0000-00-00 00:00:00', '0000-00-00 00:00:00', 0),
(746, 'Mahe', 31, 2000, '3', '0000-00-00 00:00:00', '0000-00-00 00:00:00', 0),
(747, 'Pondicherry', 31, 2000, '3', '0000-00-00 00:00:00', '0000-00-00 00:00:00', 0),
(748, 'Yanam', 31, 2000, '3', '0000-00-00 00:00:00', '0000-00-00 00:00:00', 0),
(749, 'Amritsar', 32, 2000, '3', '0000-00-00 00:00:00', '0000-00-00 00:00:00', 0),
(750, 'Barnala', 32, 2000, '3', '0000-00-00 00:00:00', '0000-00-00 00:00:00', 0),
(751, 'Batala', 32, 2000, '3', '0000-00-00 00:00:00', '0000-00-00 00:00:00', 0),
(752, 'Bathinda', 32, 2000, '3', '0000-00-00 00:00:00', '0000-00-00 00:00:00', 0),
(753, 'Dhuri', 32, 2000, '3', '0000-00-00 00:00:00', '0000-00-00 00:00:00', 0),
(754, 'Faridkot', 32, 2000, '3', '0000-00-00 00:00:00', '0000-00-00 00:00:00', 0),
(755, 'Fazilka', 32, 2000, '3', '0000-00-00 00:00:00', '0000-00-00 00:00:00', 0),
(756, 'Firozpur', 32, 2000, '3', '0000-00-00 00:00:00', '0000-00-00 00:00:00', 0),
(757, 'Firozpur Cantt.', 32, 2000, '3', '0000-00-00 00:00:00', '0000-00-00 00:00:00', 0),
(758, 'Gobindgarh', 32, 2000, '3', '0000-00-00 00:00:00', '0000-00-00 00:00:00', 0),
(759, 'Gurdaspur', 32, 2000, '3', '0000-00-00 00:00:00', '0000-00-00 00:00:00', 0),
(760, 'Hoshiarpur', 32, 2000, '3', '0000-00-00 00:00:00', '0000-00-00 00:00:00', 0),
(761, 'Jagraon', 32, 2000, '3', '0000-00-00 00:00:00', '0000-00-00 00:00:00', 0),
(762, 'Jalandhar', 32, 2000, '3', '0000-00-00 00:00:00', '0000-00-00 00:00:00', 0),
(763, 'Jalandhar Cantt.', 32, 2000, '3', '0000-00-00 00:00:00', '0000-00-00 00:00:00', 0),
(764, 'Kapurthala', 32, 2000, '3', '0000-00-00 00:00:00', '0000-00-00 00:00:00', 0),
(765, 'Khanna', 32, 2000, '3', '0000-00-00 00:00:00', '0000-00-00 00:00:00', 0),
(766, 'Kharar', 32, 2000, '3', '0000-00-00 00:00:00', '0000-00-00 00:00:00', 0),
(767, 'Kot Kapura', 32, 2000, '3', '0000-00-00 00:00:00', '0000-00-00 00:00:00', 0),
(768, 'Longowal', 32, 2000, '3', '0000-00-00 00:00:00', '0000-00-00 00:00:00', 0),
(769, 'Ludhiana', 32, 2000, '3', '0000-00-00 00:00:00', '0000-00-00 00:00:00', 0),
(770, 'Malerkotla', 32, 2000, '3', '0000-00-00 00:00:00', '0000-00-00 00:00:00', 0),
(771, 'Malout', 32, 2000, '3', '0000-00-00 00:00:00', '0000-00-00 00:00:00', 0),
(772, 'Mansa', 32, 2000, '3', '0000-00-00 00:00:00', '0000-00-00 00:00:00', 0),
(773, 'Moga', 32, 2000, '3', '0000-00-00 00:00:00', '0000-00-00 00:00:00', 0),
(774, 'Mohali', 32, 2000, '3', '0000-00-00 00:00:00', '0000-00-00 00:00:00', 0),
(775, 'Morinda, India', 32, 2000, '3', '0000-00-00 00:00:00', '0000-00-00 00:00:00', 0),
(776, 'Mukerian', 32, 2000, '3', '0000-00-00 00:00:00', '0000-00-00 00:00:00', 0),
(777, 'Muktsar', 32, 2000, '3', '0000-00-00 00:00:00', '0000-00-00 00:00:00', 0),
(778, 'Nabha', 32, 2000, '3', '0000-00-00 00:00:00', '0000-00-00 00:00:00', 0),
(779, 'Nakodar', 32, 2000, '3', '0000-00-00 00:00:00', '0000-00-00 00:00:00', 0),
(780, 'Nangal', 32, 2000, '3', '0000-00-00 00:00:00', '0000-00-00 00:00:00', 0),
(781, 'Nawanshahr', 32, 2000, '3', '0000-00-00 00:00:00', '0000-00-00 00:00:00', 0),
(782, 'Pathankot', 32, 2000, '3', '0000-00-00 00:00:00', '0000-00-00 00:00:00', 0),
(783, 'Patiala', 32, 2000, '3', '0000-00-00 00:00:00', '0000-00-00 00:00:00', 0),
(784, 'Patti', 32, 2000, '3', '0000-00-00 00:00:00', '0000-00-00 00:00:00', 0),
(785, 'Pattran', 32, 2000, '3', '0000-00-00 00:00:00', '0000-00-00 00:00:00', 0),
(786, 'Phagwara', 32, 2000, '3', '0000-00-00 00:00:00', '0000-00-00 00:00:00', 0),
(787, 'Phillaur', 32, 2000, '3', '0000-00-00 00:00:00', '0000-00-00 00:00:00', 0),
(788, 'Qadian', 32, 2000, '3', '0000-00-00 00:00:00', '0000-00-00 00:00:00', 0),
(789, 'Raikot', 32, 2000, '3', '0000-00-00 00:00:00', '0000-00-00 00:00:00', 0),
(790, 'Rajpura', 32, 2000, '3', '0000-00-00 00:00:00', '0000-00-00 00:00:00', 0),
(791, 'Rampura Phul', 32, 2000, '3', '0000-00-00 00:00:00', '0000-00-00 00:00:00', 0),
(792, 'Rupnagar', 32, 2000, '3', '0000-00-00 00:00:00', '0000-00-00 00:00:00', 0),
(793, 'Samana', 32, 2000, '3', '0000-00-00 00:00:00', '0000-00-00 00:00:00', 0),
(794, 'Sangrur', 32, 2000, '3', '0000-00-00 00:00:00', '0000-00-00 00:00:00', 0),
(795, 'Sirhind Fatehgarh Sahib', 32, 2000, '3', '0000-00-00 00:00:00', '0000-00-00 00:00:00', 0),
(796, 'Sujanpur', 32, 2000, '3', '0000-00-00 00:00:00', '0000-00-00 00:00:00', 0),
(797, 'Sunam', 32, 2000, '3', '0000-00-00 00:00:00', '0000-00-00 00:00:00', 0),
(798, 'Talwara', 32, 2000, '3', '0000-00-00 00:00:00', '0000-00-00 00:00:00', 0),
(799, 'Tarn Taran', 32, 2000, '3', '0000-00-00 00:00:00', '0000-00-00 00:00:00', 0),
(800, 'Urmar Tanda', 32, 2000, '3', '0000-00-00 00:00:00', '0000-00-00 00:00:00', 0),
(801, 'Zira', 32, 2000, '3', '0000-00-00 00:00:00', '0000-00-00 00:00:00', 0),
(802, 'Zirakpur', 32, 2000, '3', '0000-00-00 00:00:00', '0000-00-00 00:00:00', 0),
(803, 'Ajmer', 33, 2000, '3', '0000-00-00 00:00:00', '0000-00-00 00:00:00', 0),
(804, 'Alwar', 33, 3000, '3', '2017-05-12 05:49:06', '0000-00-00 00:00:00', 0),
(805, 'Barmer', 33, 2000, '3', '0000-00-00 00:00:00', '0000-00-00 00:00:00', 0),
(806, 'Bharatpur', 33, 2000, '3', '0000-00-00 00:00:00', '0000-00-00 00:00:00', 0),
(807, 'Bhilwara', 33, 2000, '3', '0000-00-00 00:00:00', '0000-00-00 00:00:00', 0),
(808, 'Bikaner', 33, 2000, '3', '0000-00-00 00:00:00', '0000-00-00 00:00:00', 0),
(809, 'Jaipur', 33, 2000, '3', '0000-00-00 00:00:00', '0000-00-00 00:00:00', 0),
(810, 'Jodhpur', 33, 2000, '3', '0000-00-00 00:00:00', '0000-00-00 00:00:00', 0),
(811, 'Lachhmangarh', 33, 2000, '3', '0000-00-00 00:00:00', '0000-00-00 00:00:00', 0),
(812, 'Ladnu', 33, 2000, '3', '0000-00-00 00:00:00', '0000-00-00 00:00:00', 0),
(813, 'Lakheri', 33, 2000, '3', '0000-00-00 00:00:00', '0000-00-00 00:00:00', 0),
(814, 'Lalsot', 33, 2000, '3', '0000-00-00 00:00:00', '0000-00-00 00:00:00', 0),
(815, 'Losal', 33, 2000, '3', '0000-00-00 00:00:00', '0000-00-00 00:00:00', 0),
(816, 'Makrana', 33, 2000, '3', '0000-00-00 00:00:00', '0000-00-00 00:00:00', 0),
(817, 'Malpura', 33, 2000, '3', '0000-00-00 00:00:00', '0000-00-00 00:00:00', 0),
(818, 'Mandalgarh', 33, 2000, '3', '0000-00-00 00:00:00', '0000-00-00 00:00:00', 0),
(819, 'Mandawa', 33, 2000, '3', '0000-00-00 00:00:00', '0000-00-00 00:00:00', 0),
(820, 'Mangrol', 33, 2000, '3', '0000-00-00 00:00:00', '0000-00-00 00:00:00', 0),
(821, 'Merta City', 33, 2000, '3', '0000-00-00 00:00:00', '0000-00-00 00:00:00', 0),
(822, 'Mount Abu', 33, 2000, '3', '0000-00-00 00:00:00', '0000-00-00 00:00:00', 0),
(823, 'Nadbai', 33, 2000, '3', '0000-00-00 00:00:00', '0000-00-00 00:00:00', 0),
(824, 'Nagar', 33, 2000, '3', '0000-00-00 00:00:00', '0000-00-00 00:00:00', 0),
(825, 'Nagaur', 33, 2000, '3', '0000-00-00 00:00:00', '0000-00-00 00:00:00', 0),
(826, 'Nasirabad', 33, 2000, '3', '0000-00-00 00:00:00', '0000-00-00 00:00:00', 0),
(827, 'Nathdwara', 33, 2000, '3', '0000-00-00 00:00:00', '0000-00-00 00:00:00', 0),
(828, 'Neem-Ka-Thana', 33, 2000, '3', '0000-00-00 00:00:00', '0000-00-00 00:00:00', 0),
(829, 'Nimbahera', 33, 2000, '3', '0000-00-00 00:00:00', '0000-00-00 00:00:00', 0),
(830, 'Nohar', 33, 2000, '3', '0000-00-00 00:00:00', '0000-00-00 00:00:00', 0),
(831, 'Nokha', 33, 2000, '3', '0000-00-00 00:00:00', '0000-00-00 00:00:00', 0),
(832, 'Pali', 33, 2000, '3', '0000-00-00 00:00:00', '0000-00-00 00:00:00', 0),
(833, 'Phalodi', 33, 2000, '3', '0000-00-00 00:00:00', '0000-00-00 00:00:00', 0),
(834, 'Phulera', 33, 2000, '3', '0000-00-00 00:00:00', '0000-00-00 00:00:00', 0),
(835, 'Pilani', 33, 2000, '3', '0000-00-00 00:00:00', '0000-00-00 00:00:00', 0),
(836, 'Pilibanga', 33, 2000, '3', '0000-00-00 00:00:00', '0000-00-00 00:00:00', 0),
(837, 'Pindwara', 33, 2000, '3', '0000-00-00 00:00:00', '0000-00-00 00:00:00', 0),
(838, 'Pipar City', 33, 2000, '3', '0000-00-00 00:00:00', '0000-00-00 00:00:00', 0),
(839, 'Prantij', 33, 2000, '3', '0000-00-00 00:00:00', '0000-00-00 00:00:00', 0),
(840, 'Pratapgarh', 33, 2000, '3', '0000-00-00 00:00:00', '0000-00-00 00:00:00', 0),
(841, 'Raisinghnagar', 33, 2000, '3', '0000-00-00 00:00:00', '0000-00-00 00:00:00', 0),
(842, 'Rajakhera', 33, 2000, '3', '0000-00-00 00:00:00', '0000-00-00 00:00:00', 0),
(843, 'Rajaldesar', 33, 2000, '3', '0000-00-00 00:00:00', '0000-00-00 00:00:00', 0),
(844, 'Rajgarh (Alwar)', 33, 2000, '3', '0000-00-00 00:00:00', '0000-00-00 00:00:00', 0),
(845, 'Rajgarh (Churu)', 33, 2000, '3', '0000-00-00 00:00:00', '0000-00-00 00:00:00', 0),
(846, 'Rajsamand', 33, 2000, '3', '0000-00-00 00:00:00', '0000-00-00 00:00:00', 0),
(847, 'Ramganj Mandi', 33, 2000, '3', '0000-00-00 00:00:00', '0000-00-00 00:00:00', 0),
(848, 'Ramngarh', 33, 2000, '3', '0000-00-00 00:00:00', '0000-00-00 00:00:00', 0),
(849, 'Ratangarh', 33, 2000, '3', '0000-00-00 00:00:00', '0000-00-00 00:00:00', 0),
(850, 'Rawatbhata', 33, 2000, '3', '0000-00-00 00:00:00', '0000-00-00 00:00:00', 0),
(851, 'Rawatsar', 33, 2000, '3', '0000-00-00 00:00:00', '0000-00-00 00:00:00', 0),
(852, 'Reengus', 33, 2000, '3', '0000-00-00 00:00:00', '0000-00-00 00:00:00', 0),
(853, 'Sadri', 33, 2000, '3', '0000-00-00 00:00:00', '0000-00-00 00:00:00', 0),
(854, 'Sadulpur', 33, 2000, '3', '0000-00-00 00:00:00', '0000-00-00 00:00:00', 0),
(855, 'Sadulshahar', 33, 2000, '3', '0000-00-00 00:00:00', '0000-00-00 00:00:00', 0),
(856, 'Sagwara', 33, 2000, '3', '0000-00-00 00:00:00', '0000-00-00 00:00:00', 0),
(857, 'Sambhar', 33, 2000, '3', '0000-00-00 00:00:00', '0000-00-00 00:00:00', 0),
(858, 'Sanchore', 33, 2000, '3', '0000-00-00 00:00:00', '0000-00-00 00:00:00', 0),
(859, 'Sangaria', 33, 2000, '3', '0000-00-00 00:00:00', '0000-00-00 00:00:00', 0),
(860, 'Sardarshahar', 33, 2000, '3', '0000-00-00 00:00:00', '0000-00-00 00:00:00', 0),
(861, 'Sawai Madhopur', 33, 2000, '3', '0000-00-00 00:00:00', '0000-00-00 00:00:00', 0),
(862, 'Shahpura', 33, 2000, '3', '0000-00-00 00:00:00', '0000-00-00 00:00:00', 0),
(863, 'Shahpura', 33, 2000, '3', '0000-00-00 00:00:00', '0000-00-00 00:00:00', 0),
(864, 'Sheoganj', 33, 2000, '3', '0000-00-00 00:00:00', '0000-00-00 00:00:00', 0),
(865, 'Sikar', 33, 2000, '3', '0000-00-00 00:00:00', '0000-00-00 00:00:00', 0),
(866, 'Sirohi', 33, 2000, '3', '0000-00-00 00:00:00', '0000-00-00 00:00:00', 0),
(867, 'Sojat', 33, 2000, '3', '0000-00-00 00:00:00', '0000-00-00 00:00:00', 0),
(868, 'Sri Madhopur', 33, 2000, '3', '0000-00-00 00:00:00', '0000-00-00 00:00:00', 0),
(869, 'Sujangarh', 33, 2000, '3', '0000-00-00 00:00:00', '0000-00-00 00:00:00', 0),
(870, 'Sumerpur', 33, 2000, '3', '0000-00-00 00:00:00', '0000-00-00 00:00:00', 0),
(871, 'Suratgarh', 33, 2000, '3', '0000-00-00 00:00:00', '0000-00-00 00:00:00', 0),
(872, 'Takhatgarh', 33, 2000, '3', '0000-00-00 00:00:00', '0000-00-00 00:00:00', 0),
(873, 'Taranagar', 33, 2000, '3', '0000-00-00 00:00:00', '0000-00-00 00:00:00', 0),
(874, 'Todabhim', 33, 2000, '3', '0000-00-00 00:00:00', '0000-00-00 00:00:00', 0),
(875, 'Todaraisingh', 33, 2000, '3', '0000-00-00 00:00:00', '0000-00-00 00:00:00', 0),
(876, 'Tonk', 33, 2000, '3', '0000-00-00 00:00:00', '0000-00-00 00:00:00', 0),
(877, 'Udaipur', 33, 2000, '3', '0000-00-00 00:00:00', '0000-00-00 00:00:00', 0),
(878, 'Udaipurwati', 33, 2000, '3', '0000-00-00 00:00:00', '0000-00-00 00:00:00', 0),
(879, 'Vijainagar, Ajmer', 33, 2000, '3', '0000-00-00 00:00:00', '0000-00-00 00:00:00', 0),
(880, 'Arakkonam', 35, 2000, '3', '0000-00-00 00:00:00', '0000-00-00 00:00:00', 0),
(881, 'Aruppukkottai', 35, 2000, '3', '0000-00-00 00:00:00', '0000-00-00 00:00:00', 0),
(882, 'Chennai', 35, 2000, '3', '0000-00-00 00:00:00', '0000-00-00 00:00:00', 0),
(883, 'Coimbatore', 35, 2000, '3', '0000-00-00 00:00:00', '0000-00-00 00:00:00', 0),
(884, 'Erode', 35, 2000, '3', '0000-00-00 00:00:00', '0000-00-00 00:00:00', 0),
(885, 'Gobichettipalayam', 35, 2000, '3', '0000-00-00 00:00:00', '0000-00-00 00:00:00', 0),
(886, 'Kancheepuram', 35, 2000, '3', '0000-00-00 00:00:00', '0000-00-00 00:00:00', 0),
(887, 'Karur', 35, 2000, '3', '0000-00-00 00:00:00', '0000-00-00 00:00:00', 0),
(888, 'Lalgudi', 35, 2000, '3', '0000-00-00 00:00:00', '0000-00-00 00:00:00', 0),
(889, 'Madurai', 35, 2000, '3', '0000-00-00 00:00:00', '0000-00-00 00:00:00', 0),
(890, 'Manachanallur', 35, 2000, '3', '0000-00-00 00:00:00', '0000-00-00 00:00:00', 0),
(891, 'Nagapattinam', 35, 2000, '3', '0000-00-00 00:00:00', '0000-00-00 00:00:00', 0),
(892, 'Nagercoil', 35, 2000, '3', '0000-00-00 00:00:00', '0000-00-00 00:00:00', 0),
(893, 'Namagiripettai', 35, 2000, '3', '0000-00-00 00:00:00', '0000-00-00 00:00:00', 0),
(894, 'Namakkal', 35, 2000, '3', '0000-00-00 00:00:00', '0000-00-00 00:00:00', 0),
(895, 'Nandivaram-Guduvancheri', 35, 2000, '3', '0000-00-00 00:00:00', '0000-00-00 00:00:00', 0),
(896, 'Nanjikottai', 35, 2000, '3', '0000-00-00 00:00:00', '0000-00-00 00:00:00', 0),
(897, 'Natham', 35, 2000, '3', '0000-00-00 00:00:00', '0000-00-00 00:00:00', 0),
(898, 'Nellikuppam', 35, 2000, '3', '0000-00-00 00:00:00', '0000-00-00 00:00:00', 0),
(899, 'Neyveli (TS)', 35, 2000, '3', '0000-00-00 00:00:00', '0000-00-00 00:00:00', 0),
(900, 'O'' Valley', 35, 2000, '3', '0000-00-00 00:00:00', '0000-00-00 00:00:00', 0),
(901, 'Oddanchatram', 35, 2000, '3', '0000-00-00 00:00:00', '0000-00-00 00:00:00', 0),
(902, 'P.N.Patti', 35, 2000, '3', '0000-00-00 00:00:00', '0000-00-00 00:00:00', 0),
(903, 'Pacode', 35, 2000, '3', '0000-00-00 00:00:00', '0000-00-00 00:00:00', 0),
(904, 'Padmanabhapuram', 35, 2000, '3', '0000-00-00 00:00:00', '0000-00-00 00:00:00', 0),
(905, 'Palani', 35, 2000, '3', '0000-00-00 00:00:00', '0000-00-00 00:00:00', 0),
(906, 'Palladam', 35, 2000, '3', '0000-00-00 00:00:00', '0000-00-00 00:00:00', 0),
(907, 'Pallapatti', 35, 2000, '3', '0000-00-00 00:00:00', '0000-00-00 00:00:00', 0),
(908, 'Pallikonda', 35, 2000, '3', '0000-00-00 00:00:00', '0000-00-00 00:00:00', 0),
(909, 'Panagudi', 35, 2000, '3', '0000-00-00 00:00:00', '0000-00-00 00:00:00', 0),
(910, 'Panruti', 35, 2000, '3', '0000-00-00 00:00:00', '0000-00-00 00:00:00', 0),
(911, 'Paramakudi', 35, 2000, '3', '0000-00-00 00:00:00', '0000-00-00 00:00:00', 0),
(912, 'Parangipettai', 35, 2000, '3', '0000-00-00 00:00:00', '0000-00-00 00:00:00', 0),
(913, 'Pattukkottai', 35, 2000, '3', '0000-00-00 00:00:00', '0000-00-00 00:00:00', 0),
(914, 'Perambalur', 35, 2000, '3', '0000-00-00 00:00:00', '0000-00-00 00:00:00', 0),
(915, 'Peravurani', 35, 2000, '3', '0000-00-00 00:00:00', '0000-00-00 00:00:00', 0),
(916, 'Periyakulam', 35, 2000, '3', '0000-00-00 00:00:00', '0000-00-00 00:00:00', 0),
(917, 'Periyasemur', 35, 2000, '3', '0000-00-00 00:00:00', '0000-00-00 00:00:00', 0),
(918, 'Pernampattu', 35, 2000, '3', '0000-00-00 00:00:00', '0000-00-00 00:00:00', 0),
(919, 'Pollachi', 35, 2000, '3', '0000-00-00 00:00:00', '0000-00-00 00:00:00', 0),
(920, 'Polur', 35, 2000, '3', '0000-00-00 00:00:00', '0000-00-00 00:00:00', 0),
(921, 'Ponneri', 35, 2000, '3', '0000-00-00 00:00:00', '0000-00-00 00:00:00', 0),
(922, 'Pudukkottai', 35, 2000, '3', '0000-00-00 00:00:00', '0000-00-00 00:00:00', 0),
(923, 'Pudupattinam', 35, 2000, '3', '0000-00-00 00:00:00', '0000-00-00 00:00:00', 0),
(924, 'Puliyankudi', 35, 2000, '3', '0000-00-00 00:00:00', '0000-00-00 00:00:00', 0),
(925, 'Punjaipugalur', 35, 2000, '3', '0000-00-00 00:00:00', '0000-00-00 00:00:00', 0),
(926, 'Rajapalayam', 35, 2000, '3', '0000-00-00 00:00:00', '0000-00-00 00:00:00', 0),
(927, 'Ramanathapuram', 35, 2000, '3', '0000-00-00 00:00:00', '0000-00-00 00:00:00', 0),
(928, 'Rameshwaram', 35, 2000, '3', '0000-00-00 00:00:00', '0000-00-00 00:00:00', 0),
(929, 'Ranipet', 35, 2000, '3', '0000-00-00 00:00:00', '0000-00-00 00:00:00', 0),
(930, 'Rasipuram', 35, 2000, '3', '0000-00-00 00:00:00', '0000-00-00 00:00:00', 0),
(931, 'Salem', 35, 2000, '3', '0000-00-00 00:00:00', '0000-00-00 00:00:00', 0),
(932, 'Sankarankovil', 35, 2000, '3', '0000-00-00 00:00:00', '0000-00-00 00:00:00', 0),
(933, 'Sankari', 35, 2000, '3', '0000-00-00 00:00:00', '0000-00-00 00:00:00', 0),
(934, 'Sathyamangalam', 35, 2000, '3', '0000-00-00 00:00:00', '0000-00-00 00:00:00', 0),
(935, 'Sattur', 35, 2000, '3', '0000-00-00 00:00:00', '0000-00-00 00:00:00', 0),
(936, 'Shenkottai', 35, 2000, '3', '0000-00-00 00:00:00', '0000-00-00 00:00:00', 0),
(937, 'Sholavandan', 35, 2000, '3', '0000-00-00 00:00:00', '0000-00-00 00:00:00', 0),
(938, 'Sholingur', 35, 2000, '3', '0000-00-00 00:00:00', '0000-00-00 00:00:00', 0),
(939, 'Sirkali', 35, 2000, '3', '0000-00-00 00:00:00', '0000-00-00 00:00:00', 0),
(940, 'Sivaganga', 35, 2000, '3', '0000-00-00 00:00:00', '0000-00-00 00:00:00', 0),
(941, 'Sivagiri', 35, 2000, '3', '0000-00-00 00:00:00', '0000-00-00 00:00:00', 0),
(942, 'Sivakasi', 35, 2000, '3', '0000-00-00 00:00:00', '0000-00-00 00:00:00', 0),
(943, 'Srivilliputhur', 35, 2000, '3', '0000-00-00 00:00:00', '0000-00-00 00:00:00', 0),
(944, 'Surandai', 35, 2000, '3', '0000-00-00 00:00:00', '0000-00-00 00:00:00', 0),
(945, 'Suriyampalayam', 35, 2000, '3', '0000-00-00 00:00:00', '0000-00-00 00:00:00', 0),
(946, 'Tenkasi', 35, 2000, '3', '0000-00-00 00:00:00', '0000-00-00 00:00:00', 0),
(947, 'Thammampatti', 35, 2000, '3', '0000-00-00 00:00:00', '0000-00-00 00:00:00', 0),
(948, 'Thanjavur', 35, 2000, '3', '0000-00-00 00:00:00', '0000-00-00 00:00:00', 0),
(949, 'Tharamangalam', 35, 2000, '3', '0000-00-00 00:00:00', '0000-00-00 00:00:00', 0),
(950, 'Tharangambadi', 35, 2000, '3', '0000-00-00 00:00:00', '0000-00-00 00:00:00', 0),
(951, 'Theni Allinagaram', 35, 2000, '3', '0000-00-00 00:00:00', '0000-00-00 00:00:00', 0),
(952, 'Thirumangalam', 35, 2000, '3', '0000-00-00 00:00:00', '0000-00-00 00:00:00', 0),
(953, 'Thirupuvanam', 35, 2000, '3', '0000-00-00 00:00:00', '0000-00-00 00:00:00', 0),
(954, 'Thiruthuraipoondi', 35, 2000, '3', '0000-00-00 00:00:00', '0000-00-00 00:00:00', 0),
(955, 'Thiruvallur', 35, 2000, '3', '0000-00-00 00:00:00', '0000-00-00 00:00:00', 0),
(956, 'Thiruvarur', 35, 2000, '3', '0000-00-00 00:00:00', '0000-00-00 00:00:00', 0),
(957, 'Thuraiyur', 35, 2000, '3', '0000-00-00 00:00:00', '0000-00-00 00:00:00', 0),
(958, 'Tindivanam', 35, 2000, '3', '0000-00-00 00:00:00', '0000-00-00 00:00:00', 0),
(959, 'Tiruchendur', 35, 2000, '3', '0000-00-00 00:00:00', '0000-00-00 00:00:00', 0),
(960, 'Tiruchengode', 35, 2000, '3', '0000-00-00 00:00:00', '0000-00-00 00:00:00', 0),
(961, 'Tiruchirappalli', 35, 2000, '3', '0000-00-00 00:00:00', '0000-00-00 00:00:00', 0),
(962, 'Tirukalukundram', 35, 2000, '3', '0000-00-00 00:00:00', '0000-00-00 00:00:00', 0),
(963, 'Tirukkoyilur', 35, 2000, '3', '0000-00-00 00:00:00', '0000-00-00 00:00:00', 0),
(964, 'Tirunelveli', 35, 2000, '3', '0000-00-00 00:00:00', '0000-00-00 00:00:00', 0),
(965, 'Tirupathur', 35, 2000, '3', '0000-00-00 00:00:00', '0000-00-00 00:00:00', 0),
(966, 'Tirupathur', 35, 2000, '3', '0000-00-00 00:00:00', '0000-00-00 00:00:00', 0),
(967, 'Tiruppur', 35, 2000, '3', '0000-00-00 00:00:00', '0000-00-00 00:00:00', 0),
(968, 'Tiruttani', 35, 2000, '3', '0000-00-00 00:00:00', '0000-00-00 00:00:00', 0),
(969, 'Tiruvannamalai', 35, 2000, '3', '0000-00-00 00:00:00', '0000-00-00 00:00:00', 0),
(970, 'Tiruvethipuram', 35, 2000, '3', '0000-00-00 00:00:00', '0000-00-00 00:00:00', 0),
(971, 'Tittakudi', 35, 2000, '3', '0000-00-00 00:00:00', '0000-00-00 00:00:00', 0),
(972, 'Udhagamandalam', 35, 2000, '3', '0000-00-00 00:00:00', '0000-00-00 00:00:00', 0),
(973, 'Udumalaipettai', 35, 2000, '3', '0000-00-00 00:00:00', '0000-00-00 00:00:00', 0),
(974, 'Unnamalaikadai', 35, 2000, '3', '0000-00-00 00:00:00', '0000-00-00 00:00:00', 0),
(975, 'Usilampatti', 35, 2000, '3', '0000-00-00 00:00:00', '0000-00-00 00:00:00', 0),
(976, 'Uthamapalayam', 35, 2000, '3', '0000-00-00 00:00:00', '0000-00-00 00:00:00', 0),
(977, 'Uthiramerur', 35, 2000, '3', '0000-00-00 00:00:00', '0000-00-00 00:00:00', 0),
(978, 'Vadakkuvalliyur', 35, 2000, '3', '0000-00-00 00:00:00', '0000-00-00 00:00:00', 0),
(979, 'Vadalur', 35, 2000, '3', '0000-00-00 00:00:00', '0000-00-00 00:00:00', 0),
(980, 'Vadipatti', 35, 2000, '3', '0000-00-00 00:00:00', '0000-00-00 00:00:00', 0),
(981, 'Valparai', 35, 2000, '3', '0000-00-00 00:00:00', '0000-00-00 00:00:00', 0),
(982, 'Vandavasi', 35, 2000, '3', '0000-00-00 00:00:00', '0000-00-00 00:00:00', 0),
(983, 'Vaniyambadi', 35, 2000, '3', '0000-00-00 00:00:00', '0000-00-00 00:00:00', 0),
(984, 'Vedaranyam', 35, 2000, '3', '0000-00-00 00:00:00', '0000-00-00 00:00:00', 0),
(985, 'Vellakoil', 35, 2000, '3', '0000-00-00 00:00:00', '0000-00-00 00:00:00', 0),
(986, 'Vellore', 35, 2000, '3', '0000-00-00 00:00:00', '0000-00-00 00:00:00', 0),
(987, 'Vikramasingapuram', 35, 2000, '3', '0000-00-00 00:00:00', '0000-00-00 00:00:00', 0),
(988, 'Viluppuram', 35, 2000, '3', '0000-00-00 00:00:00', '0000-00-00 00:00:00', 0),
(989, 'Virudhachalam', 35, 2000, '3', '0000-00-00 00:00:00', '0000-00-00 00:00:00', 0),
(990, 'Virudhunagar', 35, 2000, '3', '0000-00-00 00:00:00', '0000-00-00 00:00:00', 0),
(991, 'Viswanatham', 35, 2000, '3', '0000-00-00 00:00:00', '0000-00-00 00:00:00', 0),
(992, 'Adilabad', 36, 2000, '3', '0000-00-00 00:00:00', '0000-00-00 00:00:00', 0),
(993, 'Bellampalle', 36, 2000, '3', '0000-00-00 00:00:00', '0000-00-00 00:00:00', 0),
(994, 'Bhadrachalam', 36, 2000, '3', '0000-00-00 00:00:00', '0000-00-00 00:00:00', 0),
(995, 'Bhainsa', 36, 2000, '3', '0000-00-00 00:00:00', '0000-00-00 00:00:00', 0),
(996, 'Bhongir', 36, 2000, '3', '0000-00-00 00:00:00', '0000-00-00 00:00:00', 0),
(997, 'Bodhan', 36, 2000, '3', '0000-00-00 00:00:00', '0000-00-00 00:00:00', 0),
(998, 'Farooqnagar', 36, 2000, '3', '0000-00-00 00:00:00', '0000-00-00 00:00:00', 0),
(999, 'Gadwal', 36, 2000, '3', '0000-00-00 00:00:00', '0000-00-00 00:00:00', 0),
(1000, 'Hyderabad', 36, 2000, '3', '0000-00-00 00:00:00', '0000-00-00 00:00:00', 0),
(1001, 'Jagtial', 36, 2000, '3', '0000-00-00 00:00:00', '0000-00-00 00:00:00', 0),
(1002, 'Jangaon', 36, 2000, '3', '0000-00-00 00:00:00', '0000-00-00 00:00:00', 0),
(1003, 'Kagaznagar', 36, 2000, '3', '0000-00-00 00:00:00', '0000-00-00 00:00:00', 0),
(1004, 'Kamareddy', 36, 2000, '3', '0000-00-00 00:00:00', '0000-00-00 00:00:00', 0),
(1005, 'Karimnagar', 36, 2000, '3', '0000-00-00 00:00:00', '0000-00-00 00:00:00', 0),
(1006, 'Khammam', 36, 2000, '3', '0000-00-00 00:00:00', '0000-00-00 00:00:00', 0),
(1007, 'Koratla', 36, 2000, '3', '0000-00-00 00:00:00', '0000-00-00 00:00:00', 0),
(1008, 'Kothagudem', 36, 2000, '3', '0000-00-00 00:00:00', '0000-00-00 00:00:00', 0),
(1009, 'Kyathampalle', 36, 2000, '3', '0000-00-00 00:00:00', '0000-00-00 00:00:00', 0),
(1010, 'Mahbubnagar', 36, 2000, '3', '0000-00-00 00:00:00', '0000-00-00 00:00:00', 0),
(1011, 'Mancherial', 36, 2000, '3', '0000-00-00 00:00:00', '0000-00-00 00:00:00', 0),
(1012, 'Mandamarri', 36, 2000, '3', '0000-00-00 00:00:00', '0000-00-00 00:00:00', 0),
(1013, 'Manuguru', 36, 2000, '3', '0000-00-00 00:00:00', '0000-00-00 00:00:00', 0),
(1014, 'Medak', 36, 2000, '3', '0000-00-00 00:00:00', '0000-00-00 00:00:00', 0),
(1015, 'Miryalaguda', 36, 2000, '3', '0000-00-00 00:00:00', '0000-00-00 00:00:00', 0),
(1016, 'Nagarkurnool', 36, 2000, '3', '0000-00-00 00:00:00', '0000-00-00 00:00:00', 0),
(1017, 'Narayanpet', 36, 2000, '3', '0000-00-00 00:00:00', '0000-00-00 00:00:00', 0),
(1018, 'Nirmal', 36, 2000, '3', '0000-00-00 00:00:00', '0000-00-00 00:00:00', 0),
(1019, 'Nizamabad', 36, 2000, '3', '0000-00-00 00:00:00', '0000-00-00 00:00:00', 0),
(1020, 'Palwancha', 36, 2000, '3', '0000-00-00 00:00:00', '0000-00-00 00:00:00', 0),
(1021, 'Ramagundam', 36, 2000, '3', '0000-00-00 00:00:00', '0000-00-00 00:00:00', 0),
(1022, 'Sadasivpet', 36, 2000, '3', '0000-00-00 00:00:00', '0000-00-00 00:00:00', 0),
(1023, 'Sangareddy', 36, 2000, '3', '0000-00-00 00:00:00', '0000-00-00 00:00:00', 0),
(1024, 'Siddipet', 36, 2000, '3', '0000-00-00 00:00:00', '0000-00-00 00:00:00', 0),
(1025, 'Sircilla', 36, 2000, '3', '0000-00-00 00:00:00', '0000-00-00 00:00:00', 0),
(1026, 'Suryapet', 36, 2000, '3', '0000-00-00 00:00:00', '0000-00-00 00:00:00', 0),
(1027, 'Tandur', 36, 2000, '3', '0000-00-00 00:00:00', '0000-00-00 00:00:00', 0),
(1028, 'Vikarabad', 36, 2000, '3', '0000-00-00 00:00:00', '0000-00-00 00:00:00', 0),
(1029, 'Wanaparthy', 36, 2000, '3', '0000-00-00 00:00:00', '0000-00-00 00:00:00', 0),
(1030, 'Warangal', 36, 2000, '3', '0000-00-00 00:00:00', '0000-00-00 00:00:00', 0),
(1031, 'Yellandu', 36, 2000, '3', '0000-00-00 00:00:00', '0000-00-00 00:00:00', 0),
(1032, 'Agartala', 37, 2000, '3', '0000-00-00 00:00:00', '0000-00-00 00:00:00', 0),
(1033, 'Belonia', 37, 2000, '3', '0000-00-00 00:00:00', '0000-00-00 00:00:00', 0),
(1034, 'Dharmanagar', 37, 2000, '3', '0000-00-00 00:00:00', '0000-00-00 00:00:00', 0),
(1035, 'Kailasahar', 37, 2000, '3', '0000-00-00 00:00:00', '0000-00-00 00:00:00', 0),
(1036, 'Khowai', 37, 2000, '3', '0000-00-00 00:00:00', '0000-00-00 00:00:00', 0),
(1037, 'Pratapgarh', 37, 2000, '3', '0000-00-00 00:00:00', '0000-00-00 00:00:00', 0),
(1038, 'Udaipur', 37, 2000, '3', '0000-00-00 00:00:00', '0000-00-00 00:00:00', 0),
(1039, 'Achhnera', 38, 2000, '3', '0000-00-00 00:00:00', '0000-00-00 00:00:00', 0),
(1040, 'Agra', 38, 2000, '3', '0000-00-00 00:00:00', '0000-00-00 00:00:00', 0),
(1041, 'Aligarh', 38, 2000, '3', '0000-00-00 00:00:00', '0000-00-00 00:00:00', 0),
(1042, 'Allahabad', 38, 2000, '3', '0000-00-00 00:00:00', '0000-00-00 00:00:00', 0),
(1043, 'Amroha', 38, 2000, '3', '0000-00-00 00:00:00', '0000-00-00 00:00:00', 0),
(1044, 'Azamgarh', 38, 2000, '3', '0000-00-00 00:00:00', '0000-00-00 00:00:00', 0),
(1045, 'Bahraich', 38, 2000, '3', '0000-00-00 00:00:00', '0000-00-00 00:00:00', 0),
(1046, 'Chandausi', 38, 2000, '3', '0000-00-00 00:00:00', '0000-00-00 00:00:00', 0),
(1047, 'Etawah', 38, 2000, '3', '0000-00-00 00:00:00', '0000-00-00 00:00:00', 0),
(1048, 'Fatehpur Sikri', 38, 2000, '3', '0000-00-00 00:00:00', '0000-00-00 00:00:00', 0),
(1049, 'Firozabad', 38, 2000, '3', '0000-00-00 00:00:00', '0000-00-00 00:00:00', 0),
(1050, 'Hapur', 38, 2000, '3', '0000-00-00 00:00:00', '0000-00-00 00:00:00', 0),
(1051, 'Hardoi', 38, 2000, '3', '0000-00-00 00:00:00', '0000-00-00 00:00:00', 0),
(1052, 'Jhansi', 38, 2000, '3', '0000-00-00 00:00:00', '0000-00-00 00:00:00', 0),
(1053, 'Kalpi', 38, 2000, '3', '0000-00-00 00:00:00', '0000-00-00 00:00:00', 0),
(1054, 'Kanpur', 38, 2000, '3', '0000-00-00 00:00:00', '0000-00-00 00:00:00', 0),
(1055, 'Khair', 38, 2000, '3', '0000-00-00 00:00:00', '0000-00-00 00:00:00', 0),
(1056, 'Laharpur', 38, 2000, '3', '0000-00-00 00:00:00', '0000-00-00 00:00:00', 0),
(1057, 'Lakhimpur', 38, 2000, '3', '0000-00-00 00:00:00', '0000-00-00 00:00:00', 0),
(1058, 'Lal Gopalganj Nindaura', 38, 2000, '3', '0000-00-00 00:00:00', '0000-00-00 00:00:00', 0),
(1059, 'Lalganj', 38, 2000, '3', '0000-00-00 00:00:00', '0000-00-00 00:00:00', 0),
(1060, 'Lalitpur', 38, 2000, '3', '0000-00-00 00:00:00', '0000-00-00 00:00:00', 0),
(1061, 'Lar', 38, 2000, '3', '0000-00-00 00:00:00', '0000-00-00 00:00:00', 0),
(1062, 'Loni', 38, 2000, '3', '0000-00-00 00:00:00', '0000-00-00 00:00:00', 0),
(1063, 'Lucknow', 38, 2000, '3', '0000-00-00 00:00:00', '0000-00-00 00:00:00', 0),
(1064, 'Mathura', 38, 2000, '3', '0000-00-00 00:00:00', '0000-00-00 00:00:00', 0),
(1065, 'Meerut', 38, 2000, '3', '0000-00-00 00:00:00', '0000-00-00 00:00:00', 0),
(1066, 'Modinagar', 38, 2000, '3', '0000-00-00 00:00:00', '0000-00-00 00:00:00', 0),
(1067, 'Moradabad', 38, 2000, '3', '0000-00-00 00:00:00', '0000-00-00 00:00:00', 0),
(1068, 'Nagina', 38, 2000, '3', '0000-00-00 00:00:00', '0000-00-00 00:00:00', 0),
(1069, 'Najibabad', 38, 2000, '3', '0000-00-00 00:00:00', '0000-00-00 00:00:00', 0),
(1070, 'Nakur', 38, 2000, '3', '0000-00-00 00:00:00', '0000-00-00 00:00:00', 0),
(1071, 'Nanpara', 38, 2000, '3', '0000-00-00 00:00:00', '0000-00-00 00:00:00', 0),
(1072, 'Naraura', 38, 2000, '3', '0000-00-00 00:00:00', '0000-00-00 00:00:00', 0),
(1073, 'Naugawan Sadat', 38, 2000, '3', '0000-00-00 00:00:00', '0000-00-00 00:00:00', 0),
(1074, 'Nautanwa', 38, 2000, '3', '0000-00-00 00:00:00', '0000-00-00 00:00:00', 0),
(1075, 'Nawabganj', 38, 2000, '3', '0000-00-00 00:00:00', '0000-00-00 00:00:00', 0),
(1076, 'Nehtaur', 38, 2000, '3', '0000-00-00 00:00:00', '0000-00-00 00:00:00', 0),
(1077, 'Niwai', 38, 2000, '3', '0000-00-00 00:00:00', '0000-00-00 00:00:00', 0),
(1078, 'Noida', 38, 2000, '3', '0000-00-00 00:00:00', '0000-00-00 00:00:00', 0),
(1079, 'Noorpur', 38, 2000, '3', '0000-00-00 00:00:00', '0000-00-00 00:00:00', 0),
(1080, 'Obra', 38, 2000, '3', '0000-00-00 00:00:00', '0000-00-00 00:00:00', 0),
(1081, 'Orai', 38, 2000, '3', '0000-00-00 00:00:00', '0000-00-00 00:00:00', 0),
(1082, 'Padrauna', 38, 2000, '3', '0000-00-00 00:00:00', '0000-00-00 00:00:00', 0),
(1083, 'Palia Kalan', 38, 2000, '3', '0000-00-00 00:00:00', '0000-00-00 00:00:00', 0),
(1084, 'Parasi', 38, 2000, '3', '0000-00-00 00:00:00', '0000-00-00 00:00:00', 0),
(1085, 'Phulpur', 38, 2000, '3', '0000-00-00 00:00:00', '0000-00-00 00:00:00', 0),
(1086, 'Pihani', 38, 2000, '3', '0000-00-00 00:00:00', '0000-00-00 00:00:00', 0),
(1087, 'Pilibhit', 38, 2000, '3', '0000-00-00 00:00:00', '0000-00-00 00:00:00', 0),
(1088, 'Pilkhuwa', 38, 2000, '3', '0000-00-00 00:00:00', '0000-00-00 00:00:00', 0),
(1089, 'Powayan', 38, 2000, '3', '0000-00-00 00:00:00', '0000-00-00 00:00:00', 0),
(1090, 'Pukhrayan', 38, 2000, '3', '0000-00-00 00:00:00', '0000-00-00 00:00:00', 0),
(1091, 'Puranpur', 38, 2000, '3', '0000-00-00 00:00:00', '0000-00-00 00:00:00', 0),
(1092, 'PurqUrban Agglomerationzi', 38, 2000, '3', '0000-00-00 00:00:00', '0000-00-00 00:00:00', 0),
(1093, 'Purwa', 38, 2000, '3', '0000-00-00 00:00:00', '0000-00-00 00:00:00', 0),
(1094, 'Rae Bareli', 38, 2000, '3', '0000-00-00 00:00:00', '0000-00-00 00:00:00', 0),
(1095, 'Rampur', 38, 2000, '3', '0000-00-00 00:00:00', '0000-00-00 00:00:00', 0),
(1096, 'Rampur Maniharan', 38, 2000, '3', '0000-00-00 00:00:00', '0000-00-00 00:00:00', 0),
(1097, 'Rasra', 38, 2000, '3', '0000-00-00 00:00:00', '0000-00-00 00:00:00', 0),
(1098, 'Rath', 38, 2000, '3', '0000-00-00 00:00:00', '0000-00-00 00:00:00', 0),
(1099, 'Renukoot', 38, 2000, '3', '0000-00-00 00:00:00', '0000-00-00 00:00:00', 0),
(1100, 'Reoti', 38, 2000, '3', '0000-00-00 00:00:00', '0000-00-00 00:00:00', 0),
(1101, 'Robertsganj', 38, 2000, '3', '0000-00-00 00:00:00', '0000-00-00 00:00:00', 0),
(1102, 'Rudauli', 38, 2000, '3', '0000-00-00 00:00:00', '0000-00-00 00:00:00', 0),
(1103, 'Rudrapur', 38, 2000, '3', '0000-00-00 00:00:00', '0000-00-00 00:00:00', 0),
(1104, 'Sadabad', 38, 2000, '3', '0000-00-00 00:00:00', '0000-00-00 00:00:00', 0),
(1105, 'Safipur', 38, 2000, '3', '0000-00-00 00:00:00', '0000-00-00 00:00:00', 0),
(1106, 'Saharanpur', 38, 2000, '3', '0000-00-00 00:00:00', '0000-00-00 00:00:00', 0),
(1107, 'Sahaspur', 38, 2000, '3', '0000-00-00 00:00:00', '0000-00-00 00:00:00', 0),
(1108, 'Sahaswan', 38, 2000, '3', '0000-00-00 00:00:00', '0000-00-00 00:00:00', 0),
(1109, 'Sahawar', 38, 2000, '3', '0000-00-00 00:00:00', '0000-00-00 00:00:00', 0),
(1110, 'Sahjanwa', 38, 2000, '3', '0000-00-00 00:00:00', '0000-00-00 00:00:00', 0),
(1111, 'Saidpur', 38, 2000, '3', '0000-00-00 00:00:00', '0000-00-00 00:00:00', 0),
(1112, 'Sambhal', 38, 2000, '3', '0000-00-00 00:00:00', '0000-00-00 00:00:00', 0),
(1113, 'Samdhan', 38, 2000, '3', '0000-00-00 00:00:00', '0000-00-00 00:00:00', 0),
(1114, 'Samthar', 38, 2000, '3', '0000-00-00 00:00:00', '0000-00-00 00:00:00', 0),
(1115, 'Sandi', 38, 2000, '3', '0000-00-00 00:00:00', '0000-00-00 00:00:00', 0),
(1116, 'Sandila', 38, 2000, '3', '0000-00-00 00:00:00', '0000-00-00 00:00:00', 0),
(1117, 'Sardhana', 38, 2000, '3', '0000-00-00 00:00:00', '0000-00-00 00:00:00', 0),
(1118, 'Seohara', 38, 2000, '3', '0000-00-00 00:00:00', '0000-00-00 00:00:00', 0),
(1119, 'Shahabad, Hardoi', 38, 2000, '3', '0000-00-00 00:00:00', '0000-00-00 00:00:00', 0),
(1120, 'Shahabad, Rampur', 38, 2000, '3', '0000-00-00 00:00:00', '0000-00-00 00:00:00', 0),
(1121, 'Shahganj', 38, 2000, '3', '0000-00-00 00:00:00', '0000-00-00 00:00:00', 0),
(1122, 'Shahjahanpur', 38, 2000, '3', '0000-00-00 00:00:00', '0000-00-00 00:00:00', 0),
(1123, 'Shamli', 38, 2000, '3', '0000-00-00 00:00:00', '0000-00-00 00:00:00', 0),
(1124, 'Shamsabad, Agra', 38, 2000, '3', '0000-00-00 00:00:00', '0000-00-00 00:00:00', 0),
(1125, 'Shamsabad, Farrukhabad', 38, 2000, '3', '0000-00-00 00:00:00', '0000-00-00 00:00:00', 0),
(1126, 'Sherkot', 38, 2000, '3', '0000-00-00 00:00:00', '0000-00-00 00:00:00', 0),
(1127, 'Shikarpur, Bulandshahr', 38, 2000, '3', '0000-00-00 00:00:00', '0000-00-00 00:00:00', 0),
(1128, 'Shikohabad', 38, 2000, '3', '0000-00-00 00:00:00', '0000-00-00 00:00:00', 0),
(1129, 'Shishgarh', 38, 2000, '3', '0000-00-00 00:00:00', '0000-00-00 00:00:00', 0),
(1130, 'Siana', 38, 2000, '3', '0000-00-00 00:00:00', '0000-00-00 00:00:00', 0),
(1131, 'Sikanderpur', 38, 2000, '3', '0000-00-00 00:00:00', '0000-00-00 00:00:00', 0),
(1132, 'Sikandra Rao', 38, 2000, '3', '0000-00-00 00:00:00', '0000-00-00 00:00:00', 0),
(1133, 'Sikandrabad', 38, 2000, '3', '0000-00-00 00:00:00', '0000-00-00 00:00:00', 0),
(1134, 'Sirsaganj', 38, 2000, '3', '0000-00-00 00:00:00', '0000-00-00 00:00:00', 0),
(1135, 'Sirsi', 38, 2000, '3', '0000-00-00 00:00:00', '0000-00-00 00:00:00', 0),
(1136, 'Sitapur', 38, 2000, '3', '0000-00-00 00:00:00', '0000-00-00 00:00:00', 0),
(1137, 'Soron', 38, 2000, '3', '0000-00-00 00:00:00', '0000-00-00 00:00:00', 0),
(1138, 'Sultanpur', 38, 2000, '3', '0000-00-00 00:00:00', '0000-00-00 00:00:00', 0),
(1139, 'Sumerpur', 38, 2000, '3', '0000-00-00 00:00:00', '0000-00-00 00:00:00', 0),
(1140, 'SUrban Agglomerationr', 38, 2000, '3', '0000-00-00 00:00:00', '0000-00-00 00:00:00', 0),
(1141, 'Tanda', 38, 2000, '3', '0000-00-00 00:00:00', '0000-00-00 00:00:00', 0),
(1142, 'Thakurdwara', 38, 2000, '3', '0000-00-00 00:00:00', '0000-00-00 00:00:00', 0),
(1143, 'Thana Bhawan', 38, 2000, '3', '0000-00-00 00:00:00', '0000-00-00 00:00:00', 0),
(1144, 'Tilhar', 38, 2000, '3', '0000-00-00 00:00:00', '0000-00-00 00:00:00', 0),
(1145, 'Tirwaganj', 38, 2000, '3', '0000-00-00 00:00:00', '0000-00-00 00:00:00', 0),
(1146, 'Tulsipur', 38, 2000, '3', '0000-00-00 00:00:00', '0000-00-00 00:00:00', 0),
(1147, 'Tundla', 38, 2000, '3', '0000-00-00 00:00:00', '0000-00-00 00:00:00', 0),
(1148, 'Ujhani', 38, 2000, '3', '0000-00-00 00:00:00', '0000-00-00 00:00:00', 0),
(1149, 'Unnao', 38, 2000, '3', '0000-00-00 00:00:00', '0000-00-00 00:00:00', 0),
(1150, 'Utraula', 38, 2000, '3', '0000-00-00 00:00:00', '0000-00-00 00:00:00', 0),
(1151, 'Varanasi', 38, 2000, '3', '0000-00-00 00:00:00', '0000-00-00 00:00:00', 0),
(1152, 'Vrindavan', 38, 2000, '3', '0000-00-00 00:00:00', '0000-00-00 00:00:00', 0),
(1153, 'Warhapur', 38, 2000, '3', '0000-00-00 00:00:00', '0000-00-00 00:00:00', 0),
(1154, 'Zaidpur', 38, 2000, '3', '0000-00-00 00:00:00', '0000-00-00 00:00:00', 0),
(1155, 'Zamania', 38, 2000, '3', '0000-00-00 00:00:00', '0000-00-00 00:00:00', 0),
(1156, 'Bageshwar', 39, 2000, '3', '0000-00-00 00:00:00', '0000-00-00 00:00:00', 0),
(1157, 'Dehradun', 39, 2000, '3', '0000-00-00 00:00:00', '0000-00-00 00:00:00', 0),
(1158, 'Haldwani-cum-Kathgodam', 39, 2000, '3', '0000-00-00 00:00:00', '0000-00-00 00:00:00', 0),
(1159, 'Hardwar', 39, 2000, '3', '0000-00-00 00:00:00', '0000-00-00 00:00:00', 0),
(1160, 'Kashipur', 39, 2000, '3', '0000-00-00 00:00:00', '0000-00-00 00:00:00', 0),
(1161, 'Manglaur', 39, 2000, '3', '0000-00-00 00:00:00', '0000-00-00 00:00:00', 0),
(1162, 'Mussoorie', 39, 2000, '3', '0000-00-00 00:00:00', '0000-00-00 00:00:00', 0),
(1163, 'Nagla', 39, 2000, '3', '0000-00-00 00:00:00', '0000-00-00 00:00:00', 0),
(1164, 'Nainital', 39, 2000, '3', '0000-00-00 00:00:00', '0000-00-00 00:00:00', 0),
(1165, 'Pauri', 39, 2000, '3', '0000-00-00 00:00:00', '0000-00-00 00:00:00', 0),
(1166, 'Pithoragarh', 39, 2000, '3', '0000-00-00 00:00:00', '0000-00-00 00:00:00', 0),
(1167, 'Ramnagar', 39, 2000, '3', '0000-00-00 00:00:00', '0000-00-00 00:00:00', 0),
(1168, 'Rishikesh', 39, 2000, '3', '0000-00-00 00:00:00', '0000-00-00 00:00:00', 0),
(1169, 'Roorkee', 39, 2000, '3', '0000-00-00 00:00:00', '0000-00-00 00:00:00', 0),
(1170, 'Rudrapur', 39, 2000, '3', '0000-00-00 00:00:00', '0000-00-00 00:00:00', 0),
(1171, 'Sitarganj', 39, 2000, '3', '0000-00-00 00:00:00', '0000-00-00 00:00:00', 0),
(1172, 'Srinagar', 39, 2000, '3', '0000-00-00 00:00:00', '0000-00-00 00:00:00', 0),
(1173, 'Tehri', 39, 2000, '3', '0000-00-00 00:00:00', '0000-00-00 00:00:00', 0),
(1174, 'Adra', 41, 2000, '3', '0000-00-00 00:00:00', '0000-00-00 00:00:00', 0),
(1175, 'AlipurdUrban Agglomerationr', 41, 2000, '3', '0000-00-00 00:00:00', '0000-00-00 00:00:00', 0),
(1176, 'Arambagh', 41, 2000, '3', '0000-00-00 00:00:00', '0000-00-00 00:00:00', 0),
(1177, 'Asansol', 41, 2000, '3', '0000-00-00 00:00:00', '0000-00-00 00:00:00', 0),
(1178, 'Baharampur', 41, 2000, '3', '0000-00-00 00:00:00', '0000-00-00 00:00:00', 0),
(1179, 'Balurghat', 41, 2000, '3', '0000-00-00 00:00:00', '0000-00-00 00:00:00', 0),
(1180, 'Bankura', 41, 2000, '3', '0000-00-00 00:00:00', '0000-00-00 00:00:00', 0),
(1181, 'Darjiling', 41, 2000, '3', '0000-00-00 00:00:00', '0000-00-00 00:00:00', 0),
(1182, 'English Bazar', 41, 2000, '3', '0000-00-00 00:00:00', '0000-00-00 00:00:00', 0),
(1183, 'Gangarampur', 41, 2000, '3', '0000-00-00 00:00:00', '0000-00-00 00:00:00', 0),
(1184, 'Habra', 41, 2000, '3', '0000-00-00 00:00:00', '0000-00-00 00:00:00', 0),
(1185, 'Hugli-Chinsurah', 41, 2000, '3', '0000-00-00 00:00:00', '0000-00-00 00:00:00', 0),
(1186, 'Jalpaiguri', 41, 2000, '3', '0000-00-00 00:00:00', '0000-00-00 00:00:00', 0),
(1187, 'Jhargram', 41, 2000, '3', '0000-00-00 00:00:00', '0000-00-00 00:00:00', 0),
(1188, 'Kalimpong', 41, 2000, '3', '0000-00-00 00:00:00', '0000-00-00 00:00:00', 0),
(1189, 'Kharagpur', 41, 2000, '3', '0000-00-00 00:00:00', '0000-00-00 00:00:00', 0),
(1190, 'Kolkata', 41, 2000, '3', '0000-00-00 00:00:00', '0000-00-00 00:00:00', 0),
(1191, 'Mainaguri', 41, 2000, '3', '0000-00-00 00:00:00', '0000-00-00 00:00:00', 0),
(1192, 'Malda', 41, 2000, '3', '0000-00-00 00:00:00', '0000-00-00 00:00:00', 0),
(1193, 'Mathabhanga', 41, 2000, '3', '0000-00-00 00:00:00', '0000-00-00 00:00:00', 0),
(1194, 'Medinipur', 41, 2000, '3', '0000-00-00 00:00:00', '0000-00-00 00:00:00', 0),
(1195, 'Memari', 41, 2000, '3', '0000-00-00 00:00:00', '0000-00-00 00:00:00', 0),
(1196, 'Monoharpur', 41, 2000, '3', '0000-00-00 00:00:00', '0000-00-00 00:00:00', 0),
(1197, 'Murshidabad', 41, 2000, '3', '0000-00-00 00:00:00', '0000-00-00 00:00:00', 0),
(1198, 'Nabadwip', 41, 2000, '3', '0000-00-00 00:00:00', '0000-00-00 00:00:00', 0),
(1199, 'Naihati', 41, 2000, '3', '0000-00-00 00:00:00', '0000-00-00 00:00:00', 0),
(1200, 'Panchla', 41, 2000, '3', '0000-00-00 00:00:00', '0000-00-00 00:00:00', 0),
(1201, 'PandUrban Agglomeration', 41, 2000, '3', '0000-00-00 00:00:00', '0000-00-00 00:00:00', 0),
(1202, 'Paschim Punropara', 41, 2000, '3', '0000-00-00 00:00:00', '0000-00-00 00:00:00', 0),
(1203, 'Purulia', 41, 2000, '3', '0000-00-00 00:00:00', '0000-00-00 00:00:00', 0),
(1204, 'Raghunathganj', 41, 2000, '3', '0000-00-00 00:00:00', '0000-00-00 00:00:00', 0),
(1205, 'Raghunathpur', 41, 2000, '3', '0000-00-00 00:00:00', '0000-00-00 00:00:00', 0),
(1206, 'Raiganj', 41, 2000, '3', '0000-00-00 00:00:00', '0000-00-00 00:00:00', 0),
(1207, 'Rampurhat', 41, 2000, '3', '0000-00-00 00:00:00', '0000-00-00 00:00:00', 0),
(1208, 'Ranaghat', 41, 2000, '3', '0000-00-00 00:00:00', '0000-00-00 00:00:00', 0),
(1209, 'Sainthia', 41, 2000, '3', '0000-00-00 00:00:00', '0000-00-00 00:00:00', 0),
(1210, 'Santipur', 41, 2000, '3', '0000-00-00 00:00:00', '0000-00-00 00:00:00', 0),
(1211, 'Siliguri', 41, 2000, '3', '0000-00-00 00:00:00', '0000-00-00 00:00:00', 0),
(1212, 'Sonamukhi', 41, 2000, '3', '0000-00-00 00:00:00', '0000-00-00 00:00:00', 0),
(1213, 'Srirampore', 41, 2000, '3', '0000-00-00 00:00:00', '0000-00-00 00:00:00', 0),
(1214, 'Suri', 41, 2000, '3', '0000-00-00 00:00:00', '0000-00-00 00:00:00', 0),
(1215, 'Taki', 41, 2000, '3', '0000-00-00 00:00:00', '0000-00-00 00:00:00', 0),
(1216, 'Tamluk', 41, 2000, '3', '0000-00-00 00:00:00', '0000-00-00 00:00:00', 0),
(1217, 'Tarakeswar', 41, 2000, '3', '0000-00-00 00:00:00', '0000-00-00 00:00:00', 0),
(1218, 'Jaisalmer', 33, 2000, '3', '0000-00-00 00:00:00', '0000-00-00 00:00:00', 0),
(1220, 'Manali', 14, 2000, '3', '0000-00-00 00:00:00', '0000-00-00 00:00:00', 0),
(1222, 'Kasauli', 14, 2000, '3', '0000-00-00 00:00:00', '0000-00-00 00:00:00', 0),
(1224, 'Gandhidham', 12, 2000, '3', '0000-00-00 00:00:00', '0000-00-00 00:00:00', 0),
(1225, 'Leh', 15, 2000, '3', '0000-00-00 00:00:00', '0000-00-00 00:00:00', 0),
(1226, 'Ladakh', 15, 2000, '3', '0000-00-00 00:00:00', '0000-00-00 00:00:00', 0),
(1227, 'Dwarka', 12, 2000, '3', '0000-00-00 00:00:00', '0000-00-00 00:00:00', 0),
(1228, 'Gir', 12, 2000, '3', '0000-00-00 00:00:00', '0000-00-00 00:00:00', 0),
(1229, 'Girnar', 12, 2000, '3', '0000-00-00 00:00:00', '0000-00-00 00:00:00', 0),
(1230, 'Somnath', 12, 2000, '3', '0000-00-00 00:00:00', '0000-00-00 00:00:00', 0),
(1231, 'Junagad', 12, 2000, '3', '0000-00-00 00:00:00', '0000-00-00 00:00:00', 0),
(1232, 'Daman', 9, 2000, '3', '2017-09-25 00:00:00', '0000-00-00 00:00:00', 0),
(1233, 'Port Blair', 1, 2000, '3', '2017-09-25 00:00:00', '0000-00-00 00:00:00', 0),
(1234, 'Kavaratti', 20, 2000, '3', '2017-09-25 00:00:00', '0000-00-00 00:00:00', 0);
INSERT INTO `cities` (`id`, `name`, `state_id`, `price`, `category`, `updated_at`, `created_at`, `is_deleted`) VALUES
(1235, 'Gangtok', 34, 2000, '3', '2017-09-26 00:00:00', '0000-00-00 00:00:00', 0),
(1236, 'Dharamshala', 14, 2000, '3', '2017-09-26 00:00:00', '0000-00-00 00:00:00', 0),
(1237, 'Munnar', 19, 2000, '3', '2017-09-26 00:00:00', '0000-00-00 00:00:00', 0),
(1238, 'Khajuraho', 21, 2000, '3', '2017-09-26 00:00:00', '0000-00-00 00:00:00', 0),
(1239, 'Pushkar', 33, 2000, '3', '2017-09-26 00:00:00', '0000-00-00 00:00:00', 0),
(1240, 'Kumbhalgarh', 33, 2000, '3', '2017-09-26 00:00:00', '0000-00-00 00:00:00', 0),
(1241, 'Ranakpur', 33, 2000, '3', '2017-09-26 00:00:00', '0000-00-00 00:00:00', 0),
(1242, 'Ranthambhore Ntl. Park', 33, 2000, '3', '2017-09-26 00:00:00', '0000-00-00 00:00:00', 0),
(1244, 'Sariska Ntl. Park', 33, 2000, '3', '2017-09-26 00:00:00', '0000-00-00 00:00:00', 0),
(1245, 'Dudhwa Ntl. Park', 33, 2000, '3', '2017-09-26 00:00:00', '0000-00-00 00:00:00', 0),
(1246, 'Neemrana', 33, 2000, '3', '2017-09-26 00:00:00', '0000-00-00 00:00:00', 0),
(1247, 'Alsisar', 33, 2000, '3', '2017-09-26 00:00:00', '0000-00-00 00:00:00', 0),
(1248, 'Dungarpur', 33, 2000, '3', '2017-09-26 00:00:00', '0000-00-00 00:00:00', 0),
(1249, 'Deogarh', 33, 2000, '3', '2017-09-26 00:00:00', '0000-00-00 00:00:00', 0),
(1250, 'Samode', 33, 2000, '3', '2017-09-26 00:00:00', '0000-00-00 00:00:00', 0),
(1251, 'Kanota', 33, 2000, '3', '2017-09-26 00:00:00', '0000-00-00 00:00:00', 0),
(1252, 'Shahpura - Bhilwara', 33, 2000, '3', '2017-09-26 00:00:00', '0000-00-00 00:00:00', 0),
(1253, 'Raipur - Pali', 33, 2000, '3', '2017-09-26 00:00:00', '0000-00-00 00:00:00', 0),
(1254, 'Bandhavgarh', 21, 2000, '3', '2017-09-26 00:00:00', '0000-00-00 00:00:00', 0),
(1255, 'Kanha Ntl. Park', 21, 2000, '3', '2017-09-26 00:00:00', '0000-00-00 00:00:00', 0),
(1256, 'Hampi', 17, 2000, '3', '2017-09-26 00:00:00', '0000-00-00 00:00:00', 0),
(1257, 'Bandipur Ntl. Park', 17, 2000, '3', '2017-09-26 00:00:00', '0000-00-00 00:00:00', 0),
(1258, 'Tadoba Ntl. Park', 22, 2000, '3', '2017-09-26 00:00:00', '0000-00-00 00:00:00', 0),
(1259, 'Sanjay Gandhi Ntl. Park', 22, 2000, '3', '2017-09-26 00:00:00', '0000-00-00 00:00:00', 0),
(1260, 'Nokrek Ntl. Park', 24, 2000, '3', '2017-09-26 00:00:00', '0000-00-00 00:00:00', 0),
(1261, 'Kaziranga Ntl. Park', 4, 2000, '3', '2017-09-26 00:00:00', '0000-00-00 00:00:00', 0),
(1262, 'Jim Corbett Ntl. Park', 39, 2000, '3', '2017-09-26 00:00:00', '0000-00-00 00:00:00', 0),
(1263, 'Rajaji Ntl. Park', 39, 2000, '3', '2017-09-26 00:00:00', '0000-00-00 00:00:00', 0),
(1264, 'Mahabalipuram', 35, 2000, '3', '2017-09-26 00:00:00', '0000-00-00 00:00:00', 0),
(1265, 'Kodaikanal', 35, 2000, '3', '2017-09-26 00:00:00', '0000-00-00 00:00:00', 0),
(1266, 'Kovalam', 19, 2000, '3', '2017-09-26 00:00:00', '0000-00-00 00:00:00', 0),
(1267, 'Tawang', 3, 2000, '3', '2017-10-31 11:01:43', '2017-10-31 11:01:43', 0),
(1268, 'Goa-North', 11, 2000, '3', '2017-11-09 06:37:54', '2017-11-09 06:37:54', 0),
(1269, 'Goa-South', 11, 2000, '3', '2017-11-09 06:38:23', '2017-11-09 06:38:23', 0),
(1270, 'Dindigul', 35, 200, '3', '2018-01-25 08:29:20', '2018-01-25 08:29:20', 0);

-- --------------------------------------------------------

--
-- Table structure for table `contacts`
--

CREATE TABLE IF NOT EXISTS `contacts` (
  `id` int(11) NOT NULL AUTO_INCREMENT,
  `first_name` varchar(200) NOT NULL,
  `last_name` varchar(200) NOT NULL,
  `phone` varchar(20) NOT NULL,
  `email` varchar(200) NOT NULL,
  `subject` varchar(200) NOT NULL,
  `comment` text NOT NULL,
  `created_at` timestamp NOT NULL DEFAULT CURRENT_TIMESTAMP,
  `status` int(11) NOT NULL,
  PRIMARY KEY (`id`),
  KEY `id` (`id`)
) ENGINE=MyISAM DEFAULT CHARSET=latin1 AUTO_INCREMENT=1 ;

-- --------------------------------------------------------

--
-- Table structure for table `countries`
--

CREATE TABLE IF NOT EXISTS `countries` (
  `id` int(11) NOT NULL AUTO_INCREMENT,
  `country_cod` varchar(3) NOT NULL,
  `country_name` varchar(150) NOT NULL,
  `is_deleted` int(11) NOT NULL,
  PRIMARY KEY (`id`),
  KEY `id` (`id`)
) ENGINE=InnoDB  DEFAULT CHARSET=utf8 AUTO_INCREMENT=247 ;

--
-- Dumping data for table `countries`
--

INSERT INTO `countries` (`id`, `country_cod`, `country_name`, `is_deleted`) VALUES
(1, 'AF', 'Afghanistan', 0),
(2, 'AL', 'Albania', 0),
(3, 'DZ', 'Algeria', 0),
(4, 'AS', 'American Samoa', 0),
(5, 'AD', 'Andorra', 0),
(6, 'AO', 'Angola', 0),
(7, 'AI', 'Anguilla', 0),
(8, 'AQ', 'Antarctica', 0),
(9, 'AG', 'Antigua And Barbuda', 0),
(10, 'AR', 'Argentina', 0),
(11, 'AM', 'Armenia', 0),
(12, 'AW', 'Aruba', 0),
(13, 'AU', 'Australia', 0),
(14, 'AT', 'Austria', 0),
(15, 'AZ', 'Azerbaijan', 0),
(16, 'BS', 'Bahamas The', 0),
(17, 'BH', 'Bahrain', 0),
(18, 'BD', 'Bangladesh', 0),
(19, 'BB', 'Barbados', 0),
(20, 'BY', 'Belarus', 0),
(21, 'BE', 'Belgium', 0),
(22, 'BZ', 'Belize', 0),
(23, 'BJ', 'Benin', 0),
(24, 'BM', 'Bermuda', 0),
(25, 'BT', 'Bhutan', 0),
(26, 'BO', 'Bolivia', 0),
(27, 'BA', 'Bosnia and Herzegovina', 0),
(28, 'BW', 'Botswana', 0),
(29, 'BV', 'Bouvet Island', 0),
(30, 'BR', 'Brazil', 0),
(31, 'IO', 'British Indian Ocean Territory', 0),
(32, 'BN', 'Brunei', 0),
(33, 'BG', 'Bulgaria', 0),
(34, 'BF', 'Burkina Faso', 0),
(35, 'BI', 'Burundi', 0),
(36, 'KH', 'Cambodia', 0),
(37, 'CM', 'Cameroon', 0),
(38, 'CA', 'Canada', 0),
(39, 'CV', 'Cape Verde', 0),
(40, 'KY', 'Cayman Islands', 0),
(41, 'CF', 'Central African Republic', 0),
(42, 'TD', 'Chad', 0),
(43, 'CL', 'Chile', 0),
(44, 'CN', 'China', 0),
(45, 'CX', 'Christmas Island', 0),
(46, 'CC', 'Cocos (Keeling) Islands', 0),
(47, 'CO', 'Colombia', 0),
(48, 'KM', 'Comoros', 0),
(49, 'CG', 'Congo', 0),
(50, 'CD', 'Congo The Democratic Republic Of The', 0),
(51, 'CK', 'Cook Islands', 0),
(52, 'CR', 'Costa Rica', 0),
(53, 'CI', 'Cote D''Ivoire (Ivory Coast)', 0),
(54, 'HR', 'Croatia (Hrvatska)', 0),
(55, 'CU', 'Cuba', 0),
(56, 'CY', 'Cyprus', 0),
(57, 'CZ', 'Czech Republic', 0),
(58, 'DK', 'Denmark', 0),
(59, 'DJ', 'Djibouti', 0),
(60, 'DM', 'Dominica', 0),
(61, 'DO', 'Dominican Republic', 0),
(62, 'TP', 'East Timor', 0),
(63, 'EC', 'Ecuador', 0),
(64, 'EG', 'Egypt', 0),
(65, 'SV', 'El Salvador', 0),
(66, 'GQ', 'Equatorial Guinea', 0),
(67, 'ER', 'Eritrea', 0),
(68, 'EE', 'Estonia', 0),
(69, 'ET', 'Ethiopia', 0),
(70, 'XA', 'External Territories of Australia', 0),
(71, 'FK', 'Falkland Islands', 0),
(72, 'FO', 'Faroe Islands', 0),
(73, 'FJ', 'Fiji Islands', 0),
(74, 'FI', 'Finland', 0),
(75, 'FR', 'France', 0),
(76, 'GF', 'French Guiana', 0),
(77, 'PF', 'French Polynesia', 0),
(78, 'TF', 'French Southern Territories', 0),
(79, 'GA', 'Gabon', 0),
(80, 'GM', 'Gambia The', 0),
(81, 'GE', 'Georgia', 0),
(82, 'DE', 'Germany', 0),
(83, 'GH', 'Ghana', 0),
(84, 'GI', 'Gibraltar', 0),
(85, 'GR', 'Greece', 0),
(86, 'GL', 'Greenland', 0),
(87, 'GD', 'Grenada', 0),
(88, 'GP', 'Guadeloupe', 0),
(89, 'GU', 'Guam', 0),
(90, 'GT', 'Guatemala', 0),
(91, 'XU', 'Guernsey and Alderney', 0),
(92, 'GN', 'Guinea', 0),
(93, 'GW', 'Guinea-Bissau', 0),
(94, 'GY', 'Guyana', 0),
(95, 'HT', 'Haiti', 0),
(96, 'HM', 'Heard and McDonald Islands', 0),
(97, 'HN', 'Honduras', 0),
(98, 'HK', 'Hong Kong S.A.R.', 0),
(99, 'HU', 'Hungary', 0),
(100, 'IS', 'Iceland', 0),
(101, 'IN', 'India', 0),
(102, 'ID', 'Indonesia', 0),
(103, 'IR', 'Iran', 0),
(104, 'IQ', 'Iraq', 0),
(105, 'IE', 'Ireland', 0),
(106, 'IL', 'Israel', 0),
(107, 'IT', 'Italy', 0),
(108, 'JM', 'Jamaica', 0),
(109, 'JP', 'Japan', 0),
(110, 'XJ', 'Jersey', 0),
(111, 'JO', 'Jordan', 0),
(112, 'KZ', 'Kazakhstan', 0),
(113, 'KE', 'Kenya', 0),
(114, 'KI', 'Kiribati', 0),
(115, 'KP', 'Korea North', 0),
(116, 'KR', 'Korea South', 0),
(117, 'KW', 'Kuwait', 0),
(118, 'KG', 'Kyrgyzstan', 0),
(119, 'LA', 'Laos', 0),
(120, 'LV', 'Latvia', 0),
(121, 'LB', 'Lebanon', 0),
(122, 'LS', 'Lesotho', 0),
(123, 'LR', 'Liberia', 0),
(124, 'LY', 'Libya', 0),
(125, 'LI', 'Liechtenstein', 0),
(126, 'LT', 'Lithuania', 0),
(127, 'LU', 'Luxembourg', 0),
(128, 'MO', 'Macau S.A.R.', 0),
(129, 'MK', 'Macedonia', 0),
(130, 'MG', 'Madagascar', 0),
(131, 'MW', 'Malawi', 0),
(132, 'MY', 'Malaysia', 0),
(133, 'MV', 'Maldives', 0),
(134, 'ML', 'Mali', 0),
(135, 'MT', 'Malta', 0),
(136, 'XM', 'Man (Isle of)', 0),
(137, 'MH', 'Marshall Islands', 0),
(138, 'MQ', 'Martinique', 0),
(139, 'MR', 'Mauritania', 0),
(140, 'MU', 'Mauritius', 0),
(141, 'YT', 'Mayotte', 0),
(142, 'MX', 'Mexico', 0),
(143, 'FM', 'Micronesia', 0),
(144, 'MD', 'Moldova', 0),
(145, 'MC', 'Monaco', 0),
(146, 'MN', 'Mongolia', 0),
(147, 'MS', 'Montserrat', 0),
(148, 'MA', 'Morocco', 0),
(149, 'MZ', 'Mozambique', 0),
(150, 'MM', 'Myanmar', 0),
(151, 'NA', 'Namibia', 0),
(152, 'NR', 'Nauru', 0),
(153, 'NP', 'Nepal', 0),
(154, 'AN', 'Netherlands Antilles', 0),
(155, 'NL', 'Netherlands The', 0),
(156, 'NC', 'New Caledonia', 0),
(157, 'NZ', 'New Zealand', 0),
(158, 'NI', 'Nicaragua', 0),
(159, 'NE', 'Niger', 0),
(160, 'NG', 'Nigeria', 0),
(161, 'NU', 'Niue', 0),
(162, 'NF', 'Norfolk Island', 0),
(163, 'MP', 'Northern Mariana Islands', 0),
(164, 'NO', 'Norway', 0),
(165, 'OM', 'Oman', 0),
(166, 'PK', 'Pakistan', 0),
(167, 'PW', 'Palau', 0),
(168, 'PS', 'Palestinian Territory Occupied', 0),
(169, 'PA', 'Panama', 0),
(170, 'PG', 'Papua new Guinea', 0),
(171, 'PY', 'Paraguay', 0),
(172, 'PE', 'Peru', 0),
(173, 'PH', 'Philippines', 0),
(174, 'PN', 'Pitcairn Island', 0),
(175, 'PL', 'Poland', 0),
(176, 'PT', 'Portugal', 0),
(177, 'PR', 'Puerto Rico', 0),
(178, 'QA', 'Qatar', 0),
(179, 'RE', 'Reunion', 0),
(180, 'RO', 'Romania', 0),
(181, 'RU', 'Russia', 0),
(182, 'RW', 'Rwanda', 0),
(183, 'SH', 'Saint Helena', 0),
(184, 'KN', 'Saint Kitts And Nevis', 0),
(185, 'LC', 'Saint Lucia', 0),
(186, 'PM', 'Saint Pierre and Miquelon', 0),
(187, 'VC', 'Saint Vincent And The Grenadines', 0),
(188, 'WS', 'Samoa', 0),
(189, 'SM', 'San Marino', 0),
(190, 'ST', 'Sao Tome and Principe', 0),
(191, 'SA', 'Saudi Arabia', 0),
(192, 'SN', 'Senegal', 0),
(193, 'RS', 'Serbia', 0),
(194, 'SC', 'Seychelles', 0),
(195, 'SL', 'Sierra Leone', 0),
(196, 'SG', 'Singapore', 0),
(197, 'SK', 'Slovakia', 0),
(198, 'SI', 'Slovenia', 0),
(199, 'XG', 'Smaller Territories of the UK', 0),
(200, 'SB', 'Solomon Islands', 0),
(201, 'SO', 'Somalia', 0),
(202, 'ZA', 'South Africa', 0),
(203, 'GS', 'South Georgia', 0),
(204, 'SS', 'South Sudan', 0),
(205, 'ES', 'Spain', 0),
(206, 'LK', 'Sri Lanka', 0),
(207, 'SD', 'Sudan', 0),
(208, 'SR', 'Suriname', 0),
(209, 'SJ', 'Svalbard And Jan Mayen Islands', 0),
(210, 'SZ', 'Swaziland', 0),
(211, 'SE', 'Sweden', 0),
(212, 'CH', 'Switzerland', 0),
(213, 'SY', 'Syria', 0),
(214, 'TW', 'Taiwan', 0),
(215, 'TJ', 'Tajikistan', 0),
(216, 'TZ', 'Tanzania', 0),
(217, 'TH', 'Thailand', 0),
(218, 'TG', 'Togo', 0),
(219, 'TK', 'Tokelau', 0),
(220, 'TO', 'Tonga', 0),
(221, 'TT', 'Trinidad And Tobago', 0),
(222, 'TN', 'Tunisia', 0),
(223, 'TR', 'Turkey', 0),
(224, 'TM', 'Turkmenistan', 0),
(225, 'TC', 'Turks And Caicos Islands', 0),
(226, 'TV', 'Tuvalu', 0),
(227, 'UG', 'Uganda', 0),
(228, 'UA', 'Ukraine', 0),
(229, 'AE', 'United Arab Emirates', 0),
(230, 'GB', 'United Kingdom', 0),
(231, 'US', 'United States', 0),
(232, 'UM', 'United States Minor Outlying Islands', 0),
(233, 'UY', 'Uruguay', 0),
(234, 'UZ', 'Uzbekistan', 0),
(235, 'VU', 'Vanuatu', 0),
(236, 'VA', 'Vatican City State (Holy See)', 0),
(237, 'VE', 'Venezuela', 0),
(238, 'VN', 'Vietnam', 0),
(239, 'VG', 'Virgin Islands (British)', 0),
(240, 'VI', 'Virgin Islands (US)', 0),
(241, 'WF', 'Wallis And Futuna Islands', 0),
(242, 'EH', 'Western Sahara', 0),
(243, 'YE', 'Yemen', 0),
(244, 'YU', 'Yugoslavia', 0),
(245, 'ZM', 'Zambia', 0),
(246, 'ZW', 'Zimbabwe', 0);

-- --------------------------------------------------------

--
-- Table structure for table `credits`
--

CREATE TABLE IF NOT EXISTS `credits` (
  `id` int(11) NOT NULL AUTO_INCREMENT,
  `user_id` int(11) NOT NULL,
  `credit` varchar(200) NOT NULL,
  `created_at` int(11) NOT NULL,
  PRIMARY KEY (`id`),
  KEY `id` (`id`)
) ENGINE=MyISAM  DEFAULT CHARSET=latin1 AUTO_INCREMENT=14 ;

--
-- Dumping data for table `credits`
--

INSERT INTO `credits` (`id`, `user_id`, `credit`, `created_at`) VALUES
(7, 0, '60', 0),
(8, 0, '60', 0),
(9, 0, '60', 0),
(10, 0, '60', 0),
(11, 0, '60', 0),
(12, 0, '60', 0),
(13, 0, '60', 0);

-- --------------------------------------------------------

--
-- Table structure for table `currencies`
--

CREATE TABLE IF NOT EXISTS `currencies` (
  `id` int(11) NOT NULL AUTO_INCREMENT,
  `name` varchar(100) NOT NULL,
  `is_deleted` int(11) NOT NULL,
  PRIMARY KEY (`id`)
) ENGINE=InnoDB  DEFAULT CHARSET=latin1 AUTO_INCREMENT=2 ;

--
-- Dumping data for table `currencies`
--

INSERT INTO `currencies` (`id`, `name`, `is_deleted`) VALUES
(1, 'INR', 0);

-- --------------------------------------------------------

--
-- Table structure for table `event_planner_promotions`
--

CREATE TABLE IF NOT EXISTS `event_planner_promotions` (
  `id` int(11) NOT NULL AUTO_INCREMENT,
  `country_id` int(11) NOT NULL,
  `event_detail` text NOT NULL,
  `image` varchar(255) NOT NULL,
  `document` varchar(255) NOT NULL,
  `price_master_id` int(11) NOT NULL,
  `price` decimal(15,2) NOT NULL,
  `visible_date` date NOT NULL,
  `like_count` int(11) NOT NULL,
  `user_id` int(11) NOT NULL,
  `created_on` timestamp NOT NULL DEFAULT CURRENT_TIMESTAMP,
  `edited_by` int(11) NOT NULL,
  `edited_on` timestamp NOT NULL DEFAULT CURRENT_TIMESTAMP ON UPDATE CURRENT_TIMESTAMP,
  `is_deleted` tinyint(4) NOT NULL DEFAULT '0',
  PRIMARY KEY (`id`)
) ENGINE=InnoDB  DEFAULT CHARSET=latin1 AUTO_INCREMENT=13 ;

--
-- Dumping data for table `event_planner_promotions`
--

INSERT INTO `event_planner_promotions` (`id`, `country_id`, `event_detail`, `image`, `document`, `price_master_id`, `price`, `visible_date`, `like_count`, `user_id`, `created_on`, `edited_by`, `edited_on`, `is_deleted`) VALUES
(2, 1, 'Of sun, sand and mouth-watering Thai cuisine, Pattaya is a must-visit if Thailand''s on your bucket list. On this day, you will take a flight from your departure city, arrive in Bangkok and get a transfer to your hotel in Pattaya. Once you have checked-in, spend the day at leisure. Later, return to your hotel for a comfortable stay.\n\n\nSuggested: Once you have relaxed after your journey, you can head out to one of the finest and cleanest beaches in Pattaya - Wong Amat Beach. A peaceful beach to sun bathe, swim and relax. The beach isn''t crowded and you can hire chairs or try a variety of cuisines and drinks at the nearby restaurants and bars. Alternatively, you can visit the Walking Street and experience Pattaya''s famous nightlife! (Please note, that these are only suggested activities and are not included in the package.)', 'images/eventPlannerPromotion/3/Event_1039207889/image/3.png', '', 3, '1000.00', '2018-06-01', 0, 3, '2018-02-22 03:02:14', 0, '2018-02-28 10:39:30', 1),
(7, 1, '"test"', 'images/eventPlannerPromotion/1/Event_1411118136/image/1.jpg', '', 1, '0.00', '1970-01-01', 0, 1, '2018-02-22 03:21:44', 0, '2018-02-22 05:59:48', 1),
(8, 1, '"test"', 'images/eventPlannerPromotion/1/Event_370543502/image/1.jpg', '', 1, '0.00', '1970-01-01', 0, 1, '2018-02-22 03:31:03', 0, '2018-02-22 03:31:03', 0),
(9, 1, '"test"', 'images/eventPlannerPromotion/1/Event_1825334177/image/1.jpg', '', 1, '0.00', '1970-01-01', 0, 1, '2018-02-22 03:39:12', 0, '2018-02-22 03:39:12', 0),
(10, 1, 'Of sun, sand and mouth-watering Thai cuisine, Pattaya is a must-visit if Thailand''s on your bucket list. On this day, you will take a flight from your departure city, arrive in Bangkok and get a transfer to your hotel in Pattaya. Once you have checked-in, spend the day at leisure. Later, return to your hotel for a comfortable stay.\r\n\r\n\r\nSuggested: Once you have relaxed after your journey, you can head out to one of the finest and cleanest beaches in Pattaya - Wong Amat Beach. A peaceful beach to sun bathe, swim and relax. The beach isn''t crowded and you can hire chairs or try a variety of cuisines and drinks at the nearby restaurants and bars. Alternatively, you can visit the Walking Street and experience Pattaya''s famous nightlife! (Please note, that these are only suggested activities and are not included in the package.)', '', '', 1, '0.00', '2018-03-01', 0, 3, '2018-02-28 13:23:39', 0, '2018-02-28 13:23:39', 0),
(11, 1, 'Of sun, sand and mouth-watering Thai cuisine, Pattaya is a must-visit if Thailand''s on your bucket list. On this day, you will take a flight from your departure city, arrive in Bangkok and get a transfer to your hotel in Pattaya. Once you have checked-in, spend the day at leisure. Later, return to your hotel for a comfortable stay.\r\n\r\n\r\nSuggested: Once you have relaxed after your journey, you can head out to one of the finest and cleanest beaches in Pattaya - Wong Amat Beach. A peaceful beach to sun bathe, swim and relax. The beach isn''t crowded and you can hire chairs or try a variety of cuisines and drinks at the nearby restaurants and bars. Alternatively, you can visit the Walking Street and experience Pattaya''s famous nightlife! (Please note, that these are only suggested activities and are not included in the package.)', 'images/eventPlannerPromotion/8/Event_76773146/image/8.jpg', '', 1, '0.00', '2018-03-01', 0, 8, '2018-02-28 13:24:11', 0, '2018-02-28 13:24:11', 0),
(12, 1, 'Of sun, sand and mouth-watering Thai cuisine, Pattaya is a must-visit if Thailand''s on your bucket list. On this day, you will take a flight from your departure city, arrive in Bangkok and get a transfer to your hotel in Pattaya. Once you have checked-in, spend the day at leisure. Later, return to your hotel for a comfortable stay.\r\n\r\n\r\nSuggested: Once you have relaxed after your journey, you can head out to one of the finest and cleanest beaches in Pattaya - Wong Amat Beach. A peaceful beach to sun bathe, swim and relax. The beach isn''t crowded and you can hire chairs or try a variety of cuisines and drinks at the nearby restaurants and bars. Alternatively, you can visit the Walking Street and experience Pattaya''s famous nightlife! (Please note, that these are only suggested activities and are not included in the package.)', 'images/eventPlannerPromotion/3/Event_388159124/image/3.png', '', 6, '500.00', '2018-04-12', 0, 3, '2018-03-03 09:28:21', 0, '2018-03-03 09:31:59', 0);

-- --------------------------------------------------------

--
-- Table structure for table `event_planner_promotion_cities`
--

CREATE TABLE IF NOT EXISTS `event_planner_promotion_cities` (
  `id` int(11) NOT NULL AUTO_INCREMENT,
  `event_planner_promotion_id` int(11) NOT NULL,
  `city_id` int(11) NOT NULL,
  PRIMARY KEY (`id`)
) ENGINE=InnoDB  DEFAULT CHARSET=latin1 AUTO_INCREMENT=14 ;

--
-- Dumping data for table `event_planner_promotion_cities`
--

INSERT INTO `event_planner_promotion_cities` (`id`, `event_planner_promotion_id`, `city_id`) VALUES
(1, 2, 3),
(2, 2, 5),
(5, 7, 3),
(6, 8, 3),
(7, 9, 3),
(8, 10, 3),
(9, 10, 5),
(10, 11, 3),
(11, 11, 5),
(12, 12, 3),
(13, 12, 5);

-- --------------------------------------------------------

--
-- Table structure for table `event_planner_promotion_likes`
--

CREATE TABLE IF NOT EXISTS `event_planner_promotion_likes` (
  `id` int(11) NOT NULL AUTO_INCREMENT,
  `event_planner_promotion_id` int(11) NOT NULL,
  `user_id` int(11) NOT NULL,
  PRIMARY KEY (`id`)
) ENGINE=MyISAM DEFAULT CHARSET=latin1 AUTO_INCREMENT=1 ;

-- --------------------------------------------------------

--
-- Table structure for table `event_planner_promotion_price_before_renews`
--

CREATE TABLE IF NOT EXISTS `event_planner_promotion_price_before_renews` (
  `id` int(11) NOT NULL AUTO_INCREMENT,
  `event_planner_promotion_id` int(11) NOT NULL,
  `price_master_id` int(11) NOT NULL,
  `price` decimal(15,2) NOT NULL,
  `visible_date` date NOT NULL,
  `created_on` timestamp NOT NULL DEFAULT CURRENT_TIMESTAMP,
  PRIMARY KEY (`id`)
) ENGINE=InnoDB  DEFAULT CHARSET=latin1 AUTO_INCREMENT=6 ;

--
-- Dumping data for table `event_planner_promotion_price_before_renews`
--

INSERT INTO `event_planner_promotion_price_before_renews` (`id`, `event_planner_promotion_id`, `price_master_id`, `price`, `visible_date`, `created_on`) VALUES
(1, 2, 1, '0.00', '2018-03-01', '2018-02-22 10:12:15'),
(2, 2, 3, '1000.00', '2018-06-01', '2018-02-24 10:40:02'),
(3, 2, 3, '1000.00', '2018-06-01', '2018-02-24 11:09:24'),
(4, 12, 1, '0.00', '2018-03-01', '2018-03-03 09:31:11'),
(5, 12, 5, '1000.00', '2018-03-29', '2018-03-03 09:31:59');

-- --------------------------------------------------------

--
-- Table structure for table `event_planner_promotion_states`
--

CREATE TABLE IF NOT EXISTS `event_planner_promotion_states` (
  `id` int(11) NOT NULL AUTO_INCREMENT,
  `event_planner_promotion_id` int(11) NOT NULL,
  `state_id` int(11) NOT NULL,
  PRIMARY KEY (`id`)
) ENGINE=InnoDB  DEFAULT CHARSET=latin1 AUTO_INCREMENT=12 ;

--
-- Dumping data for table `event_planner_promotion_states`
--

INSERT INTO `event_planner_promotion_states` (`id`, `event_planner_promotion_id`, `state_id`) VALUES
(1, 2, 1),
(2, 2, 3),
(3, 7, 1),
(4, 8, 1),
(5, 9, 1),
(6, 10, 1),
(7, 10, 3),
(8, 11, 1),
(9, 11, 3),
(10, 12, 1),
(11, 12, 3);

-- --------------------------------------------------------

--
-- Table structure for table `event_planner_promotion_views`
--

CREATE TABLE IF NOT EXISTS `event_planner_promotion_views` (
  `id` int(11) NOT NULL AUTO_INCREMENT,
  `event_planner_promotion_id` int(11) NOT NULL,
  `user_id` int(11) NOT NULL,
  PRIMARY KEY (`id`)
) ENGINE=MyISAM  DEFAULT CHARSET=latin1 AUTO_INCREMENT=5 ;

--
-- Dumping data for table `event_planner_promotion_views`
--

INSERT INTO `event_planner_promotion_views` (`id`, `event_planner_promotion_id`, `user_id`) VALUES
(1, 2, 3),
(2, 2, 1),
(3, 10, 1),
(4, 12, 3);

-- --------------------------------------------------------

--
-- Table structure for table `hotels`
--

CREATE TABLE IF NOT EXISTS `hotels` (
  `id` int(11) NOT NULL AUTO_INCREMENT,
  `user_id` int(11) NOT NULL,
  `req_id` int(11) NOT NULL,
  `room1` varchar(50) NOT NULL,
  `room2` varchar(50) NOT NULL,
  `room3` varchar(50) NOT NULL,
  `child_with_bed` varchar(50) NOT NULL,
  `child_without_bed` varchar(50) NOT NULL,
  `hotel_rating` int(5) DEFAULT NULL,
  `hotel_category` varchar(50) NOT NULL,
  `meal_plan` varchar(100) NOT NULL,
  `city_id` int(11) NOT NULL,
  `state_id` int(10) DEFAULT NULL,
  `country_id` int(10) DEFAULT NULL,
  `locality` varchar(100) DEFAULT NULL,
  `check_in` date NOT NULL,
  `check_out` date NOT NULL,
  `created` datetime DEFAULT NULL,
  `status` int(11) NOT NULL,
  PRIMARY KEY (`id`),
  KEY `id` (`id`)
) ENGINE=MyISAM  DEFAULT CHARSET=latin1 AUTO_INCREMENT=5 ;

--
-- Dumping data for table `hotels`
--

INSERT INTO `hotels` (`id`, `user_id`, `req_id`, `room1`, `room2`, `room3`, `child_with_bed`, `child_without_bed`, `hotel_rating`, `hotel_category`, `meal_plan`, `city_id`, `state_id`, `country_id`, `locality`, `check_in`, `check_out`, `created`, `status`) VALUES
(1, 8, 2, '7', '', '', '', '', 2, ',5,6', '', 877, 33, 101, 'js', '2018-03-03', '2018-03-06', '2018-03-03 11:15:40', 0),
(2, 8, 3, '4', '54', '4', '94', '646', 3, ',6,7,8', '3', 877, 33, 101, 'sv', '2018-03-03', '2018-03-13', '2018-03-03 15:20:46', 0),
(3, 8, 4, '49', '7', '', '', '', 2, ',5,6', '', 877, 33, 101, 'he', '2018-03-03', '2018-03-12', '2018-03-03 15:28:15', 0),
(4, 8, 4, '78', '', '', '', '', 2, ',6,7', '0', 877, 33, 101, 'av', '2018-03-06', '2018-03-13', '2018-03-03 15:28:15', 0);

-- --------------------------------------------------------

--
-- Table structure for table `links`
--

CREATE TABLE IF NOT EXISTS `links` (
  `id` int(10) unsigned NOT NULL AUTO_INCREMENT,
  `display` varchar(255) COLLATE utf8_unicode_ci NOT NULL,
  `url` varchar(255) COLLATE utf8_unicode_ci NOT NULL,
  `created_at` timestamp NULL DEFAULT NULL,
  `updated_at` timestamp NULL DEFAULT NULL,
  `main` tinyint(1) DEFAULT NULL,
  PRIMARY KEY (`id`),
  KEY `id` (`id`)
) ENGINE=InnoDB  DEFAULT CHARSET=utf8 COLLATE=utf8_unicode_ci AUTO_INCREMENT=20 ;

--
-- Dumping data for table `links`
--

INSERT INTO `links` (`id`, `display`, `url`, `created_at`, `updated_at`, `main`) VALUES
(1, 'Links', 'Link', '2016-07-06 20:37:06', '2016-07-07 01:01:53', 1),
(2, 'Roles', 'Role', NULL, '2016-07-07 01:29:33', 1),
(3, 'Permissions', 'Permission', NULL, NULL, 1),
(4, 'Admin', 'Admin', NULL, '2016-07-07 01:13:00', 1),
(8, 'Users', 'users', '2017-04-30 13:00:00', NULL, NULL),
(9, 'Membership', 'membership', '2017-05-01 13:00:00', '2017-05-01 13:00:00', NULL),
(10, 'Pages', 'pages', '2017-05-02 13:00:00', '2017-05-02 13:00:00', NULL),
(11, 'Slider', 'slider', '2017-05-02 13:00:00', '2017-05-02 13:00:00', NULL),
(12, 'City', 'cities', NULL, NULL, NULL),
(13, 'States', 'states', '2017-05-04 13:00:00', '2017-05-04 13:00:00', NULL),
(14, 'Country', 'countries', '2017-05-04 13:00:00', '2017-05-04 13:00:00', NULL),
(15, 'Promotion', 'promotion', NULL, NULL, NULL),
(16, 'Setting', 'setting', NULL, NULL, NULL),
(17, 'Testimonial', 'testimonial', '2017-05-28 13:00:00', '2017-05-28 13:00:00', NULL),
(18, 'Request', 'requests', '2017-09-29 10:54:41', '2017-09-29 10:54:41', NULL),
(19, 'Responses', 'responses', '2017-09-29 10:54:41', '2017-09-29 10:54:41', NULL);

-- --------------------------------------------------------

--
-- Table structure for table `membership`
--

CREATE TABLE IF NOT EXISTS `membership` (
  `id` int(11) NOT NULL AUTO_INCREMENT,
  `membership_name` text NOT NULL,
  `description` text NOT NULL,
  `price` varchar(255) NOT NULL,
  `duration` text NOT NULL,
  `status` text NOT NULL,
  `created_at` datetime NOT NULL,
  `updated_at` datetime NOT NULL,
  PRIMARY KEY (`id`),
  KEY `id` (`id`)
) ENGINE=InnoDB  DEFAULT CHARSET=latin1 AUTO_INCREMENT=4 ;

--
-- Dumping data for table `membership`
--

INSERT INTO `membership` (`id`, `membership_name`, `description`, `price`, `duration`, `status`, `created_at`, `updated_at`) VALUES
(1, 'Travel Agent', '<ul>\n<li>You can Place Requests or Respond to Requests for Travel Packages, Hotel Rooms, or Transportation</li>\n<li>You will be able to communicate directly with other Travel Agents, Hoteliers, and Event Planners during negotiations</li>\n<li>There will be NO DEDUCTION from the 100 Requests until another User Responds to a Request</li>\n<li>There is NO LIMIT on the number of times a Travel Agent can Respond to Requests from other users</li>\n<li>You may renew your membership if the quota of 100 Requests is used</li>\n</ul>', '500 per 100 Requests', ' 1 Year', '1', '2017-05-02 12:50:23', '2017-08-21 10:43:52'),
(2, 'Event Planner', '<ul>\n<li>You can Place Requests for Travel Packages, Hotel Rooms, or Transportation</li>\n<li>You will be able to communicate directly with Travel Agents, and Hoteliers during negotiations</li>\n<li>There will be NO DEDUCTION from the 100 Requests until another User Responds to a Request</li>\n<li>You may renew your membership if the quota of 100 Requests is used</li>\n</ul>', '500 per 100 Requests', '1 year', '1', '2017-05-05 07:20:19', '2017-08-21 10:43:29'),
(3, 'Hotelier', '<ul>\r\n<li>You can Respond to Requests for Hotel Rooms</li>\r\n<li>You will be able to communicate directly with Travel Agents, and Event Planners during negotiations</li>\r\n<li>There is NO CHARGE OR LIMIT on the number of times a Hotelier can Respond to Requests from other users</li>\r\n</ul>', '500 per year', '1 year', '1', '2017-05-05 07:20:53', '2017-09-04 06:57:02');

-- --------------------------------------------------------

--
-- Table structure for table `migrations`
--

CREATE TABLE IF NOT EXISTS `migrations` (
  `migration` varchar(255) COLLATE utf8_unicode_ci NOT NULL,
  `batch` int(11) NOT NULL
) ENGINE=InnoDB DEFAULT CHARSET=utf8 COLLATE=utf8_unicode_ci;

--
-- Dumping data for table `migrations`
--

INSERT INTO `migrations` (`migration`, `batch`) VALUES
('2014_11_16_205658_create_admins_table', 1),
('2014_12_02_152920_create_password_reminders_table', 1),
('2015_02_20_130902_create_url_table', 1),
('2015_03_15_123956_edit_url_table', 1),
('2016_02_10_181651_create_roles_tables', 1),
('2014_11_16_205658_create_admins_table', 1),
('2014_12_02_152920_create_password_reminders_table', 1),
('2015_02_20_130902_create_url_table', 1),
('2015_03_15_123956_edit_url_table', 1),
('2016_02_10_181651_create_roles_tables', 1);

-- --------------------------------------------------------

--
-- Table structure for table `modules`
--

CREATE TABLE IF NOT EXISTS `modules` (
  `id` int(30) NOT NULL AUTO_INCREMENT,
  `name` varchar(30) NOT NULL,
  `main_menu` varchar(30) NOT NULL,
  `main_menu_icon` varchar(20) NOT NULL,
  `sub_menu` varchar(20) NOT NULL,
  `sub_menu_icon` varchar(20) NOT NULL,
  `controller` varchar(40) NOT NULL,
  `page_name_url` varchar(50) NOT NULL,
  `icon_class_name` varchar(20) NOT NULL,
  `query_string` varchar(30) NOT NULL,
  `target` varchar(20) NOT NULL,
  `tooltips` text NOT NULL,
  `preferance` int(30) NOT NULL,
  PRIMARY KEY (`id`)
) ENGINE=InnoDB  DEFAULT CHARSET=utf8 AUTO_INCREMENT=13 ;

--
-- Dumping data for table `modules`
--

INSERT INTO `modules` (`id`, `name`, `main_menu`, `main_menu_icon`, `sub_menu`, `sub_menu_icon`, `controller`, `page_name_url`, `icon_class_name`, `query_string`, `target`, `tooltips`, `preferance`) VALUES
(1, 'Dashboard', '', '', '', '', 'Admins', 'add', 'fa fa-dashboard', '', '', '', 0),
(2, 'City', 'Masters', 'fa fa-suitcase', '', '', 'Cities', 'Add', 'fa fa-edit', '', '', '', 0),
(3, 'State', 'Masters', 'fa fa-suitcase', '', '', 'States', 'Add', 'fa fa-edit', '', '', '', 0),
(4, 'Country', 'Masters', 'fa fa-suitcase', '', '', 'Countries', 'Add', 'fa fa-edit', '', '', '', 0),
(5, 'Role', 'Masters', 'fa fa-suitcase', '', '', 'Roles', 'Add', 'fa fa-edit', '', '', '', 0),
(6, 'Promotions', 'Reports', 'fa fa-book', '', '', 'Promotion', 'report', 'fa fa-edit', '', '', '', 0),
(7, 'Testimonials', 'Reports', 'fa fa-book', '', '', 'Testimonial', 'report', 'fa fa-edit', '', '', '', 0),
(8, 'Requests', 'Reports', 'fa fa-book', '', '', 'Requests', 'report', 'fa fa-edit', '', '', '', 0),
(9, 'Responses', 'Reports', 'fa fa-book', '', '', 'Responses', 'report', 'fa fa-edit', '', '', '', 0),
(10, 'add', 'Membership', 'fa fa-suitcase', '', '', 'Membership', 'Add', 'fa fa-edit', '', '', '', 0),
(11, 'View & Edit', 'Membership', 'fa fa-suitcase', '', '', 'Membership', 'report', 'fa fa-edit', '', '', '', 0),
(12, 'Users', 'Reports', 'fa fa-book', '', '', 'Users', 'report', 'fa fa-edit', '', '', '', 0);

-- --------------------------------------------------------

--
-- Table structure for table `news_latters`
--

CREATE TABLE IF NOT EXISTS `news_latters` (
  `id` int(10) NOT NULL AUTO_INCREMENT,
  `email` varchar(100) DEFAULT NULL,
  `created` datetime DEFAULT NULL,
  PRIMARY KEY (`id`),
  KEY `id` (`id`)
) ENGINE=MyISAM  DEFAULT CHARSET=latin1 AUTO_INCREMENT=4 ;

--
-- Dumping data for table `news_latters`
--

INSERT INTO `news_latters` (`id`, `email`, `created`) VALUES
(1, 'varshneymohit1@gmail.com', NULL),
(2, 'vasant.bcamca@gmail.com', '2017-03-18 05:50:22'),
(3, 'sdsd', '2017-04-18 11:41:49');

-- --------------------------------------------------------

--
-- Table structure for table `pages`
--

CREATE TABLE IF NOT EXISTS `pages` (
  `id` int(11) NOT NULL AUTO_INCREMENT,
  `category_id` int(11) NOT NULL,
  `title` text NOT NULL,
  `description` longtext NOT NULL,
  `created_at` datetime NOT NULL,
  `updated_at` datetime NOT NULL,
  `is_mobile` tinyint(4) NOT NULL,
  PRIMARY KEY (`id`),
  KEY `id` (`id`)
) ENGINE=InnoDB  DEFAULT CHARSET=latin1 AUTO_INCREMENT=27 ;

--
-- Dumping data for table `pages`
--

INSERT INTO `pages` (`id`, `category_id`, `title`, `description`, `created_at`, `updated_at`, `is_mobile`) VALUES
(1, 0, 'Overview', '<p>TravelB2BHub.com serves as a <strong>COMMISSION FREE, Business to Business, Tourism Trading Marketplace </strong>that connects Travel Agents, Hoteliers, and Event Planners throughout India.</p>\n<p>This portal facilitates the sale of tourism related services by directly <strong>connecting Buyers</strong> (Travel Agents, and Event Planners)<strong> with interested Sellers</strong> (Hoteliers, DMCs, Tour Operators, Travel Agents etc.).</p>\n<p>Buyers will submit their client''s requirements for Travel Package, Hotel Rooms, or Transportation, from their TravelB2BHub profile, and then freely negotiate deals in real-time with interested Sellers.</p>', '2017-05-10 06:58:56', '2017-08-22 05:41:43', 0),
(2, 0, 'Connect to a large, Business to Business marketplace', '<p>Buy and sell more Travel Packages, Hotel Rooms, and Transportation services by connecting directly with other Travel Agents, Hoteliers, and Event Planners across India.</p>', '2017-05-10 07:46:30', '2017-07-28 07:46:38', 0),
(3, 0, 'Pay us NO COMMISSION', '<p>Despite the value of your sale.</p>', '2017-05-10 07:46:48', '2017-05-12 05:13:30', 0),
(4, 0, 'Save time and effort through systematic requests/responses', '<p>No need to use WhatsApp groups, Google searches, or your phonebook to arrange Travel Packages for your clients - place a request and get responses in real-time.</p>', '2017-05-10 07:47:00', '2017-08-22 04:58:13', 0),
(5, 0, 'Pick the best deals', '<p>You will receive multiple responses for your request; you may choose what suits you best.</p>', '2017-05-10 07:47:12', '2017-07-28 07:46:36', 0),
(6, 0, 'Get multiple quotes for your requests', '<p>The Buyer will receive quotes from all the interested Suppliers.       </p>', '2017-05-10 07:47:27', '2017-05-12 05:11:26', 0),
(7, 0, 'Have unrestricted, real-time communication', '<p>Negotiate with the other party via phone and live chat, right from the beginning of the trade.</p>', '2017-05-10 07:47:42', '2017-05-12 05:11:17', 0),
(8, 0, 'Membership Plans', '<p><strong>Use of the Website and the Android App</strong>will remain<strong> free till </strong><strong><strong><span class="aBn" tabindex="0" data-term="goog_1358391284"><span class="aQJ">31st</span></span></strong>March 2018,</strong> with a limit of 100 Requests during this period; after which, the following nominal membership fee will be charged for maintenance of services:</p>', '2017-05-10 08:50:02', '2017-11-27 06:28:23', 0),
(9, 0, 'About Us', '<p class="about_first_p"><span class="dropcap">T</span>ravelB2BHub.com is a registered product of B2BHUB, a Partnership Company founded in Udaipur, Rajasthan, India. We have come together to make the Tourism business evolve and serve its clients better, by connecting Travel Agents, Hoteliers, and Event Planners to buy and sell services to each other, while paying no commission to us.</p>\n<div class="col-lg-4 col-md-4 col-sm-4 col-xs-12 margin-b20">\n<div class="icon">\n<div class="image"><img class="" src="/img/22.png" alt="" /></div>\n<div class="info">\n<h4 class="title">THE IDEA</h4>\n<p>The idea of creating this online network came to us when a Travel Agent friend complained about not being able to provide high quality service to his clients, where he didnt have contacts. He complained how he would have to rely on disorganized and time consuming google searches, and WhatsApp groups to reach out to others to organize Travel Packages, Hotel Rooms, and Transportation, and sometimes fail.</p>\n</div>\n</div>\n</div>\n<div class="col-lg-4 col-md-4 col-sm-4 col-xs-12 margin-b20">\n<div class="icon">\n<div class="image"><img class="" src="/img/11.png" alt="" /></div>\n<div class="info">\n<h4 class="title">THE SOLUTION</h4>\n<p>We have created an integrated tourism trading network where Travel Agents and Event Planners can connect directly with other Travel Agents, Hoteliers, and Event Planners to sell more, and do it faster, while paying NO COMMISSION to us, regardless of the value of the sale. In addition, this network will reduce the marketing efforts of Hoteliers, by directly connecting them with Travel Agents and Event Planners.</p>\n</div>\n</div>\n</div>\n<div class="col-lg-4 col-md-4 col-sm-4 col-xs-12 margin-b20">\n<div class="icon">\n<div class="image"><img class="" src="/img/33.png" alt="" /></div>\n<div class="info">\n<h4 class="title">FUTURE</h4>\n<p>We are committed to make this network more efficient and more expansive, while reducing the costs of doing business, so the Hospitality Industry can grow and serve its clients better.</p>\n</div>\n</div>\n</div>', '2017-05-10 13:07:19', '2017-09-07 05:28:39', 0),
(10, 0, 'Privacy Policy', '<p class="p-policy-content" style="box-sizing: border-box; margin: 0px 0px 10px; color: #444444; font-family: Raleway-Regular; font-size: 14px; letter-spacing: 1px; line-height: 28px; text-align: justify;">TRAVELB2BHUB.com is a registered product of B2BHUB, a Partnership Company. Here on, the term ''You'' refers to the user or viewer of TRAVELB2BHUB.com and its related tools. We value the trust you place in TRAVELB2BHUB.com, which is why we insist on the highest standards for secure transactions and customer information privacy. The purpose of this website and its related tools is to connect Travel Agents, Hoteliers and Event Planners, interested in trading with each other, but all financial transactions performed by you, due to your connections through the website are not the responsibility of TRAVELB2BHUB.com or its parent company. Besides making payments for membership to our website/App for our services (through a secure payment gateway), we strongly encourage you not to share your financial information (bank details, credit card information etc.) with any other user via emails, messages, chats, or phone calls enabled by this Website/App, and we take no responsibility for any grievances due to acts performed in that regard. Please read the following statement to learn more about our Privacy Policy:</p>\r\n<p><strong style="box-sizing: border-box; color: #444444; font-family: Raleway-Regular; font-size: 14px; letter-spacing: 1px; line-height: 28px; text-align: justify;">1. TRAVELB2BHUB.com Privacy Assurance</strong></p>\r\n<p style="box-sizing: border-box; margin: 0px 0px 10px; color: #444444; font-family: Raleway-Regular; font-size: 14px; letter-spacing: 1px; line-height: 28px; text-align: justify;">TRAVELB2BHUB.com promises that we will not sell or rent your personal information to third parties for their marketing purposes without your explicit consent. From time to time, we may reveal general statistical information about our website and visitors, such as number of visitors, number and type of services used, etc. Your trust and confidence are our highest priority.&nbsp;</p>\r\n<p style="box-sizing: border-box; margin: 0px 0px 10px; color: #444444; font-family: Raleway-Regular; font-size: 14px; letter-spacing: 1px; line-height: 28px; text-align: justify;">Please note that email is not encrypted and is not considered a secure means of transmitting credit card numbers. The security and confidentiality of your information is extremely important to us. We have implemented technical, administrative, and physical security measures to protect any Personally Identifiable Information from unauthorized access and improper use. Please note that despite our efforts to protect information provided to us, we cannot guarantee that such information will not be lost, disclosed or accessed by accidental circumstances or by the unauthorized acts of others.&nbsp;</p>\r\n<p style="box-sizing: border-box; margin: 0px 0px 10px; color: #444444; font-family: Raleway-Regular; font-size: 14px; letter-spacing: 1px; line-height: 28px; text-align: justify;">Your communications may route through a number of countries before being delivered - this is the nature of internet. We cannot accept responsibility for any unauthorized access or loss of personal information that is beyond our control.</p>\r\n<p><strong style="box-sizing: border-box; color: #444444; font-family: Raleway-Regular; font-size: 14px; letter-spacing: 1px; line-height: 28px; text-align: justify;">2. Type of Personal Information collected</strong></p>\r\n<p style="box-sizing: border-box; margin: 0px 0px 10px; color: #444444; font-family: Raleway-Regular; font-size: 14px; letter-spacing: 1px; line-height: 28px; text-align: justify;">We collect personally identifiable information (email address, name, phone number, demographic data, etc.) from every Travel Agent, Hotelier, and Event Planner who creates an account with Travelb2bhub.com. While you can browse some sections of our website and App without being a registered member, certain activities (such as placing a request or responding to a request) do require registration. We will use your contact information to send you offers based on your previous orders and your interests. We use data collection devices such as "cookies" on certain pages of the Site to help analyze our web page flow, measure promotional effectiveness, and promote trust and safety.&nbsp;</p>\r\n<p style="box-sizing: border-box; margin: 0px 0px 10px; color: #444444; font-family: Raleway-Regular; font-size: 14px; letter-spacing: 1px; line-height: 28px; text-align: justify;">"Cookies" are small files which identify your computer to our server as a unique user when you visit certain pages on the Site and they are stored by your Internet browser on your computer''s hard drive. We offer certain features that are only available through the use of a "cookie". We also use cookies to allow you to enter your password less frequently during a session. Cookies can also help us provide information that is targeted to your interests. Most cookies are "session cookies," meaning that they are automatically deleted from your hard drive at the end of a session. You are always free to decline our cookies if your browser permits, although in that case you may not be able to use full functionality of the Site. We only use cookies for your convenience in using the Site and not for obtaining or using any other information about you. We do not control the use of cookies by third parties.</p>\r\n<p><strong style="box-sizing: border-box; color: #444444; font-family: Raleway-Regular; font-size: 14px; letter-spacing: 1px; line-height: 28px; text-align: justify;">3. Your disclosure of your information</strong></p>\r\n<p style="box-sizing: border-box; margin: 0px 0px 10px; color: #444444; font-family: Raleway-Regular; font-size: 14px; letter-spacing: 1px; line-height: 28px; text-align: justify;">Please note that that any information you disclose in feedback, reviews and ratings with respect to your experiences in using our services, and those of the Travel Agents, Hoteliers, or Event Planners matched with you becomes public information and you should exercise caution when deciding to disclose your personal information. We may, from time to time, make links to other websites available to you; please remember that any information that is disclosed in these areas also becomes public information and you should exercise caution when deciding to disclose your personal information.</p>\r\n<p><strong style="box-sizing: border-box; color: #444444; font-family: Raleway-Regular; font-size: 14px; letter-spacing: 1px; line-height: 28px; text-align: justify;">4. Interactions with other users</strong></p>\r\n<p style="box-sizing: border-box; margin: 0px 0px 10px; color: #444444; font-family: Raleway-Regular; font-size: 14px; letter-spacing: 1px; line-height: 28px; text-align: justify;">If you transact business with a Merchant whose link or contacts originates from TRAVELB2BHUB.com or a Merchant catalog or website "presented by" TRAVELB2BHUB.com, the information you provide to that Merchant, such as your credit card number and contact information etc., is provided to the Merchant and NOT to TRAVELB2BHUB.com. TRAVELB2BHUB.com and its parent company bear no responsibility of the financial transactions between any users of this website/App. Please note that the Merchant may, if you do not specify to the contrary, share your name and postal and email addresses with third parties, including TRAVELB2BHUB. You should also know that these Merchants have their own privacy policies and data collection practices and are not covered by the TRAVELB2BHUB Privacy Policy. We do not have any control over and therefore take no responsibility or liability for these independent policies. For more information regarding Merchants appearing on TRAVELB2BHUB or other Merchants who send catalogs or host websites "presented by" TRAVELB2BHUB and their privacy policies, please see the Merchant''s website or contact them at the contact information provided on their website/catalog. Merchants that have links on the TRAVELB2BHUB site may collect personally identifiable information about you. The information practices of these Merchants are not covered by the TRAVELB2BHUB Privacy Policy.</p>\r\n<p><strong style="box-sizing: border-box; color: #444444; font-family: Raleway-Regular; font-size: 14px; letter-spacing: 1px; line-height: 28px; text-align: justify;">5. Changes to this Privacy Policy Statement</strong></p>\r\n<p style="box-sizing: border-box; margin: 0px 0px 10px; color: #444444; font-family: Raleway-Regular; font-size: 14px; letter-spacing: 1px; line-height: 28px; text-align: justify;">From time to time, we may use the information you provide us for new, unanticipated uses not previously addressed in our Privacy Policy. If our information practices change at some time in the future we will post the policy changes on the privacy page of our Website to notify you of these changes, and the revised Privacy Policy will apply to all of your personal information that we have on file, provided, however, that we will continue to honor any past requests not to share your information with third parties. You should check our Website periodically for more information on how we use the data we collect. If there is a material change in the manner we use data we collect, we will update this Privacy Policy to reflect these changes.</p>\r\n<p><strong style="box-sizing: border-box; color: #444444; font-family: Raleway-Regular; font-size: 14px; letter-spacing: 1px; line-height: 28px; text-align: justify;"> 6. Conflict in Terms</strong></p>\r\n<p style="box-sizing: border-box; margin: 0px 0px 10px; color: #444444; font-family: Raleway-Regular; font-size: 14px; letter-spacing: 1px; line-height: 28px; text-align: justify;">\r\nIt is our goal to make our privacy practices easy to understand. We have created this easy-to-read Privacy Policy Statement with that goal in mind. Some browsers utilize privacy enhancing technology to translate our Privacy Policy Statement into a computer readable format. The technology then requires that the computer format be translated back into human readable format for you to read. This translation back into human readable format is often referred to as a Policy Summary. It is possible that through these translations, the Policy Summary may unintentionally end up being inconsistent with the Privacy Policy upon which it is based. It might fail to address an issue or it might address an issue not raised in our Privacy Policy. For this reason, you should rely on our Privacy Policy as the most accurate and definitive description of our practices.</p>\r\n<p><strong style="box-sizing: border-box; color: #444444; font-family: Raleway-Regular; font-size: 14px; letter-spacing: 1px; line-height: 28px; text-align: justify;">NOTE:</strong></p>\r\n<p style="box-sizing: border-box; margin: 0px 0px 10px; color: #444444; font-family: Raleway-Regular; font-size: 14px; letter-spacing: 1px; line-height: 28px; text-align: justify;">Our privacy policy is subject to change at any time without notice. To make sure you are aware of any changes, please review this policy periodically.</p>', '2017-05-10 13:19:57', '2017-09-07 09:57:49', 0),
(11, 0, 'Terms & Conditions', '<p class="p-policy-content" style="box-sizing: border-box; margin: 0px 0px 10px; color: #444444; font-family: Raleway-Regular; font-size: 14px; letter-spacing: 1px; line-height: 28px; text-align: justify;">TRAVELB2BHUB.com is a registered product of B2BHUB, a Partnership Company. Here on, the term ''You'' refers to the user or viewer of TRAVELB2BHUB.com and its related tools. The purpose of this website, Apps, and its related tools is to connect Travel Agents, Hoteliers and Event Planners, interested in trading with each other, but all financial transactions performed by you, due to your connections made through the website are not the responsibility of TRAVELB2BHUB.com or its parent company. Please read the following Terms and Conditions for use of TRAVELB2BHUB.com and its related tools:</p>\r\n<p><strong style="box-sizing: border-box; color: #444444; font-family: Raleway-Regular; font-size: 14px; letter-spacing: 1px; line-height: 28px; text-align: justify;">Eligibility</strong></p>\r\n<p style="box-sizing: border-box; margin: 0px 0px 10px; color: #444444; font-family: Raleway-Regular; font-size: 14px; letter-spacing: 1px; line-height: 28px; text-align: justify;">Use of TRAVELB2BHUB.com is available only to persons who can form a legally binding contract under the Indian Contract Act, 1872. If you are under the age of 18, you cannot be a registered member of this site, and use its related tools.</p>\r\n<p style="box-sizing: border-box; margin: 0px 0px 10px; color: #444444; font-family: Raleway-Regular; font-size: 14px; letter-spacing: 1px; line-height: 28px; text-align: justify;">This website/APP will serve as a B2B network that connects Travel Agents, Hoteliers, and Event Planners, within India, with each other to enable them to sell and market tourism related services better, and even in locations were they didnt have reach or contacts. This is a B2B networking site and is NOT meant to cater directly to individual travelers.<strong style="box-sizing: border-box;">The terms of use for each category of users are as follows:</strong></p>\r\n<p><strong style="box-sizing: border-box; color: #444444; font-family: Raleway-Regular; font-size: 14px; letter-spacing: 1px; line-height: 28px; text-align: justify;">1)TRAVEL AGENTS:</strong></p>\r\n<p style="box-sizing: border-box; margin: 0px 0px 10px; color: #444444; font-family: Raleway-Regular; font-size: 14px; letter-spacing: 1px; line-height: 28px; text-align: justify;">You, as a travel agent registered on this Portal/App, will be able connect and collaborate with other Travel Agents, Hotels, and Event Planners (currently within India) to perform the following two tasks to increase your business:</p>\r\n<p style="box-sizing: border-box; margin: 0px 0px 10px; color: #444444; font-family: Raleway-Regular; font-size: 14px; letter-spacing: 1px; line-height: 28px; text-align: justify;">i. Place requests for travel requirements like Travel Packages, Hotels, or Transport for any location of your choice (currently within India), and get competitive prices from Travel Agents or Hotels, and then finalize the deal of your choice.</p>\r\n<p style="box-sizing: border-box; margin: 0px 0px 10px; color: #444444; font-family: Raleway-Regular; font-size: 14px; letter-spacing: 1px; line-height: 28px; text-align: justify;">ii. Respond to requests placed by other Travel Agents for Packages, hotels, or transport for the region where you have chosen to have reach and can provide good service.</p>\r\n<p style="box-sizing: border-box; margin: 0px 0px 10px; color: #444444; font-family: Raleway-Regular; font-size: 14px; letter-spacing: 1px; line-height: 28px; text-align: justify;"><strong style="box-sizing: border-box;">Important:</strong>This is a networking site that facilitates structured interaction to enhance user experience while doing business, but facilitating and managing financial transactions like transfer of money between users is beyond the scope of this website and its tools. TRAVELB2BHUB.com and its parent company take no responsibility for the financial transactions or other commitments agreed between the users.</p>\r\n<p><strong style="box-sizing: border-box; color: #444444; font-family: Raleway-Regular; font-size: 14px; letter-spacing: 1px; line-height: 28px; text-align: justify;">2)HOTELIERS:</strong></p>\r\n<p style="box-sizing: border-box; margin: 0px 0px 10px; color: #444444; font-family: Raleway-Regular; font-size: 14px; letter-spacing: 1px; line-height: 28px; text-align: justify;">You, as a Hotelier/ Hotels Sales Manager once registered on this Portal/App, will be able connect and collaborate with Travel Agents, and Event Planners to sell your hotel rooms by responding to requests placed by them in real-time.</p>\r\n<p style="box-sizing: border-box; margin: 0px 0px 10px; color: #444444; font-family: Raleway-Regular; font-size: 14px; letter-spacing: 1px; line-height: 28px; text-align: justify;"><strong style="box-sizing: border-box;">Important:</strong>This is a networking site that facilitates structured interaction to enhance user experience while doing business, but facilitating and managing financial transactions like transfer of money between users is beyond the scope of this website and its tools. TRAVELB2BHUB.com and its parent company take no responsibility for the financial transactions or other commitments agreed between the users.</p>\r\n<p style="box-sizing: border-box; margin: 0px 0px 10px; color: #444444; font-family: Raleway-Regular; font-size: 14px; letter-spacing: 1px; line-height: 28px; text-align: justify;"><strong style="box-sizing: border-box;">3)EVENT PLANNERS:</strong></p>\r\n<p style="box-sizing: border-box; margin: 0px 0px 10px; color: #444444; font-family: Raleway-Regular; font-size: 14px; letter-spacing: 1px; line-height: 28px; text-align: justify;">You, as an Event Planner registered on this Portal/App, will be able connect and collaborate with other Travel Agents, and Hoteliers to place requests for travel requirements like Travel Packages, Hotels, or Transport for any location of your choice (currently within India), and get competitive prices from Travel Agents or Hotels, and then finalize the deal of your choice.</p>\r\n<p style="box-sizing: border-box; margin: 0px 0px 10px; color: #444444; font-family: Raleway-Regular; font-size: 14px; letter-spacing: 1px; line-height: 28px; text-align: justify;"><strong style="box-sizing: border-box;">Important:</strong>This is a networking site that facilitates structured interaction to enhance user experience while doing business, but facilitating and managing financial transactions like transfer of money between users is beyond the scope of this website and its tools. TRAVELB2BHUB.com and its parent company take no responsibility for the financial transactions or other commitments agreed between the users.</p>\r\n<p><strong style="box-sizing: border-box; color: #444444; font-family: Raleway-Regular; font-size: 14px; letter-spacing: 1px; line-height: 28px; text-align: justify;">General Conditions:</strong></p>\r\n<p style="box-sizing: border-box; margin: 0px 0px 10px; color: #444444; font-family: Raleway-Regular; font-size: 14px; letter-spacing: 1px; line-height: 28px; text-align: justify;"> The content of the pages of this website and related tools is subject to change without notice.</p>\r\n<p style="box-sizing: border-box; margin: 0px 0px 10px; color: #444444; font-family: Raleway-Regular; font-size: 14px; letter-spacing: 1px; line-height: 28px; text-align: justify;"> The user may register for free, but will be required to pay a nominal fixed membership fee to use certain services. The membership fee, a user pays prior to using certain services of TRAVELB2BHUB.com are nonrefundable.</p>\r\n<p style="box-sizing: border-box; margin: 0px 0px 10px; color: #444444; font-family: Raleway-Regular; font-size: 14px; letter-spacing: 1px; line-height: 28px; text-align: justify;"> Your use of any information or materials on this website is entirely at your own risk, for which TRAVELB2BHUB.com shall not be liable. It shall be your own responsibility to ensure that any products, services or information available through your interactions on/ via this website meets your specific requirements.</p>\r\n<p style="box-sizing: border-box; margin: 0px 0px 10px; color: #444444; font-family: Raleway-Regular; font-size: 14px; letter-spacing: 1px; line-height: 28px; text-align: justify;"> The contents of this website are a property of TRAVELB2BHUB.com and its parent company, and are protected by copyright laws.</p>\r\n<p style="box-sizing: border-box; margin: 0px 0px 10px; color: #444444; font-family: Raleway-Regular; font-size: 14px; letter-spacing: 1px; line-height: 28px; text-align: justify;"> B2BHUB (including its directors, officers, employees, agents and their respective successors, heirs and assigns) shall not be or deemed to be responsible or liable for any direct, indirect, punitive, incidental, special, or consequential damages arising out of, or in any way connected with, your access to, display of or use of this Website or for any lack or deficiency of services provided by any user of this website.</p>\r\n<p style="box-sizing: border-box; margin: 0px 0px 10px; color: #444444; font-family: Raleway-Regular; font-size: 14px; letter-spacing: 1px; line-height: 28px; text-align: justify;"> We value your privacy, please review our Privacy Policy before accepting our Term and Conditions for use of TRAVELB2BHUB.com.</p>\r\n<p><strong style="box-sizing: border-box; color: #444444; font-family: Raleway-Regular; font-size: 14px; letter-spacing: 1px; line-height: 28px; text-align: justify;">Contact Us:</strong></p>\r\n<p style="box-sizing: border-box; margin: 0px 0px 10px; color: #444444; font-family: Raleway-Regular; font-size: 14px; letter-spacing: 1px; line-height: 28px; text-align: justify;">We appreciate your feedback, please feel free to send any questions, comments regarding this website and its related tools to customercare@travelb2bhub.com.</p>', '2017-05-10 13:20:19', '2017-05-10 13:54:32', 0),
(12, 0, 'FAQs', '<div class="col-lg-12 col-md-12 col-sm-12 col-xs-12">\r\n<div class="panel with-nav-tabs panel-default">\r\n<div class="panel-heading">\r\n<ul class="nav nav-tabs">\r\n<li class="active"><a href="#travel_agent" data-toggle="tab">Travel Agent</a></li>\r\n<li><a href="#event_planner" data-toggle="tab">Event Planner</a></li>\r\n<li><a href="#hotelier" data-toggle="tab">Hotelier</a></li>\r\n</ul>\r\n</div>\r\n<div class="panel-body">\r\n<div class="tab-content">\r\n<div id="travel_agent" class="tab-pane fade in active">\r\n<p><strong>Q1. Do I really pay NO commission to TravelB2BHub for connecting me to Buyers/ Sellers?</strong></p>\r\n<p><strong>Ans.</strong> Yes, TravelB2BHub does not charge any commission despite the value of the transaction.</p>\r\n<p><strong> Q2. Does this portal/App have an inventory management system (API based) that provides leads of Travel Packages, Hotel Rooms, or Transportation Services to Travel Agents?</strong></p>\r\n<p><strong>Ans.</strong> No, TravelB2BHub serves as a B2B network that directly connects Travel Agents with suppliers (other Travel Agents, DMCs, Tour Operators, or Hoteliers) based on the destination of the requirement. It allows added flexibility in negotiating deals, and in reaching locations where users didnt have contacts. It speeds up the process of searching and negotiating deals by providing an organized step-by-step process to users.</p>\r\n<p><strong>Q3. What are the steps taken to ensure that the businesses listed on TravelB2Bhub are bona fide businesses?</strong></p>\r\n<p><strong>Ans.</strong> Each user with a profile on TravelB2BHub is required to provide their Company PAN Card details, Photographs of their office/ Hotel, Shop Act/ Registration, and Certificates. Users can view the percentage completeness of each others profile to assess the veracity of the other party. After existing on the portal/App for some time, each user will have a transaction history, rating and reviews which will be visible to other users.</p>\r\n<p><strong>Q4. Do I get charged if no one responds to my request?</strong></p>\r\n<p><strong>Ans.</strong> No, you will not be charged if you close your request before any response is received on it.</p>\r\n<p><strong>Q5. Do I get charged for responding to a request placed by others? </strong></p>\r\n<p><strong>Ans.</strong> No, even if you use up your quota of requests you will still be able to respond to requests by other users for the entire term of 1 year starting from the date you purchased your membership</p>\r\n<p><strong>Q6. I own a Travel Agency, do I need to create multiple Usernames for my employees?</strong></p>\r\n<p><strong>Ans.</strong> TravelB2BHub provides you the flexibility to allow all your employees to login to the portal/App using a single Username. However, you can create multiple accounts if you like.</p>\r\n<p><strong>Q7. What if I use up my quota of requests and want to place more requests?</strong></p>\r\n<p><strong>Ans.</strong> You may simply purchase more by renewing your membership.</p>\r\n<p><strong>Q8. Does TravelB2BHub provide services of transferring funds between the parties connecting on the website/App to buy and sell services?</strong></p>\r\n<p><strong>Ans.</strong> No, this platform is strictly to connect businesses interested in buying and selling services related to the tourism industry. Financial transactions are the responsibility of parties involved and must be carried out using their own money transfer methods.</p>\r\n<p><strong>Q9. What if someone doesnt uphold the terms of negotiations that he agreed on?</strong></p>\r\n<p><strong>Ans.</strong> We have a Reviewing/ Rating functionality available for you to rate the quality of your interaction with the other party that will be visible to all the users. Also, you may Block a user if the interaction is below normal business expectations. TravelB2BHub will monitor all the Blocked users and remove any repeat offenders from the website. Credibility is the key to long term business relations and we hope that businesses listed on this website will uphold that expectation.</p>\r\n</div>\r\n<div id="event_planner" class="tab-pane fade">\r\n<p><strong>Q1. Do I really pay NO COMMISSION to TravelB2BHub for connecting me to Sellers?</strong></p>\r\n<p><strong>Ans.</strong> Yes, TravelB2BHub does not charge any commission despite the value of the transaction.</p>\r\n<p><strong>Q2. Does this portal/App have an inventory management system (API based) that provides leads of Travel Packages, Hotel Rooms, or Transportation Services to Event Planners?</strong></p>\r\n<p><strong>Ans.</strong> No, TravelB2BHub serves as a B2B network that directly connects Event Planners with suppliers (Travel Agents, DMCs, Tour Operators, or Hoteliers) based on the destination of the requirement. It allows added flexibility in negotiating deals, and in reaching locations where users didnt have contacts. It speeds up the process of searching and negotiating deals by providing an organized step-by-step process to users.</p>\r\n<p><strong>Q3. What is the region of operation of this portal/App?</strong></p>\r\n<p><strong>Ans.</strong> TravelB2BHub is an ALL INDIA Network designed to directly connect Event Planners with TRAVEL AGENTS (DMCs, TOUR OPERATORS etc.), and Hoteliers.</p>\r\n<p><strong>Q4. What are the steps taken to ensure that the businesses listed on TravelB2Bhub are bona fide businesses?</strong></p>\r\n<p><strong>Ans.</strong> Each user with a profile on TravelB2BHub is required to provide their Company PAN Card details, Photographs of their office/ Hotel, Shop Act/ Registration, and Certificates. Users can view the percentage completeness of each others profile to assess the veracity of the other party. After existing on the portal/App for some time, each user will have a transaction history, rating and reviews which will be visible to other users.</p>\r\n<p><strong>Q5. Do I get charged if no one responds to my request?</strong></p>\r\n<p><strong>Ans.</strong> No, you will not be charged if you close your request before any response is received on it.</p>\r\n<p><strong>Q6. I own an Event Planning company, do I need to create multiple Usernames for my employees?</strong></p>\r\n<p><strong>Ans.</strong> TravelB2BHub provides you the flexibility to allow all your employees to login to the portal/App using a single Username. However, you can create multiple accounts if you like.</p>\r\n<p><strong>Q7. What if I use up my quota of requests and want to place more requests?</strong></p>\r\n<p><strong>Ans.</strong> You may simply purchase more by renewing your membership.</p>\r\n<p><strong>Q8. Does TravelB2BHub provide services of transferring funds between the parties connecting on the website/App to buy and sell services?</strong></p>\r\n<p><strong>Ans.</strong> No, this platform is strictly to connect businesses interested in buying and selling services related to the tourism industry. Financial transactions are the responsibility of parties involved and must be carried out using their own money transfer methods.</p>\r\n<p><strong>Q9. What if someone doesnt uphold the terms of negotiations that he agreed on?</strong></p>\r\n<p><strong>Ans.</strong> We have a Reviewing/ Rating functionality available for you to rate the quality of your interaction with the other party that will be visible to all the users. Also, you may Block a user if the interaction is below normal business expectations. TravelB2BHub will monitor all the Blocked users and remove any repeat offenders from the website. Credibility is the key to long term business relations and we hope that businesses listed on this website will uphold that expectation.</p>\r\n</div>\r\n<div id="hotelier" class="tab-pane fade">\r\n<p><strong>Q1. Do I really pay NO COMMISSION to TravelB2BHub for connecting me to Buyers?</strong></p>\r\n<p><strong>Ans.</strong> Yes, TravelB2BHub does not charge any commission despite the value of the transaction.</p>\r\n<p><strong>Q2. Does this portal/App function as an inventory management system (API based) that provides leads of Hotel Rooms to Travel Agents, DMCs, or Tour Operators?</strong></p>\r\n<p><strong>Ans.</strong> No, TravelB2BHub serves as a B2B network that directly connects buyer with suppliers (Hoteliers, Travel Agents, DMCs, Tour Operators) based on the destination of the buyers requirement. It allows added flexibility in negotiating deals, and in reaching locations where users didnt have contacts. It speeds up the process of searching and negotiating deals by providing an organized step-by-step process to users.</p>\r\n<p><strong>Q3. What is the region of operation of this portal/App?</strong></p>\r\n<p><strong>Ans.</strong> TravelB2BHub is an ALL INDIA Network designed to directly connect TRAVEL AGENTS (DMCs, TOUR OPERATORS etc.), Event Planners with Hoteliers.</p>\r\n<p><strong>Q4. What are the steps taken to ensure that the businesses listed on TravelB2Bhub are bona fide businesses?</strong></p>\r\n<p><strong>Ans.</strong> Each user with a profile on TravelB2BHub is required to provide their Company PAN Card details, Photographs of their office/ Hotel, Shop Act/ Registration, and Certificates. Users can view the percentage completeness of each others profile to assess the veracity of the other party. After existing on the portal/App for some time, each user will have a transaction history, rating and reviews which will be visible to other users.</p>\r\n<p><strong>Q5. Do I get charged for responding to a request for hotel rooms received by me on my profile?</strong></p>\r\n<p><strong>Ans.</strong> No, once you have paid the membership fee, you will not be charged any fee for responding to requests during the validity period of the membership.</p>\r\n<p><strong>Q6. I own multiple hotel properties; do I need to create different Usernames for each of them?</strong></p>\r\n<p><strong>Ans.</strong> Yes, each property must have its own profile. This will ensure that only relevant requests based on Location, Hotel Type, Price Range etc. are sent to the User.</p>\r\n<p><strong>Q7. Can I market my Hotel on TravelB2BHub?</strong></p>\r\n<p><strong>Ans.</strong> Please click on <a href="promotions">Promote your hotel</a> to find out more.</p>\r\n<p><strong>Q8. Does TravelB2BHub provide services of transferring funds between the parties connecting on the website/App to buy and sell services?</strong></p>\r\n<p><strong>Ans.</strong> No, this platform is strictly to connect businesses interested in buying and selling services related to the tourism industry. Financial transactions are the responsibility of parties involved and must be carried out using their own money transfer methods.</p>\r\n<p><strong>Q9. What if someone doesnt uphold the terms of negotiations that he agreed on?</strong></p>\r\n<p><strong>Ans.</strong> We have a Reviewing/ Rating functionality available for you to rate the quality of your interaction with the other party that will be visible to all the users. Also, you may Block a user if the interaction is below normal business expectations. TravelB2BHub will monitor all the Blocked users and remove any repeat offenders from the website. Credibility is the key to long term business relations and we hope that businesses listed on this website will uphold that expectation.</p>\r\n</div>\r\n</div>\r\n</div>\r\n</div>\r\n</div>', '2017-06-07 05:35:25', '2017-09-01 12:42:59', 0),
(13, 0, 'Promote Your Hotel', '<div id="accordion" class="panel-group">\n<div class="panel panel-default">\n<div class="panel-heading">\n<h4 class="panel-title"><a class="accordion-toggle" href="#collapseOne" data-parent="#accordion" data-toggle="collapse"> Why promote your hotel at TravelB2BHub? </a></h4>\n</div>\n<div id="collapseOne" class="panel-collapse collapse in">\n<div class="panel-body">\n<h5>Promoting your Hotel on TravelB2BHub helps you:</h5>\n<ol>\n<li><strong>Increase your reach: </strong>Increase your business by connecting with new Travel Agents/ Event Planners to build lasting relationships.</li>\n<li><strong>Do Targeted Marketing: </strong>Pick specific cities where you want to drive business from, or reach new cities where you didnt previously have a marketing presence.</li>\n<li><strong>Analyze your promotions performance: </strong>On your personal profile, you will be able to see how your promotion is performing, and the number/ type of people/regions responded to your promotions initiative.</li>\n<li><strong>Pay nominal price: </strong>Do all of the above at a small fraction of the cost of attending Travel and Tourism Fairs, or using sales reps.</li>\n</ol>\n</div>\n</div>\n</div>\n<div class="panel panel-default">\n<div class="panel-heading">\n<h4 class="panel-title"><a class="accordion-toggle collapsed" href="#collapseTwo" data-parent="#accordion" data-toggle="collapse"> How it works? </a></h4>\n</div>\n<div id="collapseTwo" class="panel-collapse collapse" style="height: 0px;">\n<div class="panel-body">\n<p>You, as a <strong>Hotelier/ Hotels representative,</strong> may pick the cities where you want your promotional coverage. The Hotels Photo and details will be featured on the TravelB2BHub profiles of all the Travel Agents and Event Planners from the chosen cities for a set time period.</p>\n<p>In order to provide transparency in what the promoter will get for their investment, they will be able to see the count of Travel Agents and Event Planners present in each city before they finalize the payment.</p>\n<p>After initiating promotions, the performance statistics of the initiative will be available on the Hoteliers TravelB2BHub profile.</p>\n</div>\n</div>\n</div>\n<div class="panel panel-default">\n<div class="panel-heading">\n<h4 class="panel-title"><a class="accordion-toggle collapsed" href="#collapseThree" data-parent="#accordion" data-toggle="collapse"> Getting Started? </a></h4>\n</div>\n<div id="collapseThree" class="panel-collapse collapse" style="height: 0px;">\n<div class="panel-body">\n<h5>There is an easy four step process to promote your hotel on TravelB2BHub:</h5>\n<ul>\n<li><strong>Step 1: </strong>Click on <a href="http://192.168.3.82/b2b/users/login">Promote your Hotel</a> (you must be a registered Hotelier on TravelB2BHub)</li>\n<li><strong>Step 2: </strong> Fill a short Form with your Hotels details and target cities where you want Travel Agents/ Event Planners to see your promotion.</li>\n<li><strong>Step 3: </strong>Review your Advertisement and Finalize it.</li>\n<li><strong>Step 4: </strong>Submit and Make Payments.</li>\n</ul>\n</div>\n</div>\n</div>\n</div>', '2017-06-15 11:49:17', '2017-07-31 11:18:08', 0),
(14, 0, 'Why promote your hotel at TravelB2BHub?', '<div class="panel-body">\r\n<h5>Promoting your Hotel on TravelB2BHub helps you:</h5>\r\n<ol>\r\n<li><strong>1. Increase your reach: </strong>Increase your business by connecting with new Travel Agents/ Event Planners to build lasting relationships.</li>\r\n<li><strong>2. Do Targeted Marketing: </strong>Pick specific cities where you want to drive business from, or reach new cities where you didnt previously have a marketing presence.</li>\r\n<li><strong>3. Analyze your promotions performance: </strong>On your personal profile, you will be able to see how your promotion is performing, and the number/ type of people/regions responded to your promotions initiative.</li>\r\n<li><strong>4. Pay nominal price: </strong>Do all of the above at a small fraction of the cost of attending Travel and Tourism Fairs, or using sales reps.</li>\r\n</ol>\r\n</div>', '2017-10-23 00:00:00', '2017-10-23 00:00:00', 0),
(15, 0, 'How it works?', '<div class="panel-body">\n<p>You, as a <strong>Hotelier/ Hotels representative,</strong> may pick the cities where you want your promotional coverage. The Hotels Photo and details will be featured on the TravelB2BHub profiles of all the Travel Agents and Event Planners from the chosen cities for a set time period.</p>\n<p>In order to provide transparency in what the promoter will get for their investment, they will be able to see the count of Travel Agents and Event Planners present in each city before they finalize the payment.</p>\n<p>After initiating promotions, the performance statistics of the initiative will be available on the Hoteliers TravelB2BHub profile.</p>\n</div>', '2017-10-23 00:00:00', '2017-10-23 00:00:00', 0),
(16, 0, 'Getting Started?', '<div class="panel-body">\n<h5>There is an easy four step process to promote your hotel on TravelB2BHub:</h5>\n<ul class="getting_started">\n<li><strong>Step 1: </strong>Click on <a href=" /users/login?redirect=%2Fpages%2Fpromotions">Promote your Hotel</a> (you must be a registered Hotelier on TravelB2BHub)</li>\n<li><strong>Step 2: </strong> Fill a short Form with your Hotels details and target cities where you want Travel Agents/ Event Planners to see your promotion.</li>\n<li><strong>Step 3: </strong>Review your Advertisement and Finalize it.</li>\n<li><strong>Step 4: </strong>Submit and Make Payments.</li>\n</ul>\n</div>', '2017-10-23 00:00:00', '2017-10-23 00:00:00', 0),
(17, 13, 'Why promote your hotel at TravelB2BHub?', '<div class="panel-body">\r\n<h5 style="text-align: left;">Promoting your Hotel on TravelB2BHub helps you:</h5>\r\n<p style="text-align: left;">1. <strong>Increase your reach: </strong>Increase your business by connecting with new Travel Agents/ Event Planners to build lasting relationships.</p>\r\n<p style="text-align: left;">2. <strong>Do Targeted Marketing: </strong>Pick specific cities where you want to drive business from, or reach new cities where you didnt previously have a marketing presence.</p>\r\n<p style="text-align: left;">3. <strong>Analyze your promotions performance: </strong>On your personal profile, you will be able to see how your promotion is performing, and the number/ type of people/regions responded to your promotions initiative.</p>\r\n<p style="text-align: left;">4. <strong>Pay nominal price: </strong>Do all of the above at a small fraction of the cost of attending Travel and Tourism Fairs, or using sales reps.</p>\r\n</div>', '2017-10-23 00:00:00', '2017-10-23 00:00:00', 0),
(18, 13, 'How it works?', '<div class="panel-body">\n<p>You, as a <strong>Hotelier/ Hotels representative,</strong> may pick the cities where you want your promotional coverage. The Hotels Photo and details will be featured on the TravelB2BHub profiles of all the Travel Agents and Event Planners from the chosen cities for a set time period.</p>\n<p>In order to provide transparency in what the promoter will get for their investment, they will be able to see the count of Travel Agents and Event Planners present in each city before they finalize the payment.</p>\n<p>After initiating promotions, the performance statistics of the initiative will be available on the Hoteliers TravelB2BHub profile.</p>\n</div>', '2017-10-23 00:00:00', '2017-10-23 00:00:00', 0),
(19, 13, 'Getting Started?', '<div class="panel-body">\r\n<h5>There is an easy four step process to promote your hotel on TravelB2BHub:</h5>\r\n<ul class="getting_started">\r\n<li><strong>Step 1: </strong>Click on <a href=" /users/login?redirect=%2Fpages%2Fpromotions">Promote your Hotel</a> (you must be a registered Hotelier on TravelB2BHub)</li>\r\n<li><strong>Step 2: </strong> Fill a short Form with your Hotels details and target cities where you want Travel Agents/ Event Planners to see your promotion.</li>\r\n<li><strong>Step 3: </strong>Review your Advertisement and Finalize it.</li>\r\n<li><strong>Step 4: </strong>Submit and Make Payments.</li>\r\n</ul>\r\n</div>', '2017-10-23 00:00:00', '2017-10-23 00:00:00', 0);
INSERT INTO `pages` (`id`, `category_id`, `title`, `description`, `created_at`, `updated_at`, `is_mobile`) VALUES
(20, 0, 'Privacy Policy', '<p class="p-policy-content" style="box-sizing: border-box; margin: 0px 0px 10px; color: #444444; font-family: Roboto, sans-serif; font-size: 14px; letter-spacing: 1px; line-height: 28px; text-align: left;"></p>\r\n<p class="p-policy-content" style="box-sizing: border-box; margin: 0px 0px 10px; color: #444444; font-family: Roboto, sans-serif; font-size: 14px; letter-spacing: 1px; line-height: 28px; text-align: left;">TRAVELB2BHUB.com is a registered product of B2BHUB, a Partnership Company. Here on, the term ''You'' refers to the user or viewer of TRAVELB2BHUB.com and its related tools. We value the trust you place in TRAVELB2BHUB.com, which is why we insist on the highest standards for secure transactions and customer information privacy. The purpose of this website and its related tools is to connect Travel Agents, Hoteliers and Event Planners, interested in trading with each other, but all financial transactions performed by you, due to your connections through the website are not the responsibility of TRAVELB2BHUB.com or its parent company. Besides making payments for membership to our website/App for our services (through a secure payment gateway), we strongly encourage you not to share your financial information (bank details, credit card information etc.) with any other user via emails, messages, chats, or phone calls enabled by this Website/App, and we take no responsibility for any grievances due to acts performed in that regard. Please read the following statement to learn more about our Privacy Policy:</p>\r\n<p style="text-align: left;"><strong style="box-sizing: border-box; color: #444444; font-family: ''Roboto'', sans-serif; font-size: 14px; letter-spacing: 1px; line-height: 28px; text-align: justify;">1. TRAVELB2BHUB.com Privacy Assurance</strong></p>\r\n<p style="box-sizing: border-box; margin: 0px 0px 10px; color: #444444; font-family: Roboto, sans-serif; font-size: 14px; letter-spacing: 1px; line-height: 28px; text-align: left;">TRAVELB2BHUB.com promises that we will not sell or rent your personal information to third parties for their marketing purposes without your explicit consent. From time to time, we may reveal general statistical information about our website and visitors, such as number of visitors, number and type of services used, etc. Your trust and confidence are our highest priority.</p>\r\n<p style="box-sizing: border-box; margin: 0px 0px 10px; color: #444444; font-family: Roboto, sans-serif; font-size: 14px; letter-spacing: 1px; line-height: 28px; text-align: left;">Please note that email is not encrypted and is not considered a secure means of transmitting credit card numbers. The security and confidentiality of your information is extremely important to us. We have implemented technical, administrative, and physical security measures to protect any Personally Identifiable Information from unauthorized access and improper use. Please note that despite our efforts to protect information provided to us, we cannot guarantee that such information will not be lost, disclosed or accessed by accidental circumstances or by the unauthorized acts of others.</p>\r\n<p style="box-sizing: border-box; margin: 0px 0px 10px; color: #444444; font-family: Roboto, sans-serif; font-size: 14px; letter-spacing: 1px; line-height: 28px; text-align: left;">Your communications may route through a number of countries before being delivered - this is the nature of internet. We cannot accept responsibility for any unauthorized access or loss of personal information that is beyond our control.</p>\r\n<p style="text-align: left;"><strong style="box-sizing: border-box; color: #444444; font-family: ''Roboto'', sans-serif; font-size: 14px; letter-spacing: 1px; line-height: 28px; text-align: justify;">2. Type of Personal Information collected</strong></p>\r\n<p style="box-sizing: border-box; margin: 0px 0px 10px; color: #444444; font-family: Roboto, sans-serif; font-size: 14px; letter-spacing: 1px; line-height: 28px; text-align: left;">We collect personally identifiable information (email address, name, phone number, demographic data, etc.) from every Travel Agent, Hotelier, and Event Planner who creates an account with Travelb2bhub.com. While you can browse some sections of our website and App without being a registered member, certain activities (such as placing a request or responding to a request) do require registration. We will use your contact information to send you offers based on your previous orders and your interests. We use data collection devices such as "cookies" on certain pages of the Site to help analyze our web page flow, measure promotional effectiveness, and promote trust and safety.</p>\r\n<p style="box-sizing: border-box; margin: 0px 0px 10px; color: #444444; font-family: Roboto, sans-serif; font-size: 14px; letter-spacing: 1px; line-height: 28px; text-align: left;">"Cookies" are small files which identify your computer to our server as a unique user when you visit certain pages on the Site and they are stored by your Internet browser on your computer''s hard drive. We offer certain features that are only available through the use of a "cookie". We also use cookies to allow you to enter your password less frequently during a session. Cookies can also help us provide information that is targeted to your interests. Most cookies are "session cookies," meaning that they are automatically deleted from your hard drive at the end of a session. You are always free to decline our cookies if your browser permits, although in that case you may not be able to use full functionality of the Site. We only use cookies for your convenience in using the Site and not for obtaining or using any other information about you. We do not control the use of cookies by third parties.</p>\r\n<p style="text-align: left;"><strong style="box-sizing: border-box; color: #444444; font-family: ''Roboto'', sans-serif; font-size: 14px; letter-spacing: 1px; line-height: 28px; text-align: justify;">3. Your disclosure of your information</strong></p>\r\n<p style="box-sizing: border-box; margin: 0px 0px 10px; color: #444444; font-family: Roboto, sans-serif; font-size: 14px; letter-spacing: 1px; line-height: 28px; text-align: left;">Please note that that any information you disclose in feedback, reviews and ratings with respect to your experiences in using our services, and those of the Travel Agents, Hoteliers, or Event Planners matched with you becomes public information and you should exercise caution when deciding to disclose your personal information. We may, from time to time, make links to other websites available to you; please remember that any information that is disclosed in these areas also becomes public information and you should exercise caution when deciding to disclose your personal information.</p>\r\n<p style="text-align: left;"><strong style="box-sizing: border-box; color: #444444; font-family: ''Roboto'', sans-serif; font-size: 14px; letter-spacing: 1px; line-height: 28px; text-align: justify;">4. Interactions with other users</strong></p>\r\n<p style="box-sizing: border-box; margin: 0px 0px 10px; color: #444444; font-family: Roboto, sans-serif; font-size: 14px; letter-spacing: 1px; line-height: 28px; text-align: left;">If you transact business with a Merchant whose link or contacts originates from TRAVELB2BHUB.com or a Merchant catalog or website "presented by" TRAVELB2BHUB.com, the information you provide to that Merchant, such as your credit card number and contact information etc., is provided to the Merchant and NOT to TRAVELB2BHUB.com. TRAVELB2BHUB.com and its parent company bear no responsibility of the financial transactions between any users of this website/App. Please note that the Merchant may, if you do not specify to the contrary, share your name and postal and email addresses with third parties, including TRAVELB2BHUB. You should also know that these Merchants have their own privacy policies and data collection practices and are not covered by the TRAVELB2BHUB Privacy Policy. We do not have any control over and therefore take no responsibility or liability for these independent policies. For more information regarding Merchants appearing on TRAVELB2BHUB or other Merchants who send catalogs or host websites "presented by" TRAVELB2BHUB and their privacy policies, please see the Merchant''s website or contact them at the contact information provided on their website/catalog. Merchants that have links on the TRAVELB2BHUB site may collect personally identifiable information about you. The information practices of these Merchants are not covered by the TRAVELB2BHUB Privacy Policy.</p>\r\n<p style="text-align: left;"><strong style="box-sizing: border-box; color: #444444; font-family: ''Roboto'', sans-serif; font-size: 14px; letter-spacing: 1px; line-height: 28px; text-align: justify;">5. Changes to this Privacy Policy Statement</strong></p>\r\n<p style="box-sizing: border-box; margin: 0px 0px 10px; color: #444444; font-family: Roboto, sans-serif; font-size: 14px; letter-spacing: 1px; line-height: 28px; text-align: left;">From time to time, we may use the information you provide us for new, unanticipated uses not previously addressed in our Privacy Policy. If our information practices change at some time in the future we will post the policy changes on the privacy page of our Website to notify you of these changes, and the revised Privacy Policy will apply to all of your personal information that we have on file, provided, however, that we will continue to honor any past requests not to share your information with third parties. You should check our Website periodically for more information on how we use the data we collect. If there is a material change in the manner we use data we collect, we will update this Privacy Policy to reflect these changes.</p>\r\n<p style="text-align: left;"><strong style="box-sizing: border-box; color: #444444; font-family: ''Roboto'', sans-serif; font-size: 14px; letter-spacing: 1px; line-height: 28px; text-align: justify;"> 6. Conflict in Terms</strong></p>\r\n<p style="text-align: left;"><strong style="box-sizing: border-box; color: #444444; font-family: ''Roboto'', sans-serif; font-size: 14px; letter-spacing: 1px; line-height: 28px; text-align: justify;">NOTE:</strong></p>\r\n<p style="box-sizing: border-box; margin: 0px 0px 10px; color: #444444; font-family: Roboto, sans-serif; font-size: 14px; letter-spacing: 1px; line-height: 28px; text-align: left;">Our privacy policy is subject to change at any time without notice. To make sure you are aware of any changes, please review this policy periodically.</p>', '2017-10-23 00:00:00', '2017-10-23 00:00:00', 1),
(21, 0, 'Terms & Conditions', '<p class="p-policy-content" style="box-sizing: border-box; margin: 0px 0px 10px; color: #444444; font-family: Raleway-Regular; font-size: 14px; letter-spacing: 1px; line-height: 28px; text-align: left;"></p>\r\n<p class="p-policy-content" style="box-sizing: border-box; margin: 0px 0px 10px; color: #444444; font-family: Raleway-Regular; font-size: 14px; letter-spacing: 1px; line-height: 28px; text-align: left;">TRAVELB2BHUB.com is a registered product of B2BHUB, a Partnership Company. Here on, the term ''You'' refers to the user or viewer of TRAVELB2BHUB.com and its related tools. The purpose of this website, Apps, and its related tools is to connect Travel Agents, Hoteliers and Event Planners, interested in trading with each other, but all financial transactions performed by you, due to your connections made through the website are not the responsibility of TRAVELB2BHUB.com or its parent company. Please read the following Terms and Conditions for use of TRAVELB2BHUB.com and its related tools:</p>\r\n<p style="text-align: left;"><strong style="box-sizing: border-box; color: #444444; font-family: Raleway-Regular; font-size: 14px; letter-spacing: 1px; line-height: 28px; text-align: justify;">Eligibility</strong></p>\r\n<p style="box-sizing: border-box; margin: 0px 0px 10px; color: #444444; font-family: Raleway-Regular; font-size: 14px; letter-spacing: 1px; line-height: 28px; text-align: left;">Use of TRAVELB2BHUB.com is available only to persons who can form a legally binding contract under the Indian Contract Act, 1872. If you are under the age of 18, you cannot be a registered member of this site, and use its related tools.</p>\r\n<p style="box-sizing: border-box; margin: 0px 0px 10px; color: #444444; font-family: Raleway-Regular; font-size: 14px; letter-spacing: 1px; line-height: 28px; text-align: left;">This website/APP will serve as a B2B network that connects Travel Agents, Hoteliers, and Event Planners, within India, with each other to enable them to sell and market tourism related services better, and even in locations were they didnt have reach or contacts. This is a B2B networking site and is NOT meant to cater directly to individual travelers.<strong style="box-sizing: border-box;">The terms of use for each category of users are as follows:</strong></p>\r\n<p style="text-align: left;"><strong style="box-sizing: border-box; color: #444444; font-family: Raleway-Regular; font-size: 14px; letter-spacing: 1px; line-height: 28px; text-align: justify;">1) TRAVEL AGENTS:</strong></p>\r\n<p style="box-sizing: border-box; margin: 0px 0px 10px; color: #444444; font-family: Raleway-Regular; font-size: 14px; letter-spacing: 1px; line-height: 28px; text-align: left;">You, as a travel agent registered on this Portal/App, will be able connect and collaborate with other Travel Agents, Hotels, and Event Planners (currently within India) to perform the following two tasks to increase your business:</p>\r\n<p style="box-sizing: border-box; margin: 0px 0px 10px; color: #444444; font-family: Raleway-Regular; font-size: 14px; letter-spacing: 1px; line-height: 28px; text-align: left;">i. Place requests for travel requirements like Travel Packages, Hotels, or Transport for any location of your choice (currently within India), and get competitive prices from Travel Agents or Hotels, and then finalize the deal of your choice.</p>\r\n<p style="box-sizing: border-box; margin: 0px 0px 10px; color: #444444; font-family: Raleway-Regular; font-size: 14px; letter-spacing: 1px; line-height: 28px; text-align: left;">ii. Respond to requests placed by other Travel Agents for Packages, hotels, or transport for the region where you have chosen to have reach and can provide good service.</p>\r\n<p style="box-sizing: border-box; margin: 0px 0px 10px; color: #444444; font-family: Raleway-Regular; font-size: 14px; letter-spacing: 1px; line-height: 28px; text-align: left;"><strong style="box-sizing: border-box;">Important:</strong>This is a networking site that facilitates structured interaction to enhance user experience while doing business, but facilitating and managing financial transactions like transfer of money between users is beyond the scope of this website and its tools. TRAVELB2BHUB.com and its parent company take no responsibility for the financial transactions or other commitments agreed between the users.</p>\r\n<p style="text-align: left;"><strong style="box-sizing: border-box; color: #444444; font-family: Raleway-Regular; font-size: 14px; letter-spacing: 1px; line-height: 28px; text-align: justify;">2) HOTELIERS:</strong></p>\r\n<p style="box-sizing: border-box; margin: 0px 0px 10px; color: #444444; font-family: Raleway-Regular; font-size: 14px; letter-spacing: 1px; line-height: 28px; text-align: left;">You, as a Hotelier/ Hotels Sales Manager once registered on this Portal/App, will be able connect and collaborate with Travel Agents, and Event Planners to sell your hotel rooms by responding to requests placed by them in real-time.</p>\r\n<p style="box-sizing: border-box; margin: 0px 0px 10px; color: #444444; font-family: Raleway-Regular; font-size: 14px; letter-spacing: 1px; line-height: 28px; text-align: left;"><strong style="box-sizing: border-box;">Important:</strong>This is a networking site that facilitates structured interaction to enhance user experience while doing business, but facilitating and managing financial transactions like transfer of money between users is beyond the scope of this website and its tools. TRAVELB2BHUB.com and its parent company take no responsibility for the financial transactions or other commitments agreed between the users.</p>\r\n<p style="box-sizing: border-box; margin: 0px 0px 10px; color: #444444; font-family: Raleway-Regular; font-size: 14px; letter-spacing: 1px; line-height: 28px; text-align: left;"><strong style="box-sizing: border-box;">3) EVENT PLANNERS:</strong></p>\r\n<p style="box-sizing: border-box; margin: 0px 0px 10px; color: #444444; font-family: Raleway-Regular; font-size: 14px; letter-spacing: 1px; line-height: 28px; text-align: left;">You, as an Event Planner registered on this Portal/App, will be able connect and collaborate with other Travel Agents, and Hoteliers to place requests for travel requirements like Travel Packages, Hotels, or Transport for any location of your choice (currently within India), and get competitive prices from Travel Agents or Hotels, and then finalize the deal of your choice.</p>\r\n<p style="box-sizing: border-box; margin: 0px 0px 10px; color: #444444; font-family: Raleway-Regular; font-size: 14px; letter-spacing: 1px; line-height: 28px; text-align: left;"><strong style="box-sizing: border-box;">Important:</strong>This is a networking site that facilitates structured interaction to enhance user experience while doing business, but facilitating and managing financial transactions like transfer of money between users is beyond the scope of this website and its tools. TRAVELB2BHUB.com and its parent company take no responsibility for the financial transactions or other commitments agreed between the users.</p>\r\n<p style="text-align: left;"><strong style="box-sizing: border-box; color: #444444; font-family: Raleway-Regular; font-size: 14px; letter-spacing: 1px; line-height: 28px; text-align: justify;">General Conditions:</strong></p>\r\n<p style="box-sizing: border-box; margin: 0px 0px 10px; color: #444444; font-family: Raleway-Regular; font-size: 14px; letter-spacing: 1px; line-height: 28px; text-align: left;"> The content of the pages of this website and related tools is subject to change without notice.</p>\r\n<p style="box-sizing: border-box; margin: 0px 0px 10px; color: #444444; font-family: Raleway-Regular; font-size: 14px; letter-spacing: 1px; line-height: 28px; text-align: left;"> The user may register for free, but will be required to pay a nominal fixed membership fee to use certain services. The membership fee, a user pays prior to using certain services of TRAVELB2BHUB.com are nonrefundable.</p>\r\n<p style="box-sizing: border-box; margin: 0px 0px 10px; color: #444444; font-family: Raleway-Regular; font-size: 14px; letter-spacing: 1px; line-height: 28px; text-align: left;"> Your use of any information or materials on this website is entirely at your own risk, for which TRAVELB2BHUB.com shall not be liable. It shall be your own responsibility to ensure that any products, services or information available through your interactions on/ via this website meets your specific requirements.</p>\r\n<p style="box-sizing: border-box; margin: 0px 0px 10px; color: #444444; font-family: Raleway-Regular; font-size: 14px; letter-spacing: 1px; line-height: 28px; text-align: left;"> The contents of this website are a property of TRAVELB2BHUB.com and its parent company, and are protected by copyright laws.</p>\r\n<p style="box-sizing: border-box; margin: 0px 0px 10px; color: #444444; font-family: Raleway-Regular; font-size: 14px; letter-spacing: 1px; line-height: 28px; text-align: left;"> B2BHUB (including its directors, officers, employees, agents and their respective successors, heirs and assigns) shall not be or deemed to be responsible or liable for any direct, indirect, punitive, incidental, special, or consequential damages arising out of, or in any way connected with, your access to, display of or use of this Website or for any lack or deficiency of services provided by any user of this website.</p>\r\n<p style="box-sizing: border-box; margin: 0px 0px 10px; color: #444444; font-family: Raleway-Regular; font-size: 14px; letter-spacing: 1px; line-height: 28px; text-align: left;"> We value your privacy, please review our Privacy Policy before accepting our Term and Conditions for use of TRAVELB2BHUB.com.</p>\r\n<p style="text-align: left;"><strong style="box-sizing: border-box; color: #444444; font-family: Raleway-Regular; font-size: 14px; letter-spacing: 1px; line-height: 28px; text-align: justify;">Contact Us:</strong></p>\r\n<p style="box-sizing: border-box; margin: 0px 0px 10px; color: #444444; font-family: Raleway-Regular; font-size: 14px; letter-spacing: 1px; line-height: 28px; text-align: left;">We appreciate your feedback, please feel free to send any questions, comments regarding this website and its related tools to contactus@travelb2bhub.com.</p>', '2017-10-23 00:00:00', '2017-10-23 00:00:00', 1),
(22, 0, 'FAQs', '<div class="col-lg-12 col-md-12 col-sm-12 col-xs-12">\r\n<div class="panel with-nav-tabs panel-default">\r\n<div class="panel-heading">\r\n<ul class="nav nav-tabs">\r\n<li class="active"><a href="#travel_agent" data-toggle="tab">Travel Agent</a></li>\r\n<li><a href="#event_planner" data-toggle="tab">Event Planner</a></li>\r\n<li><a href="#hotelier" data-toggle="tab">Hotelier</a></li>\r\n</ul>\r\n</div>\r\n<div class="panel-body">\r\n<div class="tab-content">\r\n<div id="travel_agent" class="tab-pane fade in active">\r\n<p><strong>Q1. Do I really pay NO commission to TravelB2BHub for connecting me to Buyers/ Sellers?</strong></p>\r\n<p><strong>Ans.</strong> Yes, TravelB2BHub does not charge any commission despite the value of the transaction.</p>\r\n<p><strong> Q2. Does this portal/App have an inventory management system (API based) that provides leads of Travel Packages, Hotel Rooms, or Transportation Services to Travel Agents?</strong></p>\r\n<p><strong>Ans.</strong> No, TravelB2BHub serves as a B2B network that directly connects Travel Agents with suppliers (other Travel Agents, DMCs, Tour Operators, or Hoteliers) based on the destination of the requirement. It allows added flexibility in negotiating deals, and in reaching locations where users didnt have contacts. It speeds up the process of searching and negotiating deals by providing an organized step-by-step process to users.</p>\r\n<p><strong>Q3. What are the steps taken to ensure that the businesses listed on TravelB2Bhub are bona fide businesses?</strong></p>\r\n<p><strong>Ans.</strong> Each user with a profile on TravelB2BHub is required to provide their Company PAN Card details, Photographs of their office/ Hotel, Shop Act/ Registration, and Certificates. Users can view the percentage completeness of each others profile to assess the veracity of the other party. After existing on the portal/App for some time, each user will have a transaction history, rating and reviews which will be visible to other users.</p>\r\n<p><strong>Q4. Do I get charged if no one responds to my request?</strong></p>\r\n<p><strong>Ans.</strong> No, you will not be charged if you close your request before any response is received on it.</p>\r\n<p><strong>Q5. Do I get charged for responding to a request placed by others? </strong></p>\r\n<p><strong>Ans.</strong> No, even if you use up your quota of requests you will still be able to respond to requests by other users for the entire term of 1 year starting from the date you purchased your membership</p>\r\n<p><strong>Q6. I own a Travel Agency, do I need to create multiple Usernames for my employees?</strong></p>\r\n<p><strong>Ans.</strong> TravelB2BHub provides you the flexibility to allow all your employees to login to the portal/App using a single Username. However, you can create multiple accounts if you like.</p>\r\n<p><strong>Q7. What if I use up my quota of requests and want to place more requests?</strong></p>\r\n<p><strong>Ans.</strong> You may simply purchase more by renewing your membership.</p>\r\n<p><strong>Q8. Does TravelB2BHub provide services of transferring funds between the parties connecting on the website/App to buy and sell services?</strong></p>\r\n<p><strong>Ans.</strong> No, this platform is strictly to connect businesses interested in buying and selling services related to the tourism industry. Financial transactions are the responsibility of parties involved and must be carried out using their own money transfer methods.</p>\r\n<p><strong>Q9. What if someone doesnt uphold the terms of negotiations that he agreed on?</strong></p>\r\n<p><strong>Ans.</strong> We have a Reviewing/ Rating functionality available for you to rate the quality of your interaction with the other party that will be visible to all the users. Also, you may Block a user if the interaction is below normal business expectations. TravelB2BHub will monitor all the Blocked users and remove any repeat offenders from the website. Credibility is the key to long term business relations and we hope that businesses listed on this website will uphold that expectation.</p>\r\n</div>\r\n<div id="event_planner" class="tab-pane fade">\r\n<p><strong>Q1. Do I really pay NO COMMISSION to TravelB2BHub for connecting me to Sellers?</strong></p>\r\n<p><strong>Ans.</strong> Yes, TravelB2BHub does not charge any commission despite the value of the transaction.</p>\r\n<p><strong>Q2. Does this portal/App have an inventory management system (API based) that provides leads of Travel Packages, Hotel Rooms, or Transportation Services to Event Planners?</strong></p>\r\n<p><strong>Ans.</strong> No, TravelB2BHub serves as a B2B network that directly connects Event Planners with suppliers (Travel Agents, DMCs, Tour Operators, or Hoteliers) based on the destination of the requirement. It allows added flexibility in negotiating deals, and in reaching locations where users didnt have contacts. It speeds up the process of searching and negotiating deals by providing an organized step-by-step process to users.</p>\r\n<p><strong>Q3. What is the region of operation of this portal/App?</strong></p>\r\n<p><strong>Ans.</strong> TravelB2BHub is an ALL INDIA Network designed to directly connect Event Planners with TRAVEL AGENTS (DMCs, TOUR OPERATORS etc.), and Hoteliers.</p>\r\n<p><strong>Q4. What are the steps taken to ensure that the businesses listed on TravelB2Bhub are bona fide businesses?</strong></p>\r\n<p><strong>Ans.</strong> Each user with a profile on TravelB2BHub is required to provide their Company PAN Card details, Photographs of their office/ Hotel, Shop Act/ Registration, and Certificates. Users can view the percentage completeness of each others profile to assess the veracity of the other party. After existing on the portal/App for some time, each user will have a transaction history, rating and reviews which will be visible to other users.</p>\r\n<p><strong>Q5. Do I get charged if no one responds to my request?</strong></p>\r\n<p><strong>Ans.</strong> No, you will not be charged if you close your request before any response is received on it.</p>\r\n<p><strong>Q6. I own an Event Planning company, do I need to create multiple Usernames for my employees?</strong></p>\r\n<p><strong>Ans.</strong> TravelB2BHub provides you the flexibility to allow all your employees to login to the portal/App using a single Username. However, you can create multiple accounts if you like.</p>\r\n<p><strong>Q7. What if I use up my quota of requests and want to place more requests?</strong></p>\r\n<p><strong>Ans.</strong> You may simply purchase more by renewing your membership.</p>\r\n<p><strong>Q8. Does TravelB2BHub provide services of transferring funds between the parties connecting on the website/App to buy and sell services?</strong></p>\r\n<p><strong>Ans.</strong> No, this platform is strictly to connect businesses interested in buying and selling services related to the tourism industry. Financial transactions are the responsibility of parties involved and must be carried out using their own money transfer methods.</p>\r\n<p><strong>Q9. What if someone doesnt uphold the terms of negotiations that he agreed on?</strong></p>\r\n<p><strong>Ans.</strong> We have a Reviewing/ Rating functionality available for you to rate the quality of your interaction with the other party that will be visible to all the users. Also, you may Block a user if the interaction is below normal business expectations. TravelB2BHub will monitor all the Blocked users and remove any repeat offenders from the website. Credibility is the key to long term business relations and we hope that businesses listed on this website will uphold that expectation.</p>\r\n</div>\r\n<div id="hotelier" class="tab-pane fade">\r\n<p><strong>Q1. Do I really pay NO COMMISSION to TravelB2BHub for connecting me to Buyers?</strong></p>\r\n<p><strong>Ans.</strong> Yes, TravelB2BHub does not charge any commission despite the value of the transaction.</p>\r\n<p><strong>Q2. Does this portal/App function as an inventory management system (API based) that provides leads of Hotel Rooms to Travel Agents, DMCs, or Tour Operators?</strong></p>\r\n<p><strong>Ans.</strong> No, TravelB2BHub serves as a B2B network that directly connects buyer with suppliers (Hoteliers, Travel Agents, DMCs, Tour Operators) based on the destination of the buyers requirement. It allows added flexibility in negotiating deals, and in reaching locations where users didnt have contacts. It speeds up the process of searching and negotiating deals by providing an organized step-by-step process to users.</p>\r\n<p><strong>Q3. What is the region of operation of this portal/App?</strong></p>\r\n<p><strong>Ans.</strong> TravelB2BHub is an ALL INDIA Network designed to directly connect TRAVEL AGENTS (DMCs, TOUR OPERATORS etc.), Event Planners with Hoteliers.</p>\r\n<p><strong>Q4. What are the steps taken to ensure that the businesses listed on TravelB2Bhub are bona fide businesses?</strong></p>\r\n<p><strong>Ans.</strong> Each user with a profile on TravelB2BHub is required to provide their Company PAN Card details, Photographs of their office/ Hotel, Shop Act/ Registration, and Certificates. Users can view the percentage completeness of each others profile to assess the veracity of the other party. After existing on the portal/App for some time, each user will have a transaction history, rating and reviews which will be visible to other users.</p>\r\n<p><strong>Q5. Do I get charged for responding to a request for hotel rooms received by me on my profile?</strong></p>\r\n<p><strong>Ans.</strong> No, once you have paid the membership fee, you will not be charged any fee for responding to requests during the validity period of the membership.</p>\r\n<p><strong>Q6. I own multiple hotel properties; do I need to create different Usernames for each of them?</strong></p>\r\n<p><strong>Ans.</strong> Yes, each property must have its own profile. This will ensure that only relevant requests based on Location, Hotel Type, Price Range etc. are sent to the User.</p>\r\n<p><strong>Q7. Can I market my Hotel on TravelB2BHub?</strong></p>\r\n<p><strong>Ans.</strong> Please click on <a href="promotions">Promote your hotel</a> to find out more.</p>\r\n<p><strong>Q8. Does TravelB2BHub provide services of transferring funds between the parties connecting on the website/App to buy and sell services?</strong></p>\r\n<p><strong>Ans.</strong> No, this platform is strictly to connect businesses interested in buying and selling services related to the tourism industry. Financial transactions are the responsibility of parties involved and must be carried out using their own money transfer methods.</p>\r\n<p><strong>Q9. What if someone doesnt uphold the terms of negotiations that he agreed on?</strong></p>\r\n<p><strong>Ans.</strong> We have a Reviewing/ Rating functionality available for you to rate the quality of your interaction with the other party that will be visible to all the users. Also, you may Block a user if the interaction is below normal business expectations. TravelB2BHub will monitor all the Blocked users and remove any repeat offenders from the website. Credibility is the key to long term business relations and we hope that businesses listed on this website will uphold that expectation.</p>\r\n</div>\r\n</div>\r\n</div>\r\n</div>\r\n</div>', '2017-10-23 00:00:00', '2017-10-23 00:00:00', 1),
(23, 0, 'About Us', '<p class="about_first_p"><span class="dropcap">T</span>ravelB2BHub.com is a registered product of B2BHUB, a Partnership Company founded in Udaipur, Rajasthan, India. We have come together to make the Tourism business evolve and serve its clients better, by connecting Travel Agents, Hoteliers, and Event Planners to buy and sell services to each other, while paying no commission to us.</p>\n<div class="col-lg-4 col-md-4 col-sm-4 col-xs-12 margin-b20">\n<div class="icon">\n<div class="image"><img class="" src="/img/22.png" alt="" /></div>\n<div class="info">\n<h4 class="title">THE IDEA</h4>\n<p>The idea of creating this online network came to us when a Travel Agent friend complained about not being able to provide high quality service to his clients, where he didnt have contacts. He complained how he would have to rely on disorganized and time consuming google searches, and WhatsApp groups to reach out to others to organize Travel Packages, Hotel Rooms, and Transportation, and sometimes fail.</p>\n</div>\n</div>\n</div>\n<div class="col-lg-4 col-md-4 col-sm-4 col-xs-12 margin-b20">\n<div class="icon">\n<div class="image"><img class="" src="/img/11.png" alt="" /></div>\n<div class="info">\n<h4 class="title">THE SOLUTION</h4>\n<p>We have created an integrated tourism trading network where Travel Agents and Event Planners can connect directly with other Travel Agents, Hoteliers, and Event Planners to sell more, and do it faster, while paying NO COMMISSION to us, regardless of the value of the sale. In addition, this network will reduce the marketing efforts of Hoteliers, by directly connecting them with Travel Agents and Event Planners.</p>\n</div>\n</div>\n</div>\n<div class="col-lg-4 col-md-4 col-sm-4 col-xs-12 margin-b20">\n<div class="icon">\n<div class="image"><img class="" src="/img/33.png" alt="" /></div>\n<div class="info">\n<h4 class="title">FUTURE</h4>\n<p>We are committed to make this network more efficient and more expansive, while reducing the costs of doing business, so the Hospitality Industry can grow and serve its clients better.</p>\n</div>\n</div>\n</div>', '2017-10-23 00:00:00', '2017-10-23 00:00:00', 1),
(24, 12, 'Travel Agent', '<div class="col-lg-12 col-md-12 col-sm-12 col-xs-12">\r\n<p><strong>Q1. Do I really pay NO commission to TravelB2BHub for connecting me to Buyers/ Sellers?</strong></p>\r\n<p><strong>Ans.</strong> Yes, TravelB2BHub does not charge any commission despite the value of the transaction.</p>\r\n<p><strong> Q2. Does this portal/App have an inventory management system (API based) that provides leads of Travel Packages, Hotel Rooms, or Transportation Services to Travel Agents?</strong></p>\r\n<p><strong>Ans.</strong> No, TravelB2BHub serves as a B2B network that directly connects Travel Agents with suppliers (other Travel Agents, DMCs, Tour Operators, or Hoteliers) based on the destination of the requirement. It allows added flexibility in negotiating deals, and in reaching locations where users didnt have contacts. It speeds up the process of searching and negotiating deals by providing an organized step-by-step process to users.</p>\r\n<p><strong>Q3. What are the steps taken to ensure that the businesses listed on TravelB2Bhub are bona fide businesses?</strong></p>\r\n<p><strong>Ans.</strong> Each user with a profile on TravelB2BHub is required to provide their Company PAN Card details, Photographs of their office/ Hotel, Shop Act/ Registration, and Certificates. Users can view the percentage completeness of each others profile to assess the veracity of the other party. After existing on the portal/App for some time, each user will have a transaction history, rating and reviews which will be visible to other users.</p>\r\n<p><strong>Q4. Do I get charged if no one responds to my request?</strong></p>\r\n<p><strong>Ans.</strong> No, you will not be charged if you close your request before any response is received on it.</p>\r\n<p><strong>Q5. Do I get charged for responding to a request placed by others? </strong></p>\r\n<p><strong>Ans.</strong> No, even if you use up your quota of requests you will still be able to respond to requests by other users for the entire term of 1 year starting from the date you purchased your membership</p>\r\n<p><strong>Q6. I own a Travel Agency, do I need to create multiple Usernames for my employees?</strong></p>\r\n<p><strong>Ans.</strong> TravelB2BHub provides you the flexibility to allow all your employees to login to the portal/App using a single Username. However, you can create multiple accounts if you like.</p>\r\n<p><strong>Q7. What if I use up my quota of requests and want to place more requests?</strong></p>\r\n<p><strong>Ans.</strong> You may simply purchase more by renewing your membership.</p>\r\n<p><strong>Q8. Does TravelB2BHub provide services of transferring funds between the parties connecting on the website/App to buy and sell services?</strong></p>\r\n<p><strong>Ans.</strong> No, this platform is strictly to connect businesses interested in buying and selling services related to the tourism industry. Financial transactions are the responsibility of parties involved and must be carried out using their own money transfer methods.</p>\r\n<p><strong>Q9. What if someone doesnt uphold the terms of negotiations that he agreed on?</strong></p>\r\n<p><strong>Ans.</strong> We have a Reviewing/ Rating functionality available for you to rate the quality of your interaction with the other party that will be visible to all the users. Also, you may Block a user if the interaction is below normal business expectations. TravelB2BHub will monitor all the Blocked users and remove any repeat offenders from the website. Credibility is the key to long term business relations and we hope that businesses listed on this website will uphold that expectation.</p>\r\n</div>', '2017-10-23 00:00:00', '2017-10-23 00:00:00', 1),
(25, 12, 'Event Planner', '<div class="col-lg-12 col-md-12 col-sm-12 col-xs-12">\n<p><strong>Q1. Do I really pay NO COMMISSION to TravelB2BHub for connecting me to Sellers?</strong></p>\n<p><strong>Ans.</strong> Yes, TravelB2BHub does not charge any commission despite the value of the transaction.</p>\n<p><strong>Q2. Does this portal/App have an inventory management system (API based) that provides leads of Travel Packages, Hotel Rooms, or Transportation Services to Event Planners?</strong></p>\n<p><strong>Ans.</strong> No, TravelB2BHub serves as a B2B network that directly connects Event Planners with suppliers (Travel Agents, DMCs, Tour Operators, or Hoteliers) based on the destination of the requirement. It allows added flexibility in negotiating deals, and in reaching locations where users didnt have contacts. It speeds up the process of searching and negotiating deals by providing an organized step-by-step process to users.</p>\n<p><strong>Q3. What is the region of operation of this portal/App?</strong></p>\n<p><strong>Ans.</strong> TravelB2BHub is an ALL INDIA Network designed to directly connect Event Planners with TRAVEL AGENTS (DMCs, TOUR OPERATORS etc.), and Hoteliers.</p>\n<p><strong>Q4. What are the steps taken to ensure that the businesses listed on TravelB2Bhub are bona fide businesses?</strong></p>\n<p><strong>Ans.</strong> Each user with a profile on TravelB2BHub is required to provide their Company PAN Card details, Photographs of their office/ Hotel, Shop Act/ Registration, and Certificates. Users can view the percentage completeness of each others profile to assess the veracity of the other party. After existing on the portal/App for some time, each user will have a transaction history, rating and reviews which will be visible to other users.</p>\n<p><strong>Q5. Do I get charged if no one responds to my request?</strong></p>\n<p><strong>Ans.</strong> No, you will not be charged if you close your request before any response is received on it.</p>\n<p><strong>Q6. I own an Event Planning company, do I need to create multiple Usernames for my employees?</strong></p>\n<p><strong>Ans.</strong> TravelB2BHub provides you the flexibility to allow all your employees to login to the portal/App using a single Username. However, you can create multiple accounts if you like.</p>\n<p><strong>Q7. What if I use up my quota of requests and want to place more requests?</strong></p>\n<p><strong>Ans.</strong> You may simply purchase more by renewing your membership.</p>\n<p><strong>Q8. Does TravelB2BHub provide services of transferring funds between the parties connecting on the website/App to buy and sell services?</strong></p>\n<p><strong>Ans.</strong> No, this platform is strictly to connect businesses interested in buying and selling services related to the tourism industry. Financial transactions are the responsibility of parties involved and must be carried out using their own money transfer methods.</p>\n<p><strong>Q9. What if someone doesnt uphold the terms of negotiations that he agreed on?</strong></p>\n<p><strong>Ans.</strong> We have a Reviewing/ Rating functionality available for you to rate the quality of your interaction with the other party that will be visible to all the users. Also, you may Block a user if the interaction is below normal business expectations. TravelB2BHub will monitor all the Blocked users and remove any repeat offenders from the website. Credibility is the key to long term business relations and we hope that businesses listed on this website will uphold that expectation.</p>\n</div>', '2017-10-23 00:00:00', '2017-10-23 00:00:00', 1),
(26, 12, 'Hotelier', '<div class="col-lg-12 col-md-12 col-sm-12 col-xs-12">\n<p><strong>Q1. Do I really pay NO COMMISSION to TravelB2BHub for connecting me to Buyers?</strong></p>\n<p><strong>Ans.</strong> Yes, TravelB2BHub does not charge any commission despite the value of the transaction.</p>\n<p><strong>Q2. Does this portal/App function as an inventory management system (API based) that provides leads of Hotel Rooms to Travel Agents, DMCs, or Tour Operators?</strong></p>\n<p><strong>Ans.</strong> No, TravelB2BHub serves as a B2B network that directly connects buyer with suppliers (Hoteliers, Travel Agents, DMCs, Tour Operators) based on the destination of the buyers requirement. It allows added flexibility in negotiating deals, and in reaching locations where users didnt have contacts. It speeds up the process of searching and negotiating deals by providing an organized step-by-step process to users.</p>\n<p><strong>Q3. What is the region of operation of this portal/App?</strong></p>\n<p><strong>Ans.</strong> TravelB2BHub is an ALL INDIA Network designed to directly connect TRAVEL AGENTS (DMCs, TOUR OPERATORS etc.), Event Planners with Hoteliers.</p>\n<p><strong>Q4. What are the steps taken to ensure that the businesses listed on TravelB2Bhub are bona fide businesses?</strong></p>\n<p><strong>Ans.</strong> Each user with a profile on TravelB2BHub is required to provide their Company PAN Card details, Photographs of their office/ Hotel, Shop Act/ Registration, and Certificates. Users can view the percentage completeness of each others profile to assess the veracity of the other party. After existing on the portal/App for some time, each user will have a transaction history, rating and reviews which will be visible to other users.</p>\n<p><strong>Q5. Do I get charged for responding to a request for hotel rooms received by me on my profile?</strong></p>\n<p><strong>Ans.</strong> No, once you have paid the membership fee, you will not be charged any fee for responding to requests during the validity period of the membership.</p>\n<p><strong>Q6. I own multiple hotel properties; do I need to create different Usernames for each of them?</strong></p>\n<p><strong>Ans.</strong> Yes, each property must have its own profile. This will ensure that only relevant requests based on Location, Hotel Type, Price Range etc. are sent to the User.</p>\n<p><strong>Q7. Can I market my Hotel on TravelB2BHub?</strong></p>\n<p><strong>Ans.</strong> Please click on <a href="promotions">Promote your hotel</a> to find out more.</p>\n<p><strong>Q8. Does TravelB2BHub provide services of transferring funds between the parties connecting on the website/App to buy and sell services?</strong></p>\n<p><strong>Ans.</strong> No, this platform is strictly to connect businesses interested in buying and selling services related to the tourism industry. Financial transactions are the responsibility of parties involved and must be carried out using their own money transfer methods.</p>\n<p><strong>Q9. What if someone doesnt uphold the terms of negotiations that he agreed on?</strong></p>\n<p><strong>Ans.</strong> We have a Reviewing/ Rating functionality available for you to rate the quality of your interaction with the other party that will be visible to all the users. Also, you may Block a user if the interaction is below normal business expectations. TravelB2BHub will monitor all the Blocked users and remove any repeat offenders from the website. Credibility is the key to long term business relations and we hope that businesses listed on this website will uphold that expectation.</p>\n</div>', '2017-10-23 00:00:00', '2017-10-23 00:00:00', 1);

-- --------------------------------------------------------

--
-- Table structure for table `password_reminders`
--

CREATE TABLE IF NOT EXISTS `password_reminders` (
  `email` varchar(255) COLLATE utf8_unicode_ci NOT NULL,
  `token` varchar(255) COLLATE utf8_unicode_ci NOT NULL,
  `created_at` timestamp NOT NULL DEFAULT CURRENT_TIMESTAMP ON UPDATE CURRENT_TIMESTAMP,
  KEY `password_reminders_email_index` (`email`),
  KEY `password_reminders_token_index` (`token`)
) ENGINE=InnoDB DEFAULT CHARSET=utf8 COLLATE=utf8_unicode_ci;

-- --------------------------------------------------------

--
-- Table structure for table `permissions`
--

CREATE TABLE IF NOT EXISTS `permissions` (
  `id` int(10) unsigned NOT NULL AUTO_INCREMENT,
  `name` varchar(255) COLLATE utf8_unicode_ci NOT NULL,
  `label` varchar(255) COLLATE utf8_unicode_ci DEFAULT NULL,
  `created_at` timestamp NULL DEFAULT NULL,
  `updated_at` timestamp NULL DEFAULT NULL,
  PRIMARY KEY (`id`)
) ENGINE=InnoDB  DEFAULT CHARSET=utf8 COLLATE=utf8_unicode_ci AUTO_INCREMENT=8 ;

--
-- Dumping data for table `permissions`
--

INSERT INTO `permissions` (`id`, `name`, `label`, `created_at`, `updated_at`) VALUES
(4, 'membership', 'Membership', '2017-05-02 23:05:31', '2017-05-02 23:05:31'),
(5, 'pages', 'Pages', '2017-05-02 23:05:46', '2017-05-02 23:05:46'),
(6, 'slider', 'Slider', '2017-05-02 23:06:00', '2017-05-02 23:06:00'),
(7, 'users', 'Users', '2017-05-02 23:06:22', '2017-05-02 23:07:31');

-- --------------------------------------------------------

--
-- Table structure for table `permission_role`
--

CREATE TABLE IF NOT EXISTS `permission_role` (
  `permission_id` int(10) unsigned NOT NULL,
  `role_id` int(10) unsigned NOT NULL,
  PRIMARY KEY (`permission_id`,`role_id`),
  KEY `permission_role_role_id_foreign` (`role_id`)
) ENGINE=InnoDB DEFAULT CHARSET=utf8 COLLATE=utf8_unicode_ci;

-- --------------------------------------------------------

--
-- Table structure for table `post_travle_packages`
--

CREATE TABLE IF NOT EXISTS `post_travle_packages` (
  `id` int(11) NOT NULL AUTO_INCREMENT,
  `title` varchar(255) NOT NULL,
  `duration_night` int(11) NOT NULL,
  `duration_day` int(11) NOT NULL,
  `valid_date` date NOT NULL,
  `currency_id` int(11) NOT NULL,
  `starting_price` decimal(15,2) NOT NULL,
  `country_id` int(11) NOT NULL,
  `package_detail` text NOT NULL,
  `excluded_detail` text NOT NULL,
  `image` varchar(255) NOT NULL,
  `document` varchar(255) NOT NULL,
  `price_master_id` int(11) NOT NULL,
  `price` decimal(15,2) NOT NULL,
  `like_count` int(11) NOT NULL,
  `visible_date` date NOT NULL,
  `user_id` int(11) NOT NULL,
  `created_on` timestamp NOT NULL DEFAULT CURRENT_TIMESTAMP,
  `edited_by` int(11) NOT NULL,
  `edited_on` timestamp NOT NULL DEFAULT CURRENT_TIMESTAMP ON UPDATE CURRENT_TIMESTAMP,
  `is_deleted` tinyint(4) NOT NULL DEFAULT '0',
  PRIMARY KEY (`id`)
) ENGINE=InnoDB  DEFAULT CHARSET=latin1 AUTO_INCREMENT=17 ;

--
-- Dumping data for table `post_travle_packages`
--

INSERT INTO `post_travle_packages` (`id`, `title`, `duration_night`, `duration_day`, `valid_date`, `currency_id`, `starting_price`, `country_id`, `package_detail`, `excluded_detail`, `image`, `document`, `price_master_id`, `price`, `like_count`, `visible_date`, `user_id`, `created_on`, `edited_by`, `edited_on`, `is_deleted`) VALUES
(1, 'First Post', 2, 3, '2018-09-09', 1, '1000.00', 1, 'Of sun, sand and mouth-watering Thai cuisine, Pattaya is a must-visit if Thailand''s on your bucket list. On this day, you will take a flight from your departure city, arrive in Bangkok and get a transfer to your hotel in Pattaya. Once you have checked-in, spend the day at leisure. Later, return to your hotel for a comfortable stay.\n\n\nSuggested: Once you have relaxed after your journey, you can head out to one of the finest and cleanest beaches in Pattaya - Wong Amat Beach. A peaceful beach to sun bathe, swim and relax. The beach isn''t crowded and you can hire chairs or try a variety of cuisines and drinks at the nearby restaurants and bars. Alternatively, you can visit the Walking Street and experience Pattaya''s famous nightlife! (Please note, that these are only suggested activities and are not included in the package.)', 'On this day, you can visit the suggested places or spend the day at leisure. Later, return to your hotel for a comfortable stay.\n\n\nSuggested: If you wish to visit all the major attractions in the world without leaving Pattaya, then you can visit Mini Siam and Mini Europe. A park attraction featuring miniature replicas of famous structures from Thailand and all over the world. In the afternoon you can take a walk in the Royal Garden Plaza or visit the Sanctuary of Truth - a wooden building filed with sculptures based on Hinduism and Buddhism. If you are an adventure enthusiast, you can spend your day at Jomtein Beach and indulge in jet skiing, parasailing, scuba diving, surfing and more. (Please note, that these are only suggested activities and are not included in the package.)', '', '', 1, '1500.00', 0, '2018-04-01', 3, '2018-02-18 06:42:31', 0, '2018-02-22 10:05:24', 1),
(2, 'Second', 2, 3, '2018-09-09', 1, '1000.00', 1, 'Of sun, sand and mouth-watering Thai cuisine, Pattaya is a must-visit if Thailand''s on your bucket list. On this day, you will take a flight from your departure city, arrive in Bangkok and get a transfer to your hotel in Pattaya. Once you have checked-in, spend the day at leisure. Later, return to your hotel for a comfortable stay.\n\n\nSuggested: Once you have relaxed after your journey, you can head out to one of the finest and cleanest beaches in Pattaya - Wong Amat Beach. A peaceful beach to sun bathe, swim and relax. The beach isn''t crowded and you can hire chairs or try a variety of cuisines and drinks at the nearby restaurants and bars. Alternatively, you can visit the Walking Street and experience Pattaya''s famous nightlife! (Please note, that these are only suggested activities and are not included in the package.)', 'On this day, you can visit the suggested places or spend the day at leisure. Later, return to your hotel for a comfortable stay.\n\n\nSuggested: If you wish to visit all the major attractions in the world without leaving Pattaya, then you can visit Mini Siam and Mini Europe. A park attraction featuring miniature replicas of famous structures from Thailand and all over the world. In the afternoon you can take a walk in the Royal Garden Plaza or visit the Sanctuary of Truth - a wooden building filed with sculptures based on Hinduism and Buddhism. If you are an adventure enthusiast, you can spend your day at Jomtein Beach and indulge in jet skiing, parasailing, scuba diving, surfing and more. (Please note, that these are only suggested activities and are not included in the package.)', 'images/PostTravelPackages/3/image/3.jpg', 'images/PostTravelPackages/3/document/3.jpg', 1, '0.00', 0, '2018-03-01', 3, '2018-02-18 06:55:42', 0, '2018-02-19 06:45:05', 0),
(3, 'Third', 2, 3, '2018-09-09', 1, '1000.00', 1, 'Of sun, sand and mouth-watering Thai cuisine, Pattaya is a must-visit if Thailand''s on your bucket list. On this day, you will take a flight from your departure city, arrive in Bangkok and get a transfer to your hotel in Pattaya. Once you have checked-in, spend the day at leisure. Later, return to your hotel for a comfortable stay.\n\n\nSuggested: Once you have relaxed after your journey, you can head out to one of the finest and cleanest beaches in Pattaya - Wong Amat Beach. A peaceful beach to sun bathe, swim and relax. The beach isn''t crowded and you can hire chairs or try a variety of cuisines and drinks at the nearby restaurants and bars. Alternatively, you can visit the Walking Street and experience Pattaya''s famous nightlife! (Please note, that these are only suggested activities and are not included in the package.)', 'On this day, you can visit the suggested places or spend the day at leisure. Later, return to your hotel for a comfortable stay.\n\n\nSuggested: If you wish to visit all the major attractions in the world without leaving Pattaya, then you can visit Mini Siam and Mini Europe. A park attraction featuring miniature replicas of famous structures from Thailand and all over the world. In the afternoon you can take a walk in the Royal Garden Plaza or visit the Sanctuary of Truth - a wooden building filed with sculptures based on Hinduism and Buddhism. If you are an adventure enthusiast, you can spend your day at Jomtein Beach and indulge in jet skiing, parasailing, scuba diving, surfing and more. (Please note, that these are only suggested activities and are not included in the package.)', '', 'images/PostTravelPackages/3/document/3.jpg', 1, '0.00', 0, '2018-03-01', 3, '2018-02-18 06:55:52', 0, '2018-02-19 06:45:09', 0),
(4, 'Fourth', 2, 3, '2018-02-03', 1, '1000.00', 1, 'Of sun, sand and mouth-watering Thai cuisine, Pattaya is a must-visit if Thailand''s on your bucket list. On this day, you will take a flight from your departure city, arrive in Bangkok and get a transfer to your hotel in Pattaya. Once you have checked-in, spend the day at leisure. Later, return to your hotel for a comfortable stay.\n\n\nSuggested: Once you have relaxed after your journey, you can head out to one of the finest and cleanest beaches in Pattaya - Wong Amat Beach. A peaceful beach to sun bathe, swim and relax. The beach isn''t crowded and you can hire chairs or try a variety of cuisines and drinks at the nearby restaurants and bars. Alternatively, you can visit the Walking Street and experience Pattaya''s famous nightlife! (Please note, that these are only suggested activities and are not included in the package.)', 'On this day, you can visit the suggested places or spend the day at leisure. Later, return to your hotel for a comfortable stay.\n\n\nSuggested: If you wish to visit all the major attractions in the world without leaving Pattaya, then you can visit Mini Siam and Mini Europe. A park attraction featuring miniature replicas of famous structures from Thailand and all over the world. In the afternoon you can take a walk in the Royal Garden Plaza or visit the Sanctuary of Truth - a wooden building filed with sculptures based on Hinduism and Buddhism. If you are an adventure enthusiast, you can spend your day at Jomtein Beach and indulge in jet skiing, parasailing, scuba diving, surfing and more. (Please note, that these are only suggested activities and are not included in the package.)', 'images/PostTravelPackages/3/First Post/image/3.jpg', 'images/PostTravelPackages/3/First Post/document/3.jpg', 1, '0.00', 0, '2018-03-01', 3, '2018-02-18 09:45:37', 0, '2018-02-28 09:56:09', 1),
(5, 'Test package', 2, 3, '2018-09-09', 1, '1000.00', 1, 'Of sun, sand and mouth-watering Thai cuisine, Pattaya is a must-visit if Thailand''s on your bucket list. On this day, you will take a flight from your departure city, arrive in Bangkok and get a transfer to your hotel in Pattaya. Once you have checked-in, spend the day at leisure. Later, return to your hotel for a comfortable stay.\n\n\nSuggested: Once you have relaxed after your journey, you can head out to one of the finest and cleanest beaches in Pattaya - Wong Amat Beach. A peaceful beach to sun bathe, swim and relax. The beach isn''t crowded and you can hire chairs or try a variety of cuisines and drinks at the nearby restaurants and bars. Alternatively, you can visit the Walking Street and experience Pattaya''s famous nightlife! (Please note, that these are only suggested activities and are not included in the package.)', 'On this day, you can visit the suggested places or spend the day at leisure. Later, return to your hotel for a comfortable stay.\n\n\nSuggested: If you wish to visit all the major attractions in the world without leaving Pattaya, then you can visit Mini Siam and Mini Europe. A park attraction featuring miniature replicas of famous structures from Thailand and all over the world. In the afternoon you can take a walk in the Royal Garden Plaza or visit the Sanctuary of Truth - a wooden building filed with sculptures based on Hinduism and Buddhism. If you are an adventure enthusiast, you can spend your day at Jomtein Beach and indulge in jet skiing, parasailing, scuba diving, surfing and more. (Please note, that these are only suggested activities and are not included in the package.)', 'images/PostTravelPackages/3/Test package/image/3.jpg', 'images/PostTravelPackages/3/Test package/document/3.jpg', 1, '0.00', 0, '2018-03-01', 8, '2018-02-26 07:41:05', 0, '2018-02-27 13:10:52', 1),
(6, 'Test package', 2, 3, '2018-09-09', 1, '1000.00', 0, 'Of sun, sand and mouth-watering Thai cuisine, Pattaya is a must-visit if Thailand''s on your bucket list. On this day, you will take a flight from your departure city, arrive in Bangkok and get a transfer to your hotel in Pattaya. Once you have checked-in, spend the day at leisure. Later, return to your hotel for a comfortable stay.\n\n\nSuggested: Once you have relaxed after your journey, you can head out to one of the finest and cleanest beaches in Pattaya - Wong Amat Beach. A peaceful beach to sun bathe, swim and relax. The beach isn''t crowded and you can hire chairs or try a variety of cuisines and drinks at the nearby restaurants and bars. Alternatively, you can visit the Walking Street and experience Pattaya''s famous nightlife! (Please note, that these are only suggested activities and are not included in the package.)', 'On this day, you can visit the suggested places or spend the day at leisure. Later, return to your hotel for a comfortable stay.\n\n\nSuggested: If you wish to visit all the major attractions in the world without leaving Pattaya, then you can visit Mini Siam and Mini Europe. A park attraction featuring miniature replicas of famous structures from Thailand and all over the world. In the afternoon you can take a walk in the Royal Garden Plaza or visit the Sanctuary of Truth - a wooden building filed with sculptures based on Hinduism and Buddhism. If you are an adventure enthusiast, you can spend your day at Jomtein Beach and indulge in jet skiing, parasailing, scuba diving, surfing and more. (Please note, that these are only suggested activities and are not included in the package.)', 'images/PostTravelPackages/3/Test package/image/3.jpg', '', 1, '0.00', 0, '2018-03-01', 3, '2018-02-27 07:33:16', 0, '2018-02-27 07:33:16', 0),
(7, 'Test package', 2, 3, '2018-09-09', 0, '1000.00', 0, 'Of sun, sand and mouth-watering Thai cuisine, Pattaya is a must-visit if Thailand''s on your bucket list. On this day, you will take a flight from your departure city, arrive in Bangkok and get a transfer to your hotel in Pattaya. Once you have checked-in, spend the day at leisure. Later, return to your hotel for a comfortable stay.\n\n\nSuggested: Once you have relaxed after your journey, you can head out to one of the finest and cleanest beaches in Pattaya - Wong Amat Beach. A peaceful beach to sun bathe, swim and relax. The beach isn''t crowded and you can hire chairs or try a variety of cuisines and drinks at the nearby restaurants and bars. Alternatively, you can visit the Walking Street and experience Pattaya''s famous nightlife! (Please note, that these are only suggested activities and are not included in the package.)', 'On this day, you can visit the suggested places or spend the day at leisure. Later, return to your hotel for a comfortable stay.\n\n\nSuggested: If you wish to visit all the major attractions in the world without leaving Pattaya, then you can visit Mini Siam and Mini Europe. A park attraction featuring miniature replicas of famous structures from Thailand and all over the world. In the afternoon you can take a walk in the Royal Garden Plaza or visit the Sanctuary of Truth - a wooden building filed with sculptures based on Hinduism and Buddhism. If you are an adventure enthusiast, you can spend your day at Jomtein Beach and indulge in jet skiing, parasailing, scuba diving, surfing and more. (Please note, that these are only suggested activities and are not included in the package.)', 'images/PostTravelPackages/3/Test package/image/3.jpg', '', 1, '0.00', 0, '2018-03-01', 3, '2018-02-27 07:34:26', 0, '2018-02-27 07:34:26', 0),
(8, 'First Post', 2, 3, '2018-09-09', 0, '1000.00', 1, 'Of sun, sand and mouth-watering Thai cuisine, Pattaya is a must-visit if Thailand''s on your bucket list. On this day, you will take a flight from your departure city, arrive in Bangkok and get a transfer to your hotel in Pattaya. Once you have checked-in, spend the day at leisure. Later, return to your hotel for a comfortable stay.\r\n\r\n\r\nSuggested: Once you have relaxed after your journey, you can head out to one of the finest and cleanest beaches in Pattaya - Wong Amat Beach. A peaceful beach to sun bathe, swim and relax. The beach isn''t crowded and you can hire chairs or try a variety of cuisines and drinks at the nearby restaurants and bars. Alternatively, you can visit the Walking Street and experience Pattaya''s famous nightlife! (Please note, that these are only suggested activities and are not included in the package.)', 'On this day, you can visit the suggested places or spend the day at leisure. Later, return to your hotel for a comfortable stay.\r\n\r\n\r\nSuggested: If you wish to visit all the major attractions in the world without leaving Pattaya, then you can visit Mini Siam and Mini Europe. A park attraction featuring miniature replicas of famous structures from Thailand and all over the world. In the afternoon you can take a walk in the Royal Garden Plaza or visit the Sanctuary of Truth - a wooden building filed with sculptures based on Hinduism and Buddhism. If you are an adventure enthusiast, you can spend your day at Jomtein Beach and indulge in jet skiing, parasailing, scuba diving, surfing and more. (Please note, that these are only suggested activities and are not included in the package.)', 'images/PostTravelPackages/3/First Post/image/3.png', '', 1, '0.00', 0, '2018-03-01', 3, '2018-02-27 07:35:29', 0, '2018-02-27 07:35:29', 0),
(9, 'First Post', 2, 3, '2018-09-09', 1, '1000.00', 0, 'Of sun, sand and mouth-watering Thai cuisine, Pattaya is a must-visit if Thailand''s on your bucket list. On this day, you will take a flight from your departure city, arrive in Bangkok and get a transfer to your hotel in Pattaya. Once you have checked-in, spend the day at leisure. Later, return to your hotel for a comfortable stay.\r\n\r\n\r\nSuggested: Once you have relaxed after your journey, you can head out to one of the finest and cleanest beaches in Pattaya - Wong Amat Beach. A peaceful beach to sun bathe, swim and relax. The beach isn''t crowded and you can hire chairs or try a variety of cuisines and drinks at the nearby restaurants and bars. Alternatively, you can visit the Walking Street and experience Pattaya''s famous nightlife! (Please note, that these are only suggested activities and are not included in the package.)', 'On this day, you can visit the suggested places or spend the day at leisure. Later, return to your hotel for a comfortable stay.\r\n\r\n\r\nSuggested: If you wish to visit all the major attractions in the world without leaving Pattaya, then you can visit Mini Siam and Mini Europe. A park attraction featuring miniature replicas of famous structures from Thailand and all over the world. In the afternoon you can take a walk in the Royal Garden Plaza or visit the Sanctuary of Truth - a wooden building filed with sculptures based on Hinduism and Buddhism. If you are an adventure enthusiast, you can spend your day at Jomtein Beach and indulge in jet skiing, parasailing, scuba diving, surfing and more. (Please note, that these are only suggested activities and are not included in the package.)', '', '', 1, '0.00', 0, '2018-03-01', 3, '2018-02-28 05:23:52', 0, '2018-02-28 05:23:52', 0),
(10, 'First Post', 2, 3, '2018-09-09', 1, '1000.00', 0, 'Of sun, sand and mouth-watering Thai cuisine, Pattaya is a must-visit if Thailand''s on your bucket list. On this day, you will take a flight from your departure city, arrive in Bangkok and get a transfer to your hotel in Pattaya. Once you have checked-in, spend the day at leisure. Later, return to your hotel for a comfortable stay.\r\n\r\n\r\nSuggested: Once you have relaxed after your journey, you can head out to one of the finest and cleanest beaches in Pattaya - Wong Amat Beach. A peaceful beach to sun bathe, swim and relax. The beach isn''t crowded and you can hire chairs or try a variety of cuisines and drinks at the nearby restaurants and bars. Alternatively, you can visit the Walking Street and experience Pattaya''s famous nightlife! (Please note, that these are only suggested activities and are not included in the package.)', 'On this day, you can visit the suggested places or spend the day at leisure. Later, return to your hotel for a comfortable stay.\r\n\r\n\r\nSuggested: If you wish to visit all the major attractions in the world without leaving Pattaya, then you can visit Mini Siam and Mini Europe. A park attraction featuring miniature replicas of famous structures from Thailand and all over the world. In the afternoon you can take a walk in the Royal Garden Plaza or visit the Sanctuary of Truth - a wooden building filed with sculptures based on Hinduism and Buddhism. If you are an adventure enthusiast, you can spend your day at Jomtein Beach and indulge in jet skiing, parasailing, scuba diving, surfing and more. (Please note, that these are only suggested activities and are not included in the package.)', '', '', 1, '0.00', 0, '2018-03-01', 8, '2018-02-28 05:24:11', 0, '2018-02-28 05:24:46', 1),
(11, 'Package Promotion for udaipur jaipur jodhpur punjab', 2, 3, '2018-09-09', 1, '1000.00', 1, 'Of sun, sand and mouth-watering Thai cuisine, Pattaya is a must-visit if Thailand''s on your bucket list. On this day, you will take a flight from your departure city, arrive in Bangkok and get a transfer to your hotel in Pattaya. Once you have checked-in, spend the day at leisure. Later, return to your hotel for a comfortable stay.\r\n\r\n\r\nSuggested: Once you have relaxed after your journey, you can head out to one of the finest and cleanest beaches in Pattaya - Wong Amat Beach. A peaceful beach to sun bathe, swim and relax. The beach isn''t crowded and you can hire chairs or try a variety of cuisines and drinks at the nearby restaurants and bars. Alternatively, you can visit the Walking Street and experience Pattaya''s famous nightlife! (Please note, that these are only suggested activities and are not included in the package.)', 'On this day, you can visit the suggested places or spend the day at leisure. Later, return to your hotel for a comfortable stay.\r\n\r\n\r\nSuggested: If you wish to visit all the major attractions in the world without leaving Pattaya, then you can visit Mini Siam and Mini Europe. A park attraction featuring miniature replicas of famous structures from Thailand and all over the world. In the afternoon you can take a walk in the Royal Garden Plaza or visit the Sanctuary of Truth - a wooden building filed with sculptures based on Hinduism and Buddhism. If you are an adventure enthusiast, you can spend your day at Jomtein Beach and indulge in jet skiing, parasailing, scuba diving, surfing and more. (Please note, that these are only suggested activities and are not included in the package.)', '', '', 4, '800.00', 0, '2018-03-29', 8, '2018-03-01 07:05:40', 0, '2018-03-03 09:09:48', 1),
(12, 'Package Promotion for udaipur jaipur jodhpur punjab', 2, 3, '2018-09-09', 1, '1000.00', 1, 'Of sun, sand and mouth-watering Thai cuisine, Pattaya is a must-visit if Thailand''s on your bucket list. On this day, you will take a flight from your departure city, arrive in Bangkok and get a transfer to your hotel in Pattaya. Once you have checked-in, spend the day at leisure. Later, return to your hotel for a comfortable stay.\r\n\r\n\r\nSuggested: Once you have relaxed after your journey, you can head out to one of the finest and cleanest beaches in Pattaya - Wong Amat Beach. A peaceful beach to sun bathe, swim and relax. The beach isn''t crowded and you can hire chairs or try a variety of cuisines and drinks at the nearby restaurants and bars. Alternatively, you can visit the Walking Street and experience Pattaya''s famous nightlife! (Please note, that these are only suggested activities and are not included in the package.)', 'On this day, you can visit the suggested places or spend the day at leisure. Later, return to your hotel for a comfortable stay.\r\n\r\n\r\nSuggested: If you wish to visit all the major attractions in the world without leaving Pattaya, then you can visit Mini Siam and Mini Europe. A park attraction featuring miniature replicas of famous structures from Thailand and all over the world. In the afternoon you can take a walk in the Royal Garden Plaza or visit the Sanctuary of Truth - a wooden building filed with sculptures based on Hinduism and Buddhism. If you are an adventure enthusiast, you can spend your day at Jomtein Beach and indulge in jet skiing, parasailing, scuba diving, surfing and more. (Please note, that these are only suggested activities and are not included in the package.)', 'images/PostTravelPackages/8/Package Promotion for udaipur jaipur jodhpur punjab/image/8.jpg', '', 1, '0.00', 0, '2018-03-01', 8, '2018-03-01 07:06:23', 0, '2018-03-01 07:07:32', 1),
(13, 'Package Promotion for udaipur jaipur jodhpur punjab', 2, 3, '2018-09-09', 1, '1000.00', 1, 'Of sun, sand and mouth-watering Thai cuisine, Pattaya is a must-visit if Thailand''s on your bucket list. On this day, you will take a flight from your departure city, arrive in Bangkok and get a transfer to your hotel in Pattaya. Once you have checked-in, spend the day at leisure. Later, return to your hotel for a comfortable stay.\r\n\r\n\r\nSuggested: Once you have relaxed after your journey, you can head out to one of the finest and cleanest beaches in Pattaya - Wong Amat Beach. A peaceful beach to sun bathe, swim and relax. The beach isn''t crowded and you can hire chairs or try a variety of cuisines and drinks at the nearby restaurants and bars. Alternatively, you can visit the Walking Street and experience Pattaya''s famous nightlife! (Please note, that these are only suggested activities and are not included in the package.)', 'On this day, you can visit the suggested places or spend the day at leisure. Later, return to your hotel for a comfortable stay.\r\n\r\n\r\nSuggested: If you wish to visit all the major attractions in the world without leaving Pattaya, then you can visit Mini Siam and Mini Europe. A park attraction featuring miniature replicas of famous structures from Thailand and all over the world. In the afternoon you can take a walk in the Royal Garden Plaza or visit the Sanctuary of Truth - a wooden building filed with sculptures based on Hinduism and Buddhism. If you are an adventure enthusiast, you can spend your day at Jomtein Beach and indulge in jet skiing, parasailing, scuba diving, surfing and more. (Please note, that these are only suggested activities and are not included in the package.)', 'images/PostTravelPackages/8/Package Promotion for udaipur jaipur jodhpur punjab/image/8.jpg', '', 1, '0.00', 0, '2018-03-01', 8, '2018-03-01 07:06:49', 0, '2018-03-01 07:07:55', 1),
(14, 'Package Promotion for udaipur jaipur jodhpur punjab', 2, 3, '2018-09-09', 1, '1000.00', 1, 'Of sun, sand and mouth-watering Thai cuisine, Pattaya is a must-visit if Thailand''s on your bucket list. On this day, you will take a flight from your departure city, arrive in Bangkok and get a transfer to your hotel in Pattaya. Once you have checked-in, spend the day at leisure. Later, return to your hotel for a comfortable stay.\r\n\r\n\r\nSuggested: Once you have relaxed after your journey, you can head out to one of the finest and cleanest beaches in Pattaya - Wong Amat Beach. A peaceful beach to sun bathe, swim and relax. The beach isn''t crowded and you can hire chairs or try a variety of cuisines and drinks at the nearby restaurants and bars. Alternatively, you can visit the Walking Street and experience Pattaya''s famous nightlife! (Please note, that these are only suggested activities and are not included in the package.)', 'On this day, you can visit the suggested places or spend the day at leisure. Later, return to your hotel for a comfortable stay.\r\n\r\n\r\nSuggested: If you wish to visit all the major attractions in the world without leaving Pattaya, then you can visit Mini Siam and Mini Europe. A park attraction featuring miniature replicas of famous structures from Thailand and all over the world. In the afternoon you can take a walk in the Royal Garden Plaza or visit the Sanctuary of Truth - a wooden building filed with sculptures based on Hinduism and Buddhism. If you are an adventure enthusiast, you can spend your day at Jomtein Beach and indulge in jet skiing, parasailing, scuba diving, surfing and more. (Please note, that these are only suggested activities and are not included in the package.)', 'images/PostTravelPackages/8/Package Promotion for udaipur jaipur jodhpur punjab/image/8.jpg', '', 1, '0.00', 0, '2018-03-01', 8, '2018-03-01 07:06:51', 0, '2018-03-01 07:07:05', 1),
(15, 'Package Promotion for udaipur jaipur jodhpur punjab', 2, 3, '2018-09-09', 1, '1000.00', 1, 'Of sun, sand and mouth-watering Thai cuisine, Pattaya is a must-visit if Thailand''s on your bucket list. On this day, you will take a flight from your departure city, arrive in Bangkok and get a transfer to your hotel in Pattaya. Once you have checked-in, spend the day at leisure. Later, return to your hotel for a comfortable stay.\r\n\r\n\r\nSuggested: Once you have relaxed after your journey, you can head out to one of the finest and cleanest beaches in Pattaya - Wong Amat Beach. A peaceful beach to sun bathe, swim and relax. The beach isn''t crowded and you can hire chairs or try a variety of cuisines and drinks at the nearby restaurants and bars. Alternatively, you can visit the Walking Street and experience Pattaya''s famous nightlife! (Please note, that these are only suggested activities and are not included in the package.)', 'On this day, you can visit the suggested places or spend the day at leisure. Later, return to your hotel for a comfortable stay.\r\n\r\n\r\nSuggested: If you wish to visit all the major attractions in the world without leaving Pattaya, then you can visit Mini Siam and Mini Europe. A park attraction featuring miniature replicas of famous structures from Thailand and all over the world. In the afternoon you can take a walk in the Royal Garden Plaza or visit the Sanctuary of Truth - a wooden building filed with sculptures based on Hinduism and Buddhism. If you are an adventure enthusiast, you can spend your day at Jomtein Beach and indulge in jet skiing, parasailing, scuba diving, surfing and more. (Please note, that these are only suggested activities and are not included in the package.)', 'images/PostTravelPackages/8/Package Promotion for udaipur jaipur jodhpur punjab/image/8.jpg', '', 1, '0.00', 0, '2018-03-01', 8, '2018-03-01 07:06:53', 0, '2018-03-01 07:20:43', 1),
(16, 'Package Promotion for udaipur jaipur jodhpur punjab', 2, 3, '2018-09-09', 1, '1000.00', 1, 'Of sun, sand and mouth-watering Thai cuisine, Pattaya is a must-visit if Thailand''s on your bucket list. On this day, you will take a flight from your departure city, arrive in Bangkok and get a transfer to your hotel in Pattaya. Once you have checked-in, spend the day at leisure. Later, return to your hotel for a comfortable stay.\r\n\r\n\r\nSuggested: Once you have relaxed after your journey, you can head out to one of the finest and cleanest beaches in Pattaya - Wong Amat Beach. A peaceful beach to sun bathe, swim and relax. The beach isn''t crowded and you can hire chairs or try a variety of cuisines and drinks at the nearby restaurants and bars. Alternatively, you can visit the Walking Street and experience Pattaya''s famous nightlife! (Please note, that these are only suggested activities and are not included in the package.)', 'On this day, you can visit the suggested places or spend the day at leisure. Later, return to your hotel for a comfortable stay.\r\n\r\n\r\nSuggested: If you wish to visit all the major attractions in the world without leaving Pattaya, then you can visit Mini Siam and Mini Europe. A park attraction featuring miniature replicas of famous structures from Thailand and all over the world. In the afternoon you can take a walk in the Royal Garden Plaza or visit the Sanctuary of Truth - a wooden building filed with sculptures based on Hinduism and Buddhism. If you are an adventure enthusiast, you can spend your day at Jomtein Beach and indulge in jet skiing, parasailing, scuba diving, surfing and more. (Please note, that these are only suggested activities and are not included in the package.)', 'images/PostTravelPackages/8/Package Promotion for udaipur jaipur jodhpur punjab/image/8.jpg', '', 2, '400.00', 0, '2018-07-19', 8, '2018-03-01 07:42:31', 0, '2018-03-03 08:55:42', 0);

-- --------------------------------------------------------

--
-- Table structure for table `post_travle_package_categories`
--

CREATE TABLE IF NOT EXISTS `post_travle_package_categories` (
  `id` int(11) NOT NULL AUTO_INCREMENT,
  `name` varchar(255) NOT NULL,
  `is_deleted` tinyint(4) NOT NULL DEFAULT '0',
  PRIMARY KEY (`id`)
) ENGINE=InnoDB  DEFAULT CHARSET=latin1 ROW_FORMAT=COMPACT AUTO_INCREMENT=12 ;

--
-- Dumping data for table `post_travle_package_categories`
--

INSERT INTO `post_travle_package_categories` (`id`, `name`, `is_deleted`) VALUES
(1, 'Beach', 0),
(2, 'Family', 0),
(3, 'Affordable', 0),
(4, 'Honeymoon', 0),
(5, 'Wildlife', 0),
(6, 'Cruise', 0),
(7, 'Shopping', 0),
(8, 'Adventure', 0),
(9, 'Camping', 0),
(10, 'Health Rejuvenation/Yoga', 0),
(11, 'Religious Pilgrimage', 0);

-- --------------------------------------------------------

--
-- Table structure for table `post_travle_package_cities`
--

CREATE TABLE IF NOT EXISTS `post_travle_package_cities` (
  `id` int(11) NOT NULL AUTO_INCREMENT,
  `post_travle_package_id` int(11) NOT NULL,
  `city_id` int(11) NOT NULL,
  PRIMARY KEY (`id`)
) ENGINE=InnoDB  DEFAULT CHARSET=latin1 AUTO_INCREMENT=33 ;

--
-- Dumping data for table `post_travle_package_cities`
--

INSERT INTO `post_travle_package_cities` (`id`, `post_travle_package_id`, `city_id`) VALUES
(1, 1, 3),
(2, 1, 5),
(3, 2, 3),
(4, 2, 5),
(5, 3, 3),
(6, 3, 5),
(7, 4, 3),
(8, 4, 5),
(9, 5, 3),
(10, 5, 5),
(11, 6, 3),
(12, 6, 5),
(13, 7, 3),
(14, 7, 5),
(15, 8, 3),
(16, 8, 5),
(17, 9, 3),
(18, 9, 5),
(19, 10, 3),
(20, 10, 5),
(21, 11, 3),
(22, 11, 5),
(23, 12, 3),
(24, 12, 5),
(25, 13, 3),
(26, 13, 5),
(27, 14, 3),
(28, 14, 5),
(29, 15, 3),
(30, 15, 5),
(31, 16, 3),
(32, 16, 5);

-- --------------------------------------------------------

--
-- Table structure for table `post_travle_package_likes`
--

CREATE TABLE IF NOT EXISTS `post_travle_package_likes` (
  `id` int(11) NOT NULL AUTO_INCREMENT,
  `post_travle_package_id` int(11) NOT NULL,
  `user_id` int(11) NOT NULL,
  PRIMARY KEY (`id`)
) ENGINE=MyISAM  DEFAULT CHARSET=latin1 AUTO_INCREMENT=60 ;

--
-- Dumping data for table `post_travle_package_likes`
--

INSERT INTO `post_travle_package_likes` (`id`, `post_travle_package_id`, `user_id`) VALUES
(11, 0, 8),
(10, 0, 8),
(9, 0, 8),
(8, 0, 1),
(7, 0, 1),
(6, 1, 1),
(12, 0, 8),
(13, 0, 8),
(14, 0, 8),
(15, 0, 8),
(16, 0, 8),
(17, 0, 8),
(18, 0, 8),
(19, 0, 8),
(20, 0, 8),
(21, 0, 8),
(22, 0, 8),
(23, 0, 8),
(24, 0, 8),
(25, 0, 8),
(26, 0, 8),
(27, 0, 8),
(28, 0, 8),
(29, 0, 8),
(30, 0, 8),
(31, 0, 8),
(32, 0, 8),
(33, 0, 8),
(34, 0, 8),
(35, 0, 8),
(36, 0, 8),
(37, 0, 8),
(38, 0, 8),
(39, 0, 8),
(40, 0, 8),
(41, 0, 8),
(42, 0, 8),
(43, 0, 8),
(44, 0, 8),
(45, 0, 8),
(46, 0, 8),
(47, 0, 8),
(48, 0, 8),
(49, 0, 8),
(50, 0, 8),
(51, 0, 8),
(52, 0, 8),
(53, 0, 8),
(54, 0, 8),
(55, 0, 8),
(56, 0, 8),
(57, 0, 8),
(58, 0, 8),
(59, 0, 8);

-- --------------------------------------------------------

--
-- Table structure for table `post_travle_package_price_before_renews`
--

CREATE TABLE IF NOT EXISTS `post_travle_package_price_before_renews` (
  `id` int(11) NOT NULL AUTO_INCREMENT,
  `post_travle_package_id` int(11) NOT NULL,
  `price_master_id` int(11) NOT NULL,
  `price` decimal(15,2) NOT NULL,
  `visible_date` date NOT NULL,
  `created_on` timestamp NOT NULL DEFAULT CURRENT_TIMESTAMP ON UPDATE CURRENT_TIMESTAMP,
  PRIMARY KEY (`id`)
) ENGINE=InnoDB  DEFAULT CHARSET=latin1 AUTO_INCREMENT=14 ;

--
-- Dumping data for table `post_travle_package_price_before_renews`
--

INSERT INTO `post_travle_package_price_before_renews` (`id`, `post_travle_package_id`, `price_master_id`, `price`, `visible_date`, `created_on`) VALUES
(1, 1, 1, '0.00', '2018-03-01', '2018-02-22 10:05:24'),
(2, 1, 1, '1500.00', '2018-04-01', '2018-02-24 10:32:53'),
(3, 1, 1, '1500.00', '2018-04-01', '2018-02-24 11:19:11'),
(4, 1, 1, '1500.00', '2018-04-01', '2018-02-27 09:19:12'),
(5, 16, 1, '0.00', '2018-03-01', '2018-03-03 07:27:21'),
(6, 16, 2, '400.00', '2018-03-29', '2018-03-03 07:44:46'),
(7, 16, 1, '200.00', '2018-04-12', '2018-03-03 07:46:04'),
(8, 16, 1, '200.00', '2018-04-26', '2018-03-03 08:39:51'),
(9, 16, 1, '200.00', '2018-05-10', '2018-03-03 08:54:47'),
(10, 16, 2, '400.00', '2018-06-07', '2018-03-03 08:55:37'),
(11, 16, 1, '200.00', '2018-06-21', '2018-03-03 08:55:42'),
(12, 11, 1, '0.00', '2018-03-01', '2018-03-03 09:09:48'),
(13, 11, 4, '800.00', '2018-03-29', '2018-03-03 09:10:48');

-- --------------------------------------------------------

--
-- Table structure for table `post_travle_package_rows`
--

CREATE TABLE IF NOT EXISTS `post_travle_package_rows` (
  `id` int(11) NOT NULL AUTO_INCREMENT,
  `post_travle_package_id` int(11) NOT NULL,
  `post_travle_package_category_id` int(11) NOT NULL,
  PRIMARY KEY (`id`)
) ENGINE=InnoDB  DEFAULT CHARSET=latin1 AUTO_INCREMENT=49 ;

--
-- Dumping data for table `post_travle_package_rows`
--

INSERT INTO `post_travle_package_rows` (`id`, `post_travle_package_id`, `post_travle_package_category_id`) VALUES
(1, 1, 1),
(2, 1, 2),
(3, 1, 3),
(4, 2, 1),
(5, 2, 2),
(6, 2, 3),
(7, 3, 1),
(8, 3, 2),
(9, 3, 3),
(10, 4, 1),
(11, 4, 2),
(12, 4, 3),
(13, 5, 1),
(14, 5, 2),
(15, 5, 3),
(16, 6, 1),
(17, 6, 2),
(18, 6, 3),
(19, 7, 1),
(20, 7, 2),
(21, 7, 3),
(22, 8, 1),
(23, 8, 2),
(24, 8, 3),
(25, 9, 1),
(26, 9, 2),
(27, 9, 3),
(28, 10, 1),
(29, 10, 2),
(30, 10, 3),
(31, 11, 1),
(32, 11, 2),
(33, 11, 3),
(34, 12, 1),
(35, 12, 2),
(36, 12, 3),
(37, 13, 1),
(38, 13, 2),
(39, 13, 3),
(40, 14, 1),
(41, 14, 2),
(42, 14, 3),
(43, 15, 1),
(44, 15, 2),
(45, 15, 3),
(46, 16, 1),
(47, 16, 2),
(48, 16, 3);

-- --------------------------------------------------------

--
-- Table structure for table `post_travle_package_states`
--

CREATE TABLE IF NOT EXISTS `post_travle_package_states` (
  `id` int(11) NOT NULL AUTO_INCREMENT,
  `post_travle_package_id` int(11) NOT NULL,
  `state_id` int(11) NOT NULL,
  PRIMARY KEY (`id`)
) ENGINE=InnoDB  DEFAULT CHARSET=latin1 AUTO_INCREMENT=33 ;

--
-- Dumping data for table `post_travle_package_states`
--

INSERT INTO `post_travle_package_states` (`id`, `post_travle_package_id`, `state_id`) VALUES
(1, 1, 1),
(2, 1, 3),
(3, 2, 1),
(4, 2, 3),
(5, 3, 1),
(6, 3, 3),
(7, 4, 1),
(8, 4, 3),
(9, 5, 1),
(10, 5, 3),
(11, 6, 1),
(12, 6, 3),
(13, 7, 1),
(14, 7, 3),
(15, 8, 1),
(16, 8, 3),
(17, 9, 1),
(18, 9, 3),
(19, 10, 1),
(20, 10, 3),
(21, 11, 1),
(22, 11, 3),
(23, 12, 1),
(24, 12, 3),
(25, 13, 1),
(26, 13, 3),
(27, 14, 1),
(28, 14, 3),
(29, 15, 1),
(30, 15, 3),
(31, 16, 1),
(32, 16, 3);

-- --------------------------------------------------------

--
-- Table structure for table `post_travle_package_views`
--

CREATE TABLE IF NOT EXISTS `post_travle_package_views` (
  `id` int(11) NOT NULL AUTO_INCREMENT,
  `post_travle_package_id` int(11) NOT NULL,
  `user_id` int(11) NOT NULL,
  PRIMARY KEY (`id`)
) ENGINE=MyISAM  DEFAULT CHARSET=latin1 AUTO_INCREMENT=8 ;

--
-- Dumping data for table `post_travle_package_views`
--

INSERT INTO `post_travle_package_views` (`id`, `post_travle_package_id`, `user_id`) VALUES
(1, 1, 4),
(2, 1, 8),
(3, 2, 8),
(4, 3, 8),
(5, 2, 4),
(6, 3, 4),
(7, 14, 8);

-- --------------------------------------------------------

--
-- Table structure for table `price_masters`
--

CREATE TABLE IF NOT EXISTS `price_masters` (
  `id` int(11) NOT NULL AUTO_INCREMENT,
  `promotion_type_id` int(11) NOT NULL,
  `price` decimal(15,2) NOT NULL,
  `week` varchar(30) NOT NULL,
  `is_deleted` tinyint(4) NOT NULL DEFAULT '0',
  PRIMARY KEY (`id`)
) ENGINE=InnoDB  DEFAULT CHARSET=latin1 AUTO_INCREMENT=7 ;

--
-- Dumping data for table `price_masters`
--

INSERT INTO `price_masters` (`id`, `promotion_type_id`, `price`, `week`, `is_deleted`) VALUES
(1, 1, '200.00', '2 Weeks', 0),
(2, 1, '400.00', '4 Weeks', 0),
(3, 2, '400.00', '2 Weeks', 0),
(4, 2, '800.00', '4 Weeks', 0),
(5, 3, '1000.00', '4 Weeks', 0),
(6, 3, '500.00', '2 Weeks', 0);

-- --------------------------------------------------------

--
-- Table structure for table `promotion`
--

CREATE TABLE IF NOT EXISTS `promotion` (
  `id` int(11) NOT NULL AUTO_INCREMENT,
  `user_id` int(11) NOT NULL,
  `hotel_name` text NOT NULL,
  `hotel_location` text NOT NULL,
  `hotel_type` text NOT NULL,
  `cheap_tariff` int(11) NOT NULL,
  `expensive_tariff` int(11) NOT NULL,
  `website` text NOT NULL,
  `cities` text NOT NULL,
  `charges` int(11) NOT NULL,
  `duration` int(11) NOT NULL,
  `status` text NOT NULL,
  `hotel_pic` text NOT NULL,
  `payment_status` text NOT NULL,
  `citycharge` text NOT NULL,
  `expiry_date` datetime NOT NULL,
  `count` int(11) NOT NULL,
  `created_at` datetime NOT NULL,
  `updated_at` datetime NOT NULL,
  `accept_date` datetime NOT NULL,
  `hotel_rating` int(11) NOT NULL,
  PRIMARY KEY (`id`),
  KEY `id` (`id`),
  KEY `id_2` (`id`)
) ENGINE=InnoDB  DEFAULT CHARSET=latin1 AUTO_INCREMENT=6 ;

--
-- Dumping data for table `promotion`
--

INSERT INTO `promotion` (`id`, `user_id`, `hotel_name`, `hotel_location`, `hotel_type`, `cheap_tariff`, `expensive_tariff`, `website`, `cities`, `charges`, `duration`, `status`, `hotel_pic`, `payment_status`, `citycharge`, `expiry_date`, `count`, `created_at`, `updated_at`, `accept_date`, `hotel_rating`) VALUES
(1, 1, '5 Star Hotel', 'fje', '1', 85, 64, 'dhw', '877', 2000, 1, '0', '1519101375396361122.png', 'pending', '2000', '2018-03-22 10:06:15', 63, '2018-02-20 10:06:15', '0000-00-00 00:00:00', '0000-00-00 00:00:00', 3),
(3, 11, 'Hotel Grand Guest House ', 'lal chok', '5', 32, 5, 'hotelgrand.co.in', '809', 16000, 8, '0', '15192144442108094152.png', 'pending', '2000', '2018-10-19 17:30:44', 7, '2018-02-21 17:30:44', '0000-00-00 00:00:00', '0000-00-00 00:00:00', 4),
(4, 11, 'Hotel Grand Guest House ', 'udaipur', '1', 5000, 35000, 'hotelgrand.co.in', '877', 4000, 2, '0', '15193781671456385194.png', 'pending', '2000', '2018-04-24 14:59:28', 16, '2018-02-23 14:59:28', '0000-00-00 00:00:00', '0000-00-00 00:00:00', 4),
(5, 1, '5 Star Hotel', 'Udaipur ', '1', 1000, 100000, 'www.ert.com', '809', 2000, 1, '0', '15200570791293853299.png', 'pending', '2000', '2018-04-02 11:34:39', 0, '2018-03-03 11:34:39', '0000-00-00 00:00:00', '0000-00-00 00:00:00', 3);

-- --------------------------------------------------------

--
-- Table structure for table `promotion_types`
--

CREATE TABLE IF NOT EXISTS `promotion_types` (
  `id` int(11) NOT NULL AUTO_INCREMENT,
  `name` varchar(255) NOT NULL,
  `is_deleted` tinyint(4) NOT NULL DEFAULT '0',
  PRIMARY KEY (`id`)
) ENGINE=InnoDB  DEFAULT CHARSET=latin1 AUTO_INCREMENT=4 ;

--
-- Dumping data for table `promotion_types`
--

INSERT INTO `promotion_types` (`id`, `name`, `is_deleted`) VALUES
(1, 'Post Travel Packages', 0),
(2, 'Post Text/Fleet Promotions', 0),
(3, 'Event Planner Promotions', 0);

-- --------------------------------------------------------

--
-- Table structure for table `requests`
--

CREATE TABLE IF NOT EXISTS `requests` (
  `id` int(11) NOT NULL AUTO_INCREMENT,
  `category_id` int(11) NOT NULL,
  `user_id` int(11) NOT NULL,
  `final_id` int(11) NOT NULL,
  `state_id` int(11) NOT NULL,
  `country_id` int(10) DEFAULT NULL,
  `locality` varchar(100) DEFAULT NULL,
  `reference_id` varchar(100) NOT NULL,
  `response_id` int(11) NOT NULL,
  `total_budget` int(100) NOT NULL,
  `children` varchar(100) NOT NULL,
  `adult` varchar(100) NOT NULL,
  `room1` varchar(100) NOT NULL,
  `room2` varchar(100) NOT NULL,
  `room3` varchar(100) NOT NULL,
  `child_with_bed` varchar(100) NOT NULL,
  `child_without_bed` varchar(100) NOT NULL,
  `hotel_rating` int(5) DEFAULT NULL,
  `hotel_category` varchar(100) NOT NULL,
  `meal_plan` varchar(100) NOT NULL,
  `destination_city` int(11) NOT NULL,
  `check_in` date NOT NULL,
  `check_out` date NOT NULL,
  `transport_requirement` varchar(100) DEFAULT NULL,
  `pickup_city` int(11) DEFAULT NULL,
  `pickup_state` int(10) DEFAULT NULL,
  `pickup_country` int(10) DEFAULT NULL,
  `pickup_locality` varchar(100) DEFAULT NULL,
  `city_id` int(11) DEFAULT NULL,
  `final_locality` varchar(50) NOT NULL,
  `final_city` int(10) DEFAULT NULL,
  `final_state` int(10) DEFAULT NULL,
  `final_country` int(10) DEFAULT NULL,
  `final_date` timestamp NOT NULL DEFAULT '0000-00-00 00:00:00',
  `comment` text NOT NULL,
  `start_date` date DEFAULT NULL,
  `end_date` date DEFAULT NULL,
  `stops` varchar(250) NOT NULL,
  `status` int(11) NOT NULL,
  `is_deleted` int(1) NOT NULL DEFAULT '0',
  `accept_date` datetime NOT NULL,
  `created` datetime NOT NULL,
  PRIMARY KEY (`id`),
  KEY `id` (`id`)
) ENGINE=MyISAM  DEFAULT CHARSET=latin1 AUTO_INCREMENT=5 ;

--
-- Dumping data for table `requests`
--

INSERT INTO `requests` (`id`, `category_id`, `user_id`, `final_id`, `state_id`, `country_id`, `locality`, `reference_id`, `response_id`, `total_budget`, `children`, `adult`, `room1`, `room2`, `room3`, `child_with_bed`, `child_without_bed`, `hotel_rating`, `hotel_category`, `meal_plan`, `destination_city`, `check_in`, `check_out`, `transport_requirement`, `pickup_city`, `pickup_state`, `pickup_country`, `pickup_locality`, `city_id`, `final_locality`, `final_city`, `final_state`, `final_country`, `final_date`, `comment`, `start_date`, `end_date`, `stops`, `status`, `is_deleted`, `accept_date`, `created`) VALUES
(1, 2, 8, 1, 0, NULL, NULL, 'hd', 1, 65, '', '1', '', '', '', '', '', NULL, '', '', 0, '0000-00-00', '0000-00-00', '2', 809, 33, 101, 'js', NULL, 'sn', 809, 33, 101, '2018-03-03 06:01:35', 'je', '2018-03-03', '2018-03-14', '', 2, 0, '0000-00-00 00:00:00', '2018-03-03 11:05:55'),
(2, 1, 8, 0, 33, 101, 'js', 'hs', 0, 94, '', '1', '7', '', '', '', '', 2, ',5,6', '', 0, '2018-03-03', '2018-03-06', '2', 877, 33, 101, 'bs', 877, 'hs', 809, 33, NULL, '0000-00-00 00:00:00', 'bs', '2018-03-03', '2018-03-05', '', 0, 1, '0000-00-00 00:00:00', '2018-03-03 11:15:40'),
(3, 1, 8, 0, 33, 101, 'sv', 'ha', 0, 494, '', '1', '4', '54', '4', '94', '646', 3, ',6,7,8', '3', 0, '2018-03-03', '2018-03-13', '2', 877, 33, 101, 'hd', 877, 'sb', 808, 33, NULL, '0000-00-00 00:00:00', 'hdd', '2018-03-03', '2018-03-13', 'ns,bd,', 0, 1, '0000-00-00 00:00:00', '2018-03-03 15:20:46'),
(4, 1, 8, 0, 33, 101, 'he', 'hsh', 0, 644, '', '1', '49', '7', '', '', '', 2, ',5,6', '', 0, '2018-03-03', '2018-03-12', '2', 877, 33, 101, 'd', 877, 'sb', 809, 33, NULL, '0000-00-00 00:00:00', 'hs', '2018-03-03', '2018-03-12', '', 0, 1, '0000-00-00 00:00:00', '2018-03-03 15:28:15');

-- --------------------------------------------------------

--
-- Table structure for table `request_stops`
--

CREATE TABLE IF NOT EXISTS `request_stops` (
  `id` int(10) NOT NULL AUTO_INCREMENT,
  `request_id` int(10) DEFAULT NULL,
  `locality` varchar(100) DEFAULT NULL,
  `city_id` int(10) DEFAULT NULL,
  `state_id` int(10) DEFAULT NULL,
  PRIMARY KEY (`id`)
) ENGINE=MyISAM  DEFAULT CHARSET=latin1 AUTO_INCREMENT=11 ;

--
-- Dumping data for table `request_stops`
--

INSERT INTO `request_stops` (`id`, `request_id`, `locality`, `city_id`, `state_id`) VALUES
(10, 3, 'bd', 877, 33),
(9, 3, 'ns', 809, 33),
(8, 21, 'bd', 808, 33),
(7, 20, 'hd', 809, 33),
(6, 18, 'nf', 809, 33);

-- --------------------------------------------------------

--
-- Table structure for table `responses`
--

CREATE TABLE IF NOT EXISTS `responses` (
  `id` int(11) NOT NULL AUTO_INCREMENT,
  `request_id` int(11) NOT NULL,
  `user_id` int(11) NOT NULL,
  `comment` text NOT NULL,
  `quotation_price` decimal(11,2) DEFAULT NULL,
  `is_details_shared` int(1) NOT NULL DEFAULT '0',
  `created` datetime DEFAULT NULL,
  `status` int(11) NOT NULL,
  `is_deleted` tinyint(1) NOT NULL,
  PRIMARY KEY (`id`),
  KEY `id` (`id`)
) ENGINE=MyISAM  DEFAULT CHARSET=latin1 AUTO_INCREMENT=2 ;

--
-- Dumping data for table `responses`
--

INSERT INTO `responses` (`id`, `request_id`, `user_id`, `comment`, `quotation_price`, `is_details_shared`, `created`, `status`, `is_deleted`) VALUES
(1, 1, 4, 'ft', '556.00', 0, '2018-03-03 17:55:26', 1, 0);

-- --------------------------------------------------------

--
-- Table structure for table `roles`
--

CREATE TABLE IF NOT EXISTS `roles` (
  `id` int(10) unsigned NOT NULL AUTO_INCREMENT,
  `name` varchar(255) COLLATE utf8_unicode_ci NOT NULL,
  `label` varchar(255) COLLATE utf8_unicode_ci DEFAULT NULL,
  `created_at` timestamp NULL DEFAULT NULL,
  `updated_at` timestamp NULL DEFAULT NULL,
  PRIMARY KEY (`id`)
) ENGINE=InnoDB  DEFAULT CHARSET=utf8 COLLATE=utf8_unicode_ci AUTO_INCREMENT=3 ;

--
-- Dumping data for table `roles`
--

INSERT INTO `roles` (`id`, `name`, `label`, `created_at`, `updated_at`) VALUES
(1, 'super', 'This goup has all permissions', NULL, NULL),
(2, 'Editor', 'Editor', '2016-12-11 21:43:15', '2016-12-11 21:43:15');

-- --------------------------------------------------------

--
-- Table structure for table `setting`
--

CREATE TABLE IF NOT EXISTS `setting` (
  `id` int(11) NOT NULL AUTO_INCREMENT,
  `field` text NOT NULL,
  `value` text NOT NULL,
  `created_at` datetime NOT NULL,
  `updated_at` datetime NOT NULL,
  PRIMARY KEY (`id`),
  KEY `id` (`id`)
) ENGINE=InnoDB  DEFAULT CHARSET=latin1 AUTO_INCREMENT=10 ;

--
-- Dumping data for table `setting`
--

INSERT INTO `setting` (`id`, `field`, `value`, `created_at`, `updated_at`) VALUES
(1, 'phone', '+91-9549220077', '2017-05-11 09:27:45', '2017-05-17 07:24:02'),
(2, 'email', 'contactus@travelb2bhub.com', '2017-05-11 09:29:15', '2017-05-11 09:38:12'),
(3, 'address', 'Office A, Shivam Apartments, <br>Durga Nursery Road, Udaipur, <br>Rajasthan, India-313001', '2017-05-11 09:39:17', '2017-07-28 07:50:04'),
(4, 'office-hours', '9:00 AM - 7:00 PM Mon - Fri <br/>\r\n9:00 AM - 5:00 PM Sat - Sun', '2017-05-15 12:50:53', '2017-05-15 12:54:27'),
(5, 'freemembership', 'yes', '2017-05-16 05:19:45', '2017-05-16 05:19:45'),
(6, 'freemembershipdate', '2017-05-17', '2017-05-16 05:25:37', '2017-05-16 05:25:37'),
(7, 'requestcount', '100', '2017-07-10 07:14:13', '2017-07-10 07:14:13'),
(8, 'smtp_email', 'webmaster@travelb2bhub.com', '2017-07-10 07:14:13', '2017-07-10 07:14:13'),
(9, 'smtp_password', 'head_123', '2017-07-10 07:14:13', '2017-07-10 07:14:13');

-- --------------------------------------------------------

--
-- Table structure for table `slider`
--

CREATE TABLE IF NOT EXISTS `slider` (
  `id` int(11) NOT NULL AUTO_INCREMENT,
  `title` text NOT NULL,
  `headerimg` text NOT NULL,
  `status` text NOT NULL,
  `created_at` datetime NOT NULL,
  `updated_at` datetime NOT NULL,
  PRIMARY KEY (`id`),
  KEY `id` (`id`)
) ENGINE=InnoDB  DEFAULT CHARSET=latin1 AUTO_INCREMENT=5 ;

--
-- Dumping data for table `slider`
--

INSERT INTO `slider` (`id`, `title`, `headerimg`, `status`, `created_at`, `updated_at`) VALUES
(1, 'A B2B Tourism Trading Marketplace <br/> Connecting:', 'slider0011.jpg', '1', '2017-05-10 08:09:39', '2017-05-12 05:14:50'),
(2, 'BUY or SELL Packages, Hotel Rooms, or Taxi/Bus Services THROUGHOUT INDIA', 'slider002.jpg', '1', '2017-05-10 08:10:37', '2017-08-04 13:42:51'),
(3, 'No need to use WhatsApp groups to look for tourism contacts', 'slide03.jpg', '1', '2017-08-04 13:43:43', '2017-08-22 05:43:03'),
(4, 'Fill simple forms, review relevant requests/responses, and freely communicate to finalize deals', 'slide021.jpg', '1', '2017-08-04 13:44:13', '2017-08-04 13:44:13');

-- --------------------------------------------------------

--
-- Table structure for table `states`
--

CREATE TABLE IF NOT EXISTS `states` (
  `id` int(11) NOT NULL AUTO_INCREMENT,
  `state_name` varchar(50) NOT NULL,
  `country_id` int(11) NOT NULL DEFAULT '1',
  `created_at` datetime NOT NULL,
  `is_deleted` int(11) NOT NULL,
  PRIMARY KEY (`id`),
  KEY `id` (`id`)
) ENGINE=InnoDB  DEFAULT CHARSET=latin1 AUTO_INCREMENT=4121 ;

--
-- Dumping data for table `states`
--

INSERT INTO `states` (`id`, `state_name`, `country_id`, `created_at`, `is_deleted`) VALUES
(1, 'Andaman and Nicobar Islands', 101, '0000-00-00 00:00:00', 0),
(2, 'Andhra Pradesh', 101, '0000-00-00 00:00:00', 0),
(3, 'Arunachal Pradesh', 101, '0000-00-00 00:00:00', 0),
(4, 'Assam', 101, '0000-00-00 00:00:00', 0),
(5, 'Bihar', 101, '0000-00-00 00:00:00', 0),
(6, 'Chandigarh', 101, '0000-00-00 00:00:00', 0),
(7, 'Chhattisgarh', 101, '0000-00-00 00:00:00', 0),
(8, 'Dadra and Nagar Haveli', 101, '0000-00-00 00:00:00', 0),
(9, 'Daman and Diu', 101, '0000-00-00 00:00:00', 0),
(10, 'Delhi', 101, '0000-00-00 00:00:00', 0),
(11, 'Goa', 101, '0000-00-00 00:00:00', 0),
(12, 'Gujarat', 101, '0000-00-00 00:00:00', 0),
(13, 'Haryana', 101, '0000-00-00 00:00:00', 0),
(14, 'Himachal Pradesh', 101, '0000-00-00 00:00:00', 0),
(15, 'Jammu and Kashmir', 101, '0000-00-00 00:00:00', 0),
(16, 'Jharkhand', 101, '0000-00-00 00:00:00', 0),
(17, 'Karnataka', 101, '0000-00-00 00:00:00', 0),
(19, 'Kerala', 101, '0000-00-00 00:00:00', 0),
(20, 'Lakshadweep', 101, '0000-00-00 00:00:00', 0),
(21, 'Madhya Pradesh', 101, '0000-00-00 00:00:00', 0),
(22, 'Maharashtra', 101, '0000-00-00 00:00:00', 0),
(23, 'Manipur', 101, '0000-00-00 00:00:00', 0),
(24, 'Meghalaya', 101, '0000-00-00 00:00:00', 0),
(25, 'Mizoram', 101, '0000-00-00 00:00:00', 0),
(26, 'Nagaland', 101, '0000-00-00 00:00:00', 0),
(29, 'Odisha', 101, '0000-00-00 00:00:00', 0),
(31, 'Puducherry', 101, '0000-00-00 00:00:00', 0),
(32, 'Punjab', 101, '0000-00-00 00:00:00', 0),
(33, 'Rajasthan', 101, '0000-00-00 00:00:00', 0),
(34, 'Sikkim', 101, '0000-00-00 00:00:00', 0),
(35, 'Tamil Nadu', 101, '0000-00-00 00:00:00', 0),
(36, 'Telangana', 101, '0000-00-00 00:00:00', 0),
(37, 'Tripura', 101, '0000-00-00 00:00:00', 0),
(38, 'Uttar Pradesh', 101, '0000-00-00 00:00:00', 0),
(39, 'Uttarakhand', 101, '0000-00-00 00:00:00', 0),
(41, 'West Bengal', 101, '0000-00-00 00:00:00', 0),
(42, 'Badakhshan', 1, '0000-00-00 00:00:00', 0),
(43, 'Badgis', 1, '0000-00-00 00:00:00', 0),
(44, 'Baglan', 1, '0000-00-00 00:00:00', 0),
(45, 'Balkh', 1, '0000-00-00 00:00:00', 0),
(47, 'Farah', 1, '0000-00-00 00:00:00', 0),
(48, 'Faryab', 1, '0000-00-00 00:00:00', 0),
(49, 'Gawr', 1, '0000-00-00 00:00:00', 0),
(50, 'Gazni', 1, '0000-00-00 00:00:00', 0),
(51, 'Herat', 1, '0000-00-00 00:00:00', 0),
(52, 'Hilmand', 1, '0000-00-00 00:00:00', 0),
(53, 'Jawzjan', 1, '0000-00-00 00:00:00', 0),
(54, 'Kabul', 1, '0000-00-00 00:00:00', 0),
(55, 'Kapisa', 1, '0000-00-00 00:00:00', 0),
(56, 'Khawst', 1, '0000-00-00 00:00:00', 0),
(57, 'Kunar', 1, '0000-00-00 00:00:00', 0),
(58, 'Lagman', 1, '0000-00-00 00:00:00', 0),
(59, 'Lawghar', 1, '0000-00-00 00:00:00', 0),
(60, 'Nangarhar', 1, '0000-00-00 00:00:00', 0),
(61, 'Nimruz', 1, '0000-00-00 00:00:00', 0),
(62, 'Nuristan', 1, '0000-00-00 00:00:00', 0),
(63, 'Paktika', 1, '0000-00-00 00:00:00', 0),
(65, 'Parwan', 1, '0000-00-00 00:00:00', 0),
(66, 'Qandahar', 1, '0000-00-00 00:00:00', 0),
(67, 'Qunduz', 1, '0000-00-00 00:00:00', 0),
(68, 'Samangan', 1, '0000-00-00 00:00:00', 0),
(69, 'Sar-e Pul', 1, '0000-00-00 00:00:00', 0),
(70, 'Takhar', 1, '0000-00-00 00:00:00', 0),
(71, 'Uruzgan', 1, '0000-00-00 00:00:00', 0),
(72, 'Wardag', 1, '0000-00-00 00:00:00', 0),
(73, 'Zabul', 1, '0000-00-00 00:00:00', 0),
(74, 'Berat', 2, '0000-00-00 00:00:00', 0),
(75, 'Bulqize', 2, '0000-00-00 00:00:00', 0),
(76, 'Delvine', 2, '0000-00-00 00:00:00', 0),
(77, 'Devoll', 2, '0000-00-00 00:00:00', 0),
(78, 'Dibre', 2, '0000-00-00 00:00:00', 0),
(79, 'Durres', 2, '0000-00-00 00:00:00', 0),
(80, 'Elbasan', 2, '0000-00-00 00:00:00', 0),
(81, 'Fier', 2, '0000-00-00 00:00:00', 0),
(82, 'Gjirokaster', 2, '0000-00-00 00:00:00', 0),
(83, 'Gramsh', 2, '0000-00-00 00:00:00', 0),
(84, 'Has', 2, '0000-00-00 00:00:00', 0),
(85, 'Kavaje', 2, '0000-00-00 00:00:00', 0),
(86, 'Kolonje', 2, '0000-00-00 00:00:00', 0),
(87, 'Korce', 2, '0000-00-00 00:00:00', 0),
(88, 'Kruje', 2, '0000-00-00 00:00:00', 0),
(89, 'Kucove', 2, '0000-00-00 00:00:00', 0),
(90, 'Kukes', 2, '0000-00-00 00:00:00', 0),
(91, 'Kurbin', 2, '0000-00-00 00:00:00', 0),
(92, 'Lezhe', 2, '0000-00-00 00:00:00', 0),
(93, 'Librazhd', 2, '0000-00-00 00:00:00', 0),
(94, 'Lushnje', 2, '0000-00-00 00:00:00', 0),
(95, 'Mallakaster', 2, '0000-00-00 00:00:00', 0),
(96, 'Malsi e Madhe', 2, '0000-00-00 00:00:00', 0),
(97, 'Mat', 2, '0000-00-00 00:00:00', 0),
(98, 'Mirdite', 2, '0000-00-00 00:00:00', 0),
(99, 'Peqin', 2, '0000-00-00 00:00:00', 0),
(100, 'Permet', 2, '0000-00-00 00:00:00', 0),
(101, 'Pogradec', 2, '0000-00-00 00:00:00', 0),
(102, 'Puke', 2, '0000-00-00 00:00:00', 0),
(103, 'Sarande', 2, '0000-00-00 00:00:00', 0),
(104, 'Shkoder', 2, '0000-00-00 00:00:00', 0),
(105, 'Skrapar', 2, '0000-00-00 00:00:00', 0),
(106, 'Tepelene', 2, '0000-00-00 00:00:00', 0),
(107, 'Tirane', 2, '0000-00-00 00:00:00', 0),
(108, 'Tropoje', 2, '0000-00-00 00:00:00', 0),
(109, 'Vlore', 2, '0000-00-00 00:00:00', 0),
(110, '''Ayn Daflah', 3, '0000-00-00 00:00:00', 0),
(111, '''Ayn Tamushanat', 3, '0000-00-00 00:00:00', 0),
(112, 'Adrar', 3, '0000-00-00 00:00:00', 0),
(113, 'Algiers', 3, '0000-00-00 00:00:00', 0),
(114, 'Annabah', 3, '0000-00-00 00:00:00', 0),
(115, 'Bashshar', 3, '0000-00-00 00:00:00', 0),
(116, 'Batnah', 3, '0000-00-00 00:00:00', 0),
(117, 'Bijayah', 3, '0000-00-00 00:00:00', 0),
(118, 'Biskrah', 3, '0000-00-00 00:00:00', 0),
(119, 'Blidah', 3, '0000-00-00 00:00:00', 0),
(120, 'Buirah', 3, '0000-00-00 00:00:00', 0),
(121, 'Bumardas', 3, '0000-00-00 00:00:00', 0),
(122, 'Burj Bu Arririj', 3, '0000-00-00 00:00:00', 0),
(123, 'Ghalizan', 3, '0000-00-00 00:00:00', 0),
(124, 'Ghardayah', 3, '0000-00-00 00:00:00', 0),
(125, 'Ilizi', 3, '0000-00-00 00:00:00', 0),
(126, 'Jijili', 3, '0000-00-00 00:00:00', 0),
(128, 'Khanshalah', 3, '0000-00-00 00:00:00', 0),
(129, 'Masilah', 3, '0000-00-00 00:00:00', 0),
(130, 'Midyah', 3, '0000-00-00 00:00:00', 0),
(131, 'Milah', 3, '0000-00-00 00:00:00', 0),
(132, 'Muaskar', 3, '0000-00-00 00:00:00', 0),
(133, 'Mustaghanam', 3, '0000-00-00 00:00:00', 0),
(134, 'Naama', 3, '0000-00-00 00:00:00', 0),
(135, 'Oran', 3, '0000-00-00 00:00:00', 0),
(136, 'Ouargla', 3, '0000-00-00 00:00:00', 0),
(137, 'Qalmah', 3, '0000-00-00 00:00:00', 0),
(138, 'Qustantinah', 3, '0000-00-00 00:00:00', 0),
(139, 'Sakikdah', 3, '0000-00-00 00:00:00', 0),
(140, 'Satif', 3, '0000-00-00 00:00:00', 0),
(141, 'Sayda''', 3, '0000-00-00 00:00:00', 0),
(142, 'Sidi ban-al-''Abbas', 3, '0000-00-00 00:00:00', 0),
(143, 'Suq Ahras', 3, '0000-00-00 00:00:00', 0),
(144, 'Tamanghasat', 3, '0000-00-00 00:00:00', 0),
(145, 'Tibazah', 3, '0000-00-00 00:00:00', 0),
(146, 'Tibissah', 3, '0000-00-00 00:00:00', 0),
(147, 'Tilimsan', 3, '0000-00-00 00:00:00', 0),
(148, 'Tinduf', 3, '0000-00-00 00:00:00', 0),
(149, 'Tisamsilt', 3, '0000-00-00 00:00:00', 0),
(150, 'Tiyarat', 3, '0000-00-00 00:00:00', 0),
(151, 'Tizi Wazu', 3, '0000-00-00 00:00:00', 0),
(152, 'Umm-al-Bawaghi', 3, '0000-00-00 00:00:00', 0),
(153, 'Wahran', 3, '0000-00-00 00:00:00', 0),
(154, 'Warqla', 3, '0000-00-00 00:00:00', 0),
(155, 'Wilaya d Alger', 3, '0000-00-00 00:00:00', 0),
(156, 'Wilaya de Bejaia', 3, '0000-00-00 00:00:00', 0),
(157, 'Wilaya de Constantine', 3, '0000-00-00 00:00:00', 0),
(158, 'al-Aghwat', 3, '0000-00-00 00:00:00', 0),
(159, 'al-Bayadh', 3, '0000-00-00 00:00:00', 0),
(160, 'al-Jaza''ir', 3, '0000-00-00 00:00:00', 0),
(161, 'al-Wad', 3, '0000-00-00 00:00:00', 0),
(162, 'ash-Shalif', 3, '0000-00-00 00:00:00', 0),
(163, 'at-Tarif', 3, '0000-00-00 00:00:00', 0),
(164, 'Eastern', 4, '0000-00-00 00:00:00', 0),
(165, 'Manu''a', 4, '0000-00-00 00:00:00', 0),
(166, 'Swains Island', 4, '0000-00-00 00:00:00', 0),
(167, 'Western', 4, '0000-00-00 00:00:00', 0),
(168, 'Andorra la Vella', 5, '0000-00-00 00:00:00', 0),
(169, 'Canillo', 5, '0000-00-00 00:00:00', 0),
(170, 'Encamp', 5, '0000-00-00 00:00:00', 0),
(171, 'La Massana', 5, '0000-00-00 00:00:00', 0),
(172, 'Les Escaldes', 5, '0000-00-00 00:00:00', 0),
(173, 'Ordino', 5, '0000-00-00 00:00:00', 0),
(174, 'Sant Julia de Loria', 5, '0000-00-00 00:00:00', 0),
(175, 'Bengo', 6, '0000-00-00 00:00:00', 0),
(176, 'Benguela', 6, '0000-00-00 00:00:00', 0),
(177, 'Bie', 6, '0000-00-00 00:00:00', 0),
(178, 'Cabinda', 6, '0000-00-00 00:00:00', 0),
(179, 'Cunene', 6, '0000-00-00 00:00:00', 0),
(180, 'Huambo', 6, '0000-00-00 00:00:00', 0),
(181, 'Huila', 6, '0000-00-00 00:00:00', 0),
(182, 'Kuando-Kubango', 6, '0000-00-00 00:00:00', 0),
(183, 'Kwanza Norte', 6, '0000-00-00 00:00:00', 0),
(184, 'Kwanza Sul', 6, '0000-00-00 00:00:00', 0),
(185, 'Luanda', 6, '0000-00-00 00:00:00', 0),
(186, 'Lunda Norte', 6, '0000-00-00 00:00:00', 0),
(187, 'Lunda Sul', 6, '0000-00-00 00:00:00', 0),
(188, 'Malanje', 6, '0000-00-00 00:00:00', 0),
(189, 'Moxico', 6, '0000-00-00 00:00:00', 0),
(190, 'Namibe', 6, '0000-00-00 00:00:00', 0),
(191, 'Uige', 6, '0000-00-00 00:00:00', 0),
(192, 'Zaire', 6, '0000-00-00 00:00:00', 0),
(193, 'Other Provinces', 7, '0000-00-00 00:00:00', 0),
(194, 'Sector claimed by Argentina/Ch', 8, '0000-00-00 00:00:00', 0),
(195, 'Sector claimed by Argentina/UK', 8, '0000-00-00 00:00:00', 0),
(196, 'Sector claimed by Australia', 8, '0000-00-00 00:00:00', 0),
(197, 'Sector claimed by France', 8, '0000-00-00 00:00:00', 0),
(198, 'Sector claimed by New Zealand', 8, '0000-00-00 00:00:00', 0),
(199, 'Sector claimed by Norway', 8, '0000-00-00 00:00:00', 0),
(200, 'Unclaimed Sector', 8, '0000-00-00 00:00:00', 0),
(201, 'Barbuda', 9, '0000-00-00 00:00:00', 0),
(202, 'Saint George', 9, '0000-00-00 00:00:00', 0),
(203, 'Saint John', 9, '0000-00-00 00:00:00', 0),
(204, 'Saint Mary', 9, '0000-00-00 00:00:00', 0),
(205, 'Saint Paul', 9, '0000-00-00 00:00:00', 0),
(206, 'Saint Peter', 9, '0000-00-00 00:00:00', 0),
(207, 'Saint Philip', 9, '0000-00-00 00:00:00', 0),
(208, 'Buenos Aires', 10, '0000-00-00 00:00:00', 0),
(209, 'Catamarca', 10, '0000-00-00 00:00:00', 0),
(210, 'Chaco', 10, '0000-00-00 00:00:00', 0),
(211, 'Chubut', 10, '0000-00-00 00:00:00', 0),
(212, 'Cordoba', 10, '0000-00-00 00:00:00', 0),
(213, 'Corrientes', 10, '0000-00-00 00:00:00', 0),
(214, 'Distrito Federal', 10, '0000-00-00 00:00:00', 0),
(215, 'Entre Rios', 10, '0000-00-00 00:00:00', 0),
(216, 'Formosa', 10, '0000-00-00 00:00:00', 0),
(217, 'Jujuy', 10, '0000-00-00 00:00:00', 0),
(218, 'La Pampa', 10, '0000-00-00 00:00:00', 0),
(219, 'La Rioja', 10, '0000-00-00 00:00:00', 0),
(220, 'Mendoza', 10, '0000-00-00 00:00:00', 0),
(221, 'Misiones', 10, '0000-00-00 00:00:00', 0),
(222, 'Neuquen', 10, '0000-00-00 00:00:00', 0),
(223, 'Rio Negro', 10, '0000-00-00 00:00:00', 0),
(224, 'Salta', 10, '0000-00-00 00:00:00', 0),
(225, 'San Juan', 10, '0000-00-00 00:00:00', 0),
(226, 'San Luis', 10, '0000-00-00 00:00:00', 0),
(227, 'Santa Cruz', 10, '0000-00-00 00:00:00', 0),
(228, 'Santa Fe', 10, '0000-00-00 00:00:00', 0),
(229, 'Santiago del Estero', 10, '0000-00-00 00:00:00', 0),
(230, 'Tierra del Fuego', 10, '0000-00-00 00:00:00', 0),
(231, 'Tucuman', 10, '0000-00-00 00:00:00', 0),
(232, 'Aragatsotn', 11, '0000-00-00 00:00:00', 0),
(233, 'Ararat', 11, '0000-00-00 00:00:00', 0),
(234, 'Armavir', 11, '0000-00-00 00:00:00', 0),
(235, 'Gegharkunik', 11, '0000-00-00 00:00:00', 0),
(236, 'Kotaik', 11, '0000-00-00 00:00:00', 0),
(237, 'Lori', 11, '0000-00-00 00:00:00', 0),
(238, 'Shirak', 11, '0000-00-00 00:00:00', 0),
(239, 'Stepanakert', 11, '0000-00-00 00:00:00', 0),
(240, 'Syunik', 11, '0000-00-00 00:00:00', 0),
(241, 'Tavush', 11, '0000-00-00 00:00:00', 0),
(242, 'Vayots Dzor', 11, '0000-00-00 00:00:00', 0),
(243, 'Yerevan', 11, '0000-00-00 00:00:00', 0),
(244, 'Aruba', 12, '0000-00-00 00:00:00', 0),
(245, 'Auckland', 13, '0000-00-00 00:00:00', 0),
(246, 'Australian Capital Territory', 13, '0000-00-00 00:00:00', 0),
(247, 'Balgowlah', 13, '0000-00-00 00:00:00', 0),
(248, 'Balmain', 13, '0000-00-00 00:00:00', 0),
(249, 'Bankstown', 13, '0000-00-00 00:00:00', 0),
(250, 'Baulkham Hills', 13, '0000-00-00 00:00:00', 0),
(251, 'Bonnet Bay', 13, '0000-00-00 00:00:00', 0),
(252, 'Camberwell', 13, '0000-00-00 00:00:00', 0),
(253, 'Carole Park', 13, '0000-00-00 00:00:00', 0),
(254, 'Castle Hill', 13, '0000-00-00 00:00:00', 0),
(255, 'Caulfield', 13, '0000-00-00 00:00:00', 0),
(256, 'Chatswood', 13, '0000-00-00 00:00:00', 0),
(257, 'Cheltenham', 13, '0000-00-00 00:00:00', 0),
(258, 'Cherrybrook', 13, '0000-00-00 00:00:00', 0),
(259, 'Clayton', 13, '0000-00-00 00:00:00', 0),
(260, 'Collingwood', 13, '0000-00-00 00:00:00', 0),
(261, 'Frenchs Forest', 13, '0000-00-00 00:00:00', 0),
(262, 'Hawthorn', 13, '0000-00-00 00:00:00', 0),
(263, 'Jannnali', 13, '0000-00-00 00:00:00', 0),
(264, 'Knoxfield', 13, '0000-00-00 00:00:00', 0),
(265, 'Melbourne', 13, '0000-00-00 00:00:00', 0),
(266, 'New South Wales', 13, '0000-00-00 00:00:00', 0),
(267, 'Northern Territory', 13, '0000-00-00 00:00:00', 0),
(268, 'Perth', 13, '0000-00-00 00:00:00', 0),
(269, 'Queensland', 13, '0000-00-00 00:00:00', 0),
(270, 'South Australia', 13, '0000-00-00 00:00:00', 0),
(271, 'Tasmania', 13, '0000-00-00 00:00:00', 0),
(272, 'Templestowe', 13, '0000-00-00 00:00:00', 0),
(273, 'Victoria', 13, '0000-00-00 00:00:00', 0),
(274, 'Werribee south', 13, '0000-00-00 00:00:00', 0),
(275, 'Western Australia', 13, '0000-00-00 00:00:00', 0),
(276, 'Wheeler', 13, '0000-00-00 00:00:00', 0),
(277, 'Bundesland Salzburg', 14, '0000-00-00 00:00:00', 0),
(278, 'Bundesland Steiermark', 14, '0000-00-00 00:00:00', 0),
(279, 'Bundesland Tirol', 14, '0000-00-00 00:00:00', 0),
(280, 'Burgenland', 14, '0000-00-00 00:00:00', 0),
(281, 'Carinthia', 14, '0000-00-00 00:00:00', 0),
(282, 'Karnten', 14, '0000-00-00 00:00:00', 0),
(283, 'Liezen', 14, '0000-00-00 00:00:00', 0),
(284, 'Lower Austria', 14, '0000-00-00 00:00:00', 0),
(285, 'Niederosterreich', 14, '0000-00-00 00:00:00', 0),
(286, 'Oberosterreich', 14, '0000-00-00 00:00:00', 0),
(287, 'Salzburg', 14, '0000-00-00 00:00:00', 0),
(288, 'Schleswig-Holstein', 14, '0000-00-00 00:00:00', 0),
(289, 'Steiermark', 14, '0000-00-00 00:00:00', 0),
(290, 'Styria', 14, '0000-00-00 00:00:00', 0),
(291, 'Tirol', 14, '0000-00-00 00:00:00', 0),
(292, 'Upper Austria', 14, '0000-00-00 00:00:00', 0),
(293, 'Vorarlberg', 14, '0000-00-00 00:00:00', 0),
(294, 'Wien', 14, '0000-00-00 00:00:00', 0),
(295, 'Abseron', 15, '0000-00-00 00:00:00', 0),
(296, 'Baki Sahari', 15, '0000-00-00 00:00:00', 0),
(297, 'Ganca', 15, '0000-00-00 00:00:00', 0),
(298, 'Ganja', 15, '0000-00-00 00:00:00', 0),
(299, 'Kalbacar', 15, '0000-00-00 00:00:00', 0),
(300, 'Lankaran', 15, '0000-00-00 00:00:00', 0),
(301, 'Mil-Qarabax', 15, '0000-00-00 00:00:00', 0),
(302, 'Mugan-Salyan', 15, '0000-00-00 00:00:00', 0),
(303, 'Nagorni-Qarabax', 15, '0000-00-00 00:00:00', 0),
(304, 'Naxcivan', 15, '0000-00-00 00:00:00', 0),
(305, 'Priaraks', 15, '0000-00-00 00:00:00', 0),
(306, 'Qazax', 15, '0000-00-00 00:00:00', 0),
(307, 'Saki', 15, '0000-00-00 00:00:00', 0),
(308, 'Sirvan', 15, '0000-00-00 00:00:00', 0),
(309, 'Xacmaz', 15, '0000-00-00 00:00:00', 0),
(310, 'Abaco', 16, '0000-00-00 00:00:00', 0),
(311, 'Acklins Island', 16, '0000-00-00 00:00:00', 0),
(312, 'Andros', 16, '0000-00-00 00:00:00', 0),
(313, 'Berry Islands', 16, '0000-00-00 00:00:00', 0),
(314, 'Biminis', 16, '0000-00-00 00:00:00', 0),
(315, 'Cat Island', 16, '0000-00-00 00:00:00', 0),
(316, 'Crooked Island', 16, '0000-00-00 00:00:00', 0),
(317, 'Eleuthera', 16, '0000-00-00 00:00:00', 0),
(318, 'Exuma and Cays', 16, '0000-00-00 00:00:00', 0),
(319, 'Grand Bahama', 16, '0000-00-00 00:00:00', 0),
(320, 'Inagua Islands', 16, '0000-00-00 00:00:00', 0),
(321, 'Long Island', 16, '0000-00-00 00:00:00', 0),
(322, 'Mayaguana', 16, '0000-00-00 00:00:00', 0),
(323, 'New Providence', 16, '0000-00-00 00:00:00', 0),
(324, 'Ragged Island', 16, '0000-00-00 00:00:00', 0),
(325, 'Rum Cay', 16, '0000-00-00 00:00:00', 0),
(326, 'San Salvador', 16, '0000-00-00 00:00:00', 0),
(327, '''Isa', 17, '0000-00-00 00:00:00', 0),
(328, 'Badiyah', 17, '0000-00-00 00:00:00', 0),
(329, 'Hidd', 17, '0000-00-00 00:00:00', 0),
(330, 'Jidd Hafs', 17, '0000-00-00 00:00:00', 0),
(331, 'Mahama', 17, '0000-00-00 00:00:00', 0),
(332, 'Manama', 17, '0000-00-00 00:00:00', 0),
(333, 'Sitrah', 17, '0000-00-00 00:00:00', 0),
(334, 'al-Manamah', 17, '0000-00-00 00:00:00', 0),
(335, 'al-Muharraq', 17, '0000-00-00 00:00:00', 0),
(336, 'ar-Rifa''a', 17, '0000-00-00 00:00:00', 0),
(337, 'Bagar Hat', 18, '0000-00-00 00:00:00', 0),
(338, 'Bandarban', 18, '0000-00-00 00:00:00', 0),
(339, 'Barguna', 18, '0000-00-00 00:00:00', 0),
(340, 'Barisal', 18, '0000-00-00 00:00:00', 0),
(341, 'Bhola', 18, '0000-00-00 00:00:00', 0),
(342, 'Bogora', 18, '0000-00-00 00:00:00', 0),
(343, 'Brahman Bariya', 18, '0000-00-00 00:00:00', 0),
(344, 'Chandpur', 18, '0000-00-00 00:00:00', 0),
(345, 'Chattagam', 18, '0000-00-00 00:00:00', 0),
(346, 'Chittagong Division', 18, '0000-00-00 00:00:00', 0),
(347, 'Chuadanga', 18, '0000-00-00 00:00:00', 0),
(348, 'Dhaka', 18, '0000-00-00 00:00:00', 0),
(349, 'Dinajpur', 18, '0000-00-00 00:00:00', 0),
(350, 'Faridpur', 18, '0000-00-00 00:00:00', 0),
(351, 'Feni', 18, '0000-00-00 00:00:00', 0),
(352, 'Gaybanda', 18, '0000-00-00 00:00:00', 0),
(353, 'Gazipur', 18, '0000-00-00 00:00:00', 0),
(354, 'Gopalganj', 18, '0000-00-00 00:00:00', 0),
(355, 'Habiganj', 18, '0000-00-00 00:00:00', 0),
(356, 'Jaipur Hat', 18, '0000-00-00 00:00:00', 0),
(357, 'Jamalpur', 18, '0000-00-00 00:00:00', 0),
(358, 'Jessor', 18, '0000-00-00 00:00:00', 0),
(359, 'Jhalakati', 18, '0000-00-00 00:00:00', 0),
(360, 'Jhanaydah', 18, '0000-00-00 00:00:00', 0),
(361, 'Khagrachhari', 18, '0000-00-00 00:00:00', 0),
(362, 'Khulna', 18, '0000-00-00 00:00:00', 0),
(363, 'Kishorganj', 18, '0000-00-00 00:00:00', 0),
(364, 'Koks Bazar', 18, '0000-00-00 00:00:00', 0),
(365, 'Komilla', 18, '0000-00-00 00:00:00', 0),
(366, 'Kurigram', 18, '0000-00-00 00:00:00', 0),
(367, 'Kushtiya', 18, '0000-00-00 00:00:00', 0),
(368, 'Lakshmipur', 18, '0000-00-00 00:00:00', 0),
(369, 'Lalmanir Hat', 18, '0000-00-00 00:00:00', 0),
(370, 'Madaripur', 18, '0000-00-00 00:00:00', 0),
(371, 'Magura', 18, '0000-00-00 00:00:00', 0),
(372, 'Maimansingh', 18, '0000-00-00 00:00:00', 0),
(373, 'Manikganj', 18, '0000-00-00 00:00:00', 0),
(374, 'Maulvi Bazar', 18, '0000-00-00 00:00:00', 0),
(375, 'Meherpur', 18, '0000-00-00 00:00:00', 0),
(376, 'Munshiganj', 18, '0000-00-00 00:00:00', 0),
(377, 'Naral', 18, '0000-00-00 00:00:00', 0),
(378, 'Narayanganj', 18, '0000-00-00 00:00:00', 0),
(379, 'Narsingdi', 18, '0000-00-00 00:00:00', 0),
(380, 'Nator', 18, '0000-00-00 00:00:00', 0),
(381, 'Naugaon', 18, '0000-00-00 00:00:00', 0),
(382, 'Nawabganj', 18, '0000-00-00 00:00:00', 0),
(383, 'Netrakona', 18, '0000-00-00 00:00:00', 0),
(384, 'Nilphamari', 18, '0000-00-00 00:00:00', 0),
(385, 'Noakhali', 18, '0000-00-00 00:00:00', 0),
(386, 'Pabna', 18, '0000-00-00 00:00:00', 0),
(387, 'Panchagarh', 18, '0000-00-00 00:00:00', 0),
(388, 'Patuakhali', 18, '0000-00-00 00:00:00', 0),
(389, 'Pirojpur', 18, '0000-00-00 00:00:00', 0),
(390, 'Rajbari', 18, '0000-00-00 00:00:00', 0),
(391, 'Rajshahi', 18, '0000-00-00 00:00:00', 0),
(392, 'Rangamati', 18, '0000-00-00 00:00:00', 0),
(393, 'Rangpur', 18, '0000-00-00 00:00:00', 0),
(394, 'Satkhira', 18, '0000-00-00 00:00:00', 0),
(395, 'Shariatpur', 18, '0000-00-00 00:00:00', 0),
(396, 'Sherpur', 18, '0000-00-00 00:00:00', 0),
(397, 'Silhat', 18, '0000-00-00 00:00:00', 0),
(398, 'Sirajganj', 18, '0000-00-00 00:00:00', 0),
(399, 'Sunamganj', 18, '0000-00-00 00:00:00', 0),
(400, 'Tangayal', 18, '0000-00-00 00:00:00', 0),
(401, 'Thakurgaon', 18, '0000-00-00 00:00:00', 0),
(402, 'Christ Church', 19, '0000-00-00 00:00:00', 0),
(403, 'Saint Andrew', 19, '0000-00-00 00:00:00', 0),
(404, 'Saint George', 19, '0000-00-00 00:00:00', 0),
(405, 'Saint James', 19, '0000-00-00 00:00:00', 0),
(406, 'Saint John', 19, '0000-00-00 00:00:00', 0),
(407, 'Saint Joseph', 19, '0000-00-00 00:00:00', 0),
(408, 'Saint Lucy', 19, '0000-00-00 00:00:00', 0),
(409, 'Saint Michael', 19, '0000-00-00 00:00:00', 0),
(410, 'Saint Peter', 19, '0000-00-00 00:00:00', 0),
(411, 'Saint Philip', 19, '0000-00-00 00:00:00', 0),
(412, 'Saint Thomas', 19, '0000-00-00 00:00:00', 0),
(413, 'Brest', 20, '0000-00-00 00:00:00', 0),
(414, 'Homjel''', 20, '0000-00-00 00:00:00', 0),
(415, 'Hrodna', 20, '0000-00-00 00:00:00', 0),
(416, 'Mahiljow', 20, '0000-00-00 00:00:00', 0),
(417, 'Mahilyowskaya Voblasts', 20, '0000-00-00 00:00:00', 0),
(418, 'Minsk', 20, '0000-00-00 00:00:00', 0),
(419, 'Minskaja Voblasts''', 20, '0000-00-00 00:00:00', 0),
(420, 'Petrik', 20, '0000-00-00 00:00:00', 0),
(421, 'Vicebsk', 20, '0000-00-00 00:00:00', 0),
(422, 'Antwerpen', 21, '0000-00-00 00:00:00', 0),
(423, 'Berchem', 21, '0000-00-00 00:00:00', 0),
(424, 'Brabant', 21, '0000-00-00 00:00:00', 0),
(425, 'Brabant Wallon', 21, '0000-00-00 00:00:00', 0),
(426, 'Brussel', 21, '0000-00-00 00:00:00', 0),
(427, 'East Flanders', 21, '0000-00-00 00:00:00', 0),
(428, 'Hainaut', 21, '0000-00-00 00:00:00', 0),
(429, 'Liege', 21, '0000-00-00 00:00:00', 0),
(430, 'Limburg', 21, '0000-00-00 00:00:00', 0),
(431, 'Luxembourg', 21, '0000-00-00 00:00:00', 0),
(432, 'Namur', 21, '0000-00-00 00:00:00', 0),
(433, 'Ontario', 21, '0000-00-00 00:00:00', 0),
(434, 'Oost-Vlaanderen', 21, '0000-00-00 00:00:00', 0),
(435, 'Provincie Brabant', 21, '0000-00-00 00:00:00', 0),
(436, 'Vlaams-Brabant', 21, '0000-00-00 00:00:00', 0),
(437, 'Wallonne', 21, '0000-00-00 00:00:00', 0),
(438, 'West-Vlaanderen', 21, '0000-00-00 00:00:00', 0),
(439, 'Belize', 22, '0000-00-00 00:00:00', 0),
(440, 'Cayo', 22, '0000-00-00 00:00:00', 0),
(441, 'Corozal', 22, '0000-00-00 00:00:00', 0),
(442, 'Orange Walk', 22, '0000-00-00 00:00:00', 0),
(443, 'Stann Creek', 22, '0000-00-00 00:00:00', 0),
(444, 'Toledo', 22, '0000-00-00 00:00:00', 0),
(445, 'Alibori', 23, '0000-00-00 00:00:00', 0),
(446, 'Atacora', 23, '0000-00-00 00:00:00', 0),
(447, 'Atlantique', 23, '0000-00-00 00:00:00', 0),
(448, 'Borgou', 23, '0000-00-00 00:00:00', 0),
(449, 'Collines', 23, '0000-00-00 00:00:00', 0),
(450, 'Couffo', 23, '0000-00-00 00:00:00', 0),
(451, 'Donga', 23, '0000-00-00 00:00:00', 0),
(452, 'Littoral', 23, '0000-00-00 00:00:00', 0),
(453, 'Mono', 23, '0000-00-00 00:00:00', 0),
(454, 'Oueme', 23, '0000-00-00 00:00:00', 0),
(455, 'Plateau', 23, '0000-00-00 00:00:00', 0),
(456, 'Zou', 23, '0000-00-00 00:00:00', 0),
(457, 'Hamilton', 24, '0000-00-00 00:00:00', 0),
(458, 'Saint George', 24, '0000-00-00 00:00:00', 0),
(459, 'Bumthang', 25, '0000-00-00 00:00:00', 0),
(460, 'Chhukha', 25, '0000-00-00 00:00:00', 0),
(461, 'Chirang', 25, '0000-00-00 00:00:00', 0),
(462, 'Daga', 25, '0000-00-00 00:00:00', 0),
(463, 'Geylegphug', 25, '0000-00-00 00:00:00', 0),
(464, 'Ha', 25, '0000-00-00 00:00:00', 0),
(465, 'Lhuntshi', 25, '0000-00-00 00:00:00', 0),
(466, 'Mongar', 25, '0000-00-00 00:00:00', 0),
(467, 'Pemagatsel', 25, '0000-00-00 00:00:00', 0),
(468, 'Punakha', 25, '0000-00-00 00:00:00', 0),
(469, 'Rinpung', 25, '0000-00-00 00:00:00', 0),
(470, 'Samchi', 25, '0000-00-00 00:00:00', 0),
(471, 'Samdrup Jongkhar', 25, '0000-00-00 00:00:00', 0),
(472, 'Shemgang', 25, '0000-00-00 00:00:00', 0),
(473, 'Tashigang', 25, '0000-00-00 00:00:00', 0),
(474, 'Timphu', 25, '0000-00-00 00:00:00', 0),
(475, 'Tongsa', 25, '0000-00-00 00:00:00', 0),
(476, 'Wangdiphodrang', 25, '0000-00-00 00:00:00', 0),
(477, 'Beni', 26, '0000-00-00 00:00:00', 0),
(478, 'Chuquisaca', 26, '0000-00-00 00:00:00', 0),
(479, 'Cochabamba', 26, '0000-00-00 00:00:00', 0),
(480, 'La Paz', 26, '0000-00-00 00:00:00', 0),
(481, 'Oruro', 26, '0000-00-00 00:00:00', 0),
(482, 'Pando', 26, '0000-00-00 00:00:00', 0),
(483, 'Potosi', 26, '0000-00-00 00:00:00', 0),
(484, 'Santa Cruz', 26, '0000-00-00 00:00:00', 0),
(485, 'Tarija', 26, '0000-00-00 00:00:00', 0),
(486, 'Federacija Bosna i Hercegovina', 27, '0000-00-00 00:00:00', 0),
(487, 'Republika Srpska', 27, '0000-00-00 00:00:00', 0),
(488, 'Central Bobonong', 28, '0000-00-00 00:00:00', 0),
(489, 'Central Boteti', 28, '0000-00-00 00:00:00', 0),
(490, 'Central Mahalapye', 28, '0000-00-00 00:00:00', 0),
(491, 'Central Serowe-Palapye', 28, '0000-00-00 00:00:00', 0),
(492, 'Central Tutume', 28, '0000-00-00 00:00:00', 0),
(493, 'Chobe', 28, '0000-00-00 00:00:00', 0),
(494, 'Francistown', 28, '0000-00-00 00:00:00', 0),
(495, 'Gaborone', 28, '0000-00-00 00:00:00', 0),
(496, 'Ghanzi', 28, '0000-00-00 00:00:00', 0),
(497, 'Jwaneng', 28, '0000-00-00 00:00:00', 0),
(498, 'Kgalagadi North', 28, '0000-00-00 00:00:00', 0),
(499, 'Kgalagadi South', 28, '0000-00-00 00:00:00', 0),
(500, 'Kgatleng', 28, '0000-00-00 00:00:00', 0),
(501, 'Kweneng', 28, '0000-00-00 00:00:00', 0),
(502, 'Lobatse', 28, '0000-00-00 00:00:00', 0),
(503, 'Ngamiland', 28, '0000-00-00 00:00:00', 0),
(504, 'Ngwaketse', 28, '0000-00-00 00:00:00', 0),
(505, 'North East', 28, '0000-00-00 00:00:00', 0),
(506, 'Okavango', 28, '0000-00-00 00:00:00', 0),
(507, 'Orapa', 28, '0000-00-00 00:00:00', 0),
(508, 'Selibe Phikwe', 28, '0000-00-00 00:00:00', 0),
(509, 'South East', 28, '0000-00-00 00:00:00', 0),
(510, 'Sowa', 28, '0000-00-00 00:00:00', 0),
(511, 'Bouvet Island', 29, '0000-00-00 00:00:00', 0),
(512, 'Acre', 30, '0000-00-00 00:00:00', 0),
(513, 'Alagoas', 30, '0000-00-00 00:00:00', 0),
(514, 'Amapa', 30, '0000-00-00 00:00:00', 0),
(515, 'Amazonas', 30, '0000-00-00 00:00:00', 0),
(516, 'Bahia', 30, '0000-00-00 00:00:00', 0),
(517, 'Ceara', 30, '0000-00-00 00:00:00', 0),
(518, 'Distrito Federal', 30, '0000-00-00 00:00:00', 0),
(519, 'Espirito Santo', 30, '0000-00-00 00:00:00', 0),
(520, 'Estado de Sao Paulo', 30, '0000-00-00 00:00:00', 0),
(521, 'Goias', 30, '0000-00-00 00:00:00', 0),
(522, 'Maranhao', 30, '0000-00-00 00:00:00', 0),
(523, 'Mato Grosso', 30, '0000-00-00 00:00:00', 0),
(524, 'Mato Grosso do Sul', 30, '0000-00-00 00:00:00', 0),
(525, 'Minas Gerais', 30, '0000-00-00 00:00:00', 0),
(526, 'Para', 30, '0000-00-00 00:00:00', 0),
(527, 'Paraiba', 30, '0000-00-00 00:00:00', 0),
(528, 'Parana', 30, '0000-00-00 00:00:00', 0),
(529, 'Pernambuco', 30, '0000-00-00 00:00:00', 0),
(530, 'Piaui', 30, '0000-00-00 00:00:00', 0),
(531, 'Rio Grande do Norte', 30, '0000-00-00 00:00:00', 0),
(532, 'Rio Grande do Sul', 30, '0000-00-00 00:00:00', 0),
(533, 'Rio de Janeiro', 30, '0000-00-00 00:00:00', 0),
(534, 'Rondonia', 30, '0000-00-00 00:00:00', 0),
(535, 'Roraima', 30, '0000-00-00 00:00:00', 0),
(536, 'Santa Catarina', 30, '0000-00-00 00:00:00', 0),
(537, 'Sao Paulo', 30, '0000-00-00 00:00:00', 0),
(538, 'Sergipe', 30, '0000-00-00 00:00:00', 0),
(539, 'Tocantins', 30, '0000-00-00 00:00:00', 0),
(540, 'British Indian Ocean Territory', 31, '0000-00-00 00:00:00', 0),
(541, 'Belait', 32, '0000-00-00 00:00:00', 0),
(542, 'Brunei-Muara', 32, '0000-00-00 00:00:00', 0),
(543, 'Temburong', 32, '0000-00-00 00:00:00', 0),
(544, 'Tutong', 32, '0000-00-00 00:00:00', 0),
(545, 'Blagoevgrad', 33, '0000-00-00 00:00:00', 0),
(546, 'Burgas', 33, '0000-00-00 00:00:00', 0),
(547, 'Dobrich', 33, '0000-00-00 00:00:00', 0),
(548, 'Gabrovo', 33, '0000-00-00 00:00:00', 0),
(549, 'Haskovo', 33, '0000-00-00 00:00:00', 0),
(550, 'Jambol', 33, '0000-00-00 00:00:00', 0),
(551, 'Kardzhali', 33, '0000-00-00 00:00:00', 0),
(552, 'Kjustendil', 33, '0000-00-00 00:00:00', 0),
(553, 'Lovech', 33, '0000-00-00 00:00:00', 0),
(554, 'Montana', 33, '0000-00-00 00:00:00', 0),
(555, 'Oblast Sofiya-Grad', 33, '0000-00-00 00:00:00', 0),
(556, 'Pazardzhik', 33, '0000-00-00 00:00:00', 0),
(557, 'Pernik', 33, '0000-00-00 00:00:00', 0),
(558, 'Pleven', 33, '0000-00-00 00:00:00', 0),
(559, 'Plovdiv', 33, '0000-00-00 00:00:00', 0),
(560, 'Razgrad', 33, '0000-00-00 00:00:00', 0),
(561, 'Ruse', 33, '0000-00-00 00:00:00', 0),
(562, 'Shumen', 33, '0000-00-00 00:00:00', 0),
(563, 'Silistra', 33, '0000-00-00 00:00:00', 0),
(564, 'Sliven', 33, '0000-00-00 00:00:00', 0),
(565, 'Smoljan', 33, '0000-00-00 00:00:00', 0),
(566, 'Sofija grad', 33, '0000-00-00 00:00:00', 0),
(567, 'Sofijska oblast', 33, '0000-00-00 00:00:00', 0),
(568, 'Stara Zagora', 33, '0000-00-00 00:00:00', 0),
(569, 'Targovishte', 33, '0000-00-00 00:00:00', 0),
(570, 'Varna', 33, '0000-00-00 00:00:00', 0),
(571, 'Veliko Tarnovo', 33, '0000-00-00 00:00:00', 0),
(572, 'Vidin', 33, '0000-00-00 00:00:00', 0),
(573, 'Vraca', 33, '0000-00-00 00:00:00', 0),
(574, 'Yablaniza', 33, '0000-00-00 00:00:00', 0),
(575, 'Bale', 34, '0000-00-00 00:00:00', 0),
(576, 'Bam', 34, '0000-00-00 00:00:00', 0),
(577, 'Bazega', 34, '0000-00-00 00:00:00', 0),
(578, 'Bougouriba', 34, '0000-00-00 00:00:00', 0),
(579, 'Boulgou', 34, '0000-00-00 00:00:00', 0),
(580, 'Boulkiemde', 34, '0000-00-00 00:00:00', 0),
(581, 'Comoe', 34, '0000-00-00 00:00:00', 0),
(582, 'Ganzourgou', 34, '0000-00-00 00:00:00', 0),
(583, 'Gnagna', 34, '0000-00-00 00:00:00', 0),
(584, 'Gourma', 34, '0000-00-00 00:00:00', 0),
(585, 'Houet', 34, '0000-00-00 00:00:00', 0),
(586, 'Ioba', 34, '0000-00-00 00:00:00', 0),
(587, 'Kadiogo', 34, '0000-00-00 00:00:00', 0),
(588, 'Kenedougou', 34, '0000-00-00 00:00:00', 0),
(589, 'Komandjari', 34, '0000-00-00 00:00:00', 0),
(590, 'Kompienga', 34, '0000-00-00 00:00:00', 0),
(591, 'Kossi', 34, '0000-00-00 00:00:00', 0),
(592, 'Kouritenga', 34, '0000-00-00 00:00:00', 0),
(593, 'Kourweogo', 34, '0000-00-00 00:00:00', 0),
(594, 'Leraba', 34, '0000-00-00 00:00:00', 0),
(595, 'Mouhoun', 34, '0000-00-00 00:00:00', 0),
(596, 'Nahouri', 34, '0000-00-00 00:00:00', 0),
(597, 'Namentenga', 34, '0000-00-00 00:00:00', 0),
(598, 'Noumbiel', 34, '0000-00-00 00:00:00', 0),
(599, 'Oubritenga', 34, '0000-00-00 00:00:00', 0),
(600, 'Oudalan', 34, '0000-00-00 00:00:00', 0),
(601, 'Passore', 34, '0000-00-00 00:00:00', 0),
(602, 'Poni', 34, '0000-00-00 00:00:00', 0),
(603, 'Sanguie', 34, '0000-00-00 00:00:00', 0),
(604, 'Sanmatenga', 34, '0000-00-00 00:00:00', 0),
(605, 'Seno', 34, '0000-00-00 00:00:00', 0),
(606, 'Sissili', 34, '0000-00-00 00:00:00', 0),
(607, 'Soum', 34, '0000-00-00 00:00:00', 0),
(608, 'Sourou', 34, '0000-00-00 00:00:00', 0),
(609, 'Tapoa', 34, '0000-00-00 00:00:00', 0),
(610, 'Tuy', 34, '0000-00-00 00:00:00', 0),
(611, 'Yatenga', 34, '0000-00-00 00:00:00', 0),
(612, 'Zondoma', 34, '0000-00-00 00:00:00', 0),
(613, 'Zoundweogo', 34, '0000-00-00 00:00:00', 0),
(614, 'Bubanza', 35, '0000-00-00 00:00:00', 0),
(615, 'Bujumbura', 35, '0000-00-00 00:00:00', 0),
(616, 'Bururi', 35, '0000-00-00 00:00:00', 0),
(617, 'Cankuzo', 35, '0000-00-00 00:00:00', 0),
(618, 'Cibitoke', 35, '0000-00-00 00:00:00', 0),
(619, 'Gitega', 35, '0000-00-00 00:00:00', 0),
(620, 'Karuzi', 35, '0000-00-00 00:00:00', 0),
(621, 'Kayanza', 35, '0000-00-00 00:00:00', 0),
(622, 'Kirundo', 35, '0000-00-00 00:00:00', 0),
(623, 'Makamba', 35, '0000-00-00 00:00:00', 0),
(624, 'Muramvya', 35, '0000-00-00 00:00:00', 0),
(625, 'Muyinga', 35, '0000-00-00 00:00:00', 0),
(626, 'Ngozi', 35, '0000-00-00 00:00:00', 0),
(627, 'Rutana', 35, '0000-00-00 00:00:00', 0),
(628, 'Ruyigi', 35, '0000-00-00 00:00:00', 0),
(629, 'Banteay Mean Chey', 36, '0000-00-00 00:00:00', 0),
(630, 'Bat Dambang', 36, '0000-00-00 00:00:00', 0),
(631, 'Kampong Cham', 36, '0000-00-00 00:00:00', 0),
(632, 'Kampong Chhnang', 36, '0000-00-00 00:00:00', 0),
(633, 'Kampong Spoeu', 36, '0000-00-00 00:00:00', 0),
(634, 'Kampong Thum', 36, '0000-00-00 00:00:00', 0),
(635, 'Kampot', 36, '0000-00-00 00:00:00', 0),
(636, 'Kandal', 36, '0000-00-00 00:00:00', 0),
(637, 'Kaoh Kong', 36, '0000-00-00 00:00:00', 0),
(638, 'Kracheh', 36, '0000-00-00 00:00:00', 0),
(639, 'Krong Kaeb', 36, '0000-00-00 00:00:00', 0),
(640, 'Krong Pailin', 36, '0000-00-00 00:00:00', 0),
(641, 'Krong Preah Sihanouk', 36, '0000-00-00 00:00:00', 0),
(642, 'Mondol Kiri', 36, '0000-00-00 00:00:00', 0),
(643, 'Otdar Mean Chey', 36, '0000-00-00 00:00:00', 0),
(644, 'Phnum Penh', 36, '0000-00-00 00:00:00', 0),
(645, 'Pousat', 36, '0000-00-00 00:00:00', 0),
(646, 'Preah Vihear', 36, '0000-00-00 00:00:00', 0),
(647, 'Prey Veaeng', 36, '0000-00-00 00:00:00', 0),
(648, 'Rotanak Kiri', 36, '0000-00-00 00:00:00', 0),
(649, 'Siem Reab', 36, '0000-00-00 00:00:00', 0),
(650, 'Stueng Traeng', 36, '0000-00-00 00:00:00', 0),
(651, 'Svay Rieng', 36, '0000-00-00 00:00:00', 0),
(652, 'Takaev', 36, '0000-00-00 00:00:00', 0),
(653, 'Adamaoua', 37, '0000-00-00 00:00:00', 0),
(654, 'Centre', 37, '0000-00-00 00:00:00', 0),
(655, 'Est', 37, '0000-00-00 00:00:00', 0),
(656, 'Littoral', 37, '0000-00-00 00:00:00', 0),
(657, 'Nord', 37, '0000-00-00 00:00:00', 0),
(658, 'Nord Extreme', 37, '0000-00-00 00:00:00', 0),
(659, 'Nordouest', 37, '0000-00-00 00:00:00', 0),
(660, 'Ouest', 37, '0000-00-00 00:00:00', 0),
(661, 'Sud', 37, '0000-00-00 00:00:00', 0),
(662, 'Sudouest', 37, '0000-00-00 00:00:00', 0),
(663, 'Alberta', 38, '0000-00-00 00:00:00', 0),
(664, 'British Columbia', 38, '0000-00-00 00:00:00', 0),
(665, 'Manitoba', 38, '0000-00-00 00:00:00', 0),
(666, 'New Brunswick', 38, '0000-00-00 00:00:00', 0),
(667, 'Newfoundland and Labrador', 38, '0000-00-00 00:00:00', 0),
(668, 'Northwest Territories', 38, '0000-00-00 00:00:00', 0),
(669, 'Nova Scotia', 38, '0000-00-00 00:00:00', 0),
(670, 'Nunavut', 38, '0000-00-00 00:00:00', 0),
(671, 'Ontario', 38, '0000-00-00 00:00:00', 0),
(672, 'Prince Edward Island', 38, '0000-00-00 00:00:00', 0),
(673, 'Quebec', 38, '0000-00-00 00:00:00', 0),
(674, 'Saskatchewan', 38, '0000-00-00 00:00:00', 0),
(675, 'Yukon', 38, '0000-00-00 00:00:00', 0),
(676, 'Boavista', 39, '0000-00-00 00:00:00', 0),
(677, 'Brava', 39, '0000-00-00 00:00:00', 0),
(678, 'Fogo', 39, '0000-00-00 00:00:00', 0),
(679, 'Maio', 39, '0000-00-00 00:00:00', 0),
(680, 'Sal', 39, '0000-00-00 00:00:00', 0),
(681, 'Santo Antao', 39, '0000-00-00 00:00:00', 0),
(682, 'Sao Nicolau', 39, '0000-00-00 00:00:00', 0),
(683, 'Sao Tiago', 39, '0000-00-00 00:00:00', 0),
(684, 'Sao Vicente', 39, '0000-00-00 00:00:00', 0),
(685, 'Grand Cayman', 40, '0000-00-00 00:00:00', 0),
(686, 'Bamingui-Bangoran', 41, '0000-00-00 00:00:00', 0),
(687, 'Bangui', 41, '0000-00-00 00:00:00', 0),
(688, 'Basse-Kotto', 41, '0000-00-00 00:00:00', 0),
(689, 'Haut-Mbomou', 41, '0000-00-00 00:00:00', 0),
(690, 'Haute-Kotto', 41, '0000-00-00 00:00:00', 0),
(691, 'Kemo', 41, '0000-00-00 00:00:00', 0),
(692, 'Lobaye', 41, '0000-00-00 00:00:00', 0),
(693, 'Mambere-Kadei', 41, '0000-00-00 00:00:00', 0),
(694, 'Mbomou', 41, '0000-00-00 00:00:00', 0),
(695, 'Nana-Gribizi', 41, '0000-00-00 00:00:00', 0),
(696, 'Nana-Mambere', 41, '0000-00-00 00:00:00', 0),
(697, 'Ombella Mpoko', 41, '0000-00-00 00:00:00', 0),
(698, 'Ouaka', 41, '0000-00-00 00:00:00', 0),
(699, 'Ouham', 41, '0000-00-00 00:00:00', 0),
(700, 'Ouham-Pende', 41, '0000-00-00 00:00:00', 0),
(701, 'Sangha-Mbaere', 41, '0000-00-00 00:00:00', 0),
(702, 'Vakaga', 41, '0000-00-00 00:00:00', 0),
(703, 'Batha', 42, '0000-00-00 00:00:00', 0),
(704, 'Biltine', 42, '0000-00-00 00:00:00', 0),
(705, 'Bourkou-Ennedi-Tibesti', 42, '0000-00-00 00:00:00', 0),
(706, 'Chari-Baguirmi', 42, '0000-00-00 00:00:00', 0),
(707, 'Guera', 42, '0000-00-00 00:00:00', 0),
(708, 'Kanem', 42, '0000-00-00 00:00:00', 0),
(709, 'Lac', 42, '0000-00-00 00:00:00', 0),
(710, 'Logone Occidental', 42, '0000-00-00 00:00:00', 0),
(711, 'Logone Oriental', 42, '0000-00-00 00:00:00', 0),
(712, 'Mayo-Kebbi', 42, '0000-00-00 00:00:00', 0),
(713, 'Moyen-Chari', 42, '0000-00-00 00:00:00', 0),
(714, 'Ouaddai', 42, '0000-00-00 00:00:00', 0),
(715, 'Salamat', 42, '0000-00-00 00:00:00', 0),
(716, 'Tandjile', 42, '0000-00-00 00:00:00', 0),
(717, 'Aisen', 43, '0000-00-00 00:00:00', 0),
(718, 'Antofagasta', 43, '0000-00-00 00:00:00', 0),
(719, 'Araucania', 43, '0000-00-00 00:00:00', 0),
(720, 'Atacama', 43, '0000-00-00 00:00:00', 0),
(721, 'Bio Bio', 43, '0000-00-00 00:00:00', 0),
(722, 'Coquimbo', 43, '0000-00-00 00:00:00', 0),
(723, 'Libertador General Bernardo O''', 43, '0000-00-00 00:00:00', 0),
(724, 'Los Lagos', 43, '0000-00-00 00:00:00', 0),
(725, 'Magellanes', 43, '0000-00-00 00:00:00', 0),
(726, 'Maule', 43, '0000-00-00 00:00:00', 0),
(727, 'Metropolitana', 43, '0000-00-00 00:00:00', 0),
(728, 'Metropolitana de Santiago', 43, '0000-00-00 00:00:00', 0),
(729, 'Tarapaca', 43, '0000-00-00 00:00:00', 0),
(730, 'Valparaiso', 43, '0000-00-00 00:00:00', 0),
(731, 'Anhui', 44, '0000-00-00 00:00:00', 0),
(732, 'Anhui Province', 44, '0000-00-00 00:00:00', 0),
(733, 'Anhui Sheng', 44, '0000-00-00 00:00:00', 0),
(734, 'Aomen', 44, '0000-00-00 00:00:00', 0),
(735, 'Beijing', 44, '0000-00-00 00:00:00', 0),
(736, 'Beijing Shi', 44, '0000-00-00 00:00:00', 0),
(737, 'Chongqing', 44, '0000-00-00 00:00:00', 0),
(738, 'Fujian', 44, '0000-00-00 00:00:00', 0),
(739, 'Fujian Sheng', 44, '0000-00-00 00:00:00', 0),
(740, 'Gansu', 44, '0000-00-00 00:00:00', 0),
(741, 'Guangdong', 44, '0000-00-00 00:00:00', 0),
(742, 'Guangdong Sheng', 44, '0000-00-00 00:00:00', 0),
(743, 'Guangxi', 44, '0000-00-00 00:00:00', 0),
(744, 'Guizhou', 44, '0000-00-00 00:00:00', 0),
(745, 'Hainan', 44, '0000-00-00 00:00:00', 0),
(746, 'Hebei', 44, '0000-00-00 00:00:00', 0),
(747, 'Heilongjiang', 44, '0000-00-00 00:00:00', 0),
(748, 'Henan', 44, '0000-00-00 00:00:00', 0),
(749, 'Hubei', 44, '0000-00-00 00:00:00', 0),
(750, 'Hunan', 44, '0000-00-00 00:00:00', 0),
(751, 'Jiangsu', 44, '0000-00-00 00:00:00', 0),
(752, 'Jiangsu Sheng', 44, '0000-00-00 00:00:00', 0),
(753, 'Jiangxi', 44, '0000-00-00 00:00:00', 0),
(754, 'Jilin', 44, '0000-00-00 00:00:00', 0),
(755, 'Liaoning', 44, '0000-00-00 00:00:00', 0),
(756, 'Liaoning Sheng', 44, '0000-00-00 00:00:00', 0),
(757, 'Nei Monggol', 44, '0000-00-00 00:00:00', 0),
(758, 'Ningxia Hui', 44, '0000-00-00 00:00:00', 0),
(759, 'Qinghai', 44, '0000-00-00 00:00:00', 0),
(760, 'Shaanxi', 44, '0000-00-00 00:00:00', 0),
(761, 'Shandong', 44, '0000-00-00 00:00:00', 0),
(762, 'Shandong Sheng', 44, '0000-00-00 00:00:00', 0),
(763, 'Shanghai', 44, '0000-00-00 00:00:00', 0),
(764, 'Shanxi', 44, '0000-00-00 00:00:00', 0),
(765, 'Sichuan', 44, '0000-00-00 00:00:00', 0),
(766, 'Tianjin', 44, '0000-00-00 00:00:00', 0),
(767, 'Xianggang', 44, '0000-00-00 00:00:00', 0),
(768, 'Xinjiang', 44, '0000-00-00 00:00:00', 0),
(769, 'Xizang', 44, '0000-00-00 00:00:00', 0),
(770, 'Yunnan', 44, '0000-00-00 00:00:00', 0),
(771, 'Zhejiang', 44, '0000-00-00 00:00:00', 0),
(772, 'Zhejiang Sheng', 44, '0000-00-00 00:00:00', 0),
(773, 'Christmas Island', 45, '0000-00-00 00:00:00', 0),
(774, 'Cocos (Keeling) Islands', 46, '0000-00-00 00:00:00', 0),
(775, 'Amazonas', 47, '0000-00-00 00:00:00', 0),
(776, 'Antioquia', 47, '0000-00-00 00:00:00', 0),
(777, 'Arauca', 47, '0000-00-00 00:00:00', 0),
(778, 'Atlantico', 47, '0000-00-00 00:00:00', 0),
(779, 'Bogota', 47, '0000-00-00 00:00:00', 0),
(780, 'Bolivar', 47, '0000-00-00 00:00:00', 0),
(781, 'Boyaca', 47, '0000-00-00 00:00:00', 0),
(782, 'Caldas', 47, '0000-00-00 00:00:00', 0),
(783, 'Caqueta', 47, '0000-00-00 00:00:00', 0),
(784, 'Casanare', 47, '0000-00-00 00:00:00', 0),
(785, 'Cauca', 47, '0000-00-00 00:00:00', 0),
(786, 'Cesar', 47, '0000-00-00 00:00:00', 0),
(787, 'Choco', 47, '0000-00-00 00:00:00', 0),
(788, 'Cordoba', 47, '0000-00-00 00:00:00', 0),
(789, 'Cundinamarca', 47, '0000-00-00 00:00:00', 0),
(790, 'Guainia', 47, '0000-00-00 00:00:00', 0),
(791, 'Guaviare', 47, '0000-00-00 00:00:00', 0),
(792, 'Huila', 47, '0000-00-00 00:00:00', 0),
(793, 'La Guajira', 47, '0000-00-00 00:00:00', 0),
(794, 'Magdalena', 47, '0000-00-00 00:00:00', 0),
(795, 'Meta', 47, '0000-00-00 00:00:00', 0),
(796, 'Narino', 47, '0000-00-00 00:00:00', 0),
(797, 'Norte de Santander', 47, '0000-00-00 00:00:00', 0),
(798, 'Putumayo', 47, '0000-00-00 00:00:00', 0),
(799, 'Quindio', 47, '0000-00-00 00:00:00', 0),
(800, 'Risaralda', 47, '0000-00-00 00:00:00', 0),
(801, 'San Andres y Providencia', 47, '0000-00-00 00:00:00', 0),
(802, 'Santander', 47, '0000-00-00 00:00:00', 0),
(803, 'Sucre', 47, '0000-00-00 00:00:00', 0),
(804, 'Tolima', 47, '0000-00-00 00:00:00', 0),
(805, 'Valle del Cauca', 47, '0000-00-00 00:00:00', 0),
(806, 'Vaupes', 47, '0000-00-00 00:00:00', 0),
(807, 'Vichada', 47, '0000-00-00 00:00:00', 0),
(808, 'Mwali', 48, '0000-00-00 00:00:00', 0),
(809, 'Njazidja', 48, '0000-00-00 00:00:00', 0),
(810, 'Nzwani', 48, '0000-00-00 00:00:00', 0),
(811, 'Bouenza', 49, '0000-00-00 00:00:00', 0),
(812, 'Brazzaville', 49, '0000-00-00 00:00:00', 0),
(813, 'Cuvette', 49, '0000-00-00 00:00:00', 0),
(814, 'Kouilou', 49, '0000-00-00 00:00:00', 0),
(815, 'Lekoumou', 49, '0000-00-00 00:00:00', 0),
(816, 'Likouala', 49, '0000-00-00 00:00:00', 0),
(817, 'Niari', 49, '0000-00-00 00:00:00', 0),
(818, 'Plateaux', 49, '0000-00-00 00:00:00', 0),
(819, 'Pool', 49, '0000-00-00 00:00:00', 0),
(820, 'Sangha', 49, '0000-00-00 00:00:00', 0),
(821, 'Bandundu', 50, '0000-00-00 00:00:00', 0),
(822, 'Bas-Congo', 50, '0000-00-00 00:00:00', 0),
(823, 'Equateur', 50, '0000-00-00 00:00:00', 0),
(824, 'Haut-Congo', 50, '0000-00-00 00:00:00', 0),
(825, 'Kasai-Occidental', 50, '0000-00-00 00:00:00', 0),
(826, 'Kasai-Oriental', 50, '0000-00-00 00:00:00', 0),
(827, 'Katanga', 50, '0000-00-00 00:00:00', 0),
(828, 'Kinshasa', 50, '0000-00-00 00:00:00', 0),
(829, 'Maniema', 50, '0000-00-00 00:00:00', 0),
(830, 'Nord-Kivu', 50, '0000-00-00 00:00:00', 0),
(831, 'Sud-Kivu', 50, '0000-00-00 00:00:00', 0),
(832, 'Aitutaki', 51, '0000-00-00 00:00:00', 0),
(833, 'Atiu', 51, '0000-00-00 00:00:00', 0),
(834, 'Mangaia', 51, '0000-00-00 00:00:00', 0),
(835, 'Manihiki', 51, '0000-00-00 00:00:00', 0),
(836, 'Mauke', 51, '0000-00-00 00:00:00', 0),
(837, 'Mitiaro', 51, '0000-00-00 00:00:00', 0),
(838, 'Nassau', 51, '0000-00-00 00:00:00', 0),
(839, 'Pukapuka', 51, '0000-00-00 00:00:00', 0),
(840, 'Rakahanga', 51, '0000-00-00 00:00:00', 0),
(841, 'Rarotonga', 51, '0000-00-00 00:00:00', 0),
(842, 'Tongareva', 51, '0000-00-00 00:00:00', 0),
(843, 'Alajuela', 52, '0000-00-00 00:00:00', 0),
(844, 'Cartago', 52, '0000-00-00 00:00:00', 0),
(845, 'Guanacaste', 52, '0000-00-00 00:00:00', 0),
(846, 'Heredia', 52, '0000-00-00 00:00:00', 0),
(847, 'Limon', 52, '0000-00-00 00:00:00', 0),
(848, 'Puntarenas', 52, '0000-00-00 00:00:00', 0),
(849, 'San Jose', 52, '0000-00-00 00:00:00', 0),
(850, 'Abidjan', 53, '0000-00-00 00:00:00', 0),
(851, 'Agneby', 53, '0000-00-00 00:00:00', 0),
(852, 'Bafing', 53, '0000-00-00 00:00:00', 0),
(853, 'Denguele', 53, '0000-00-00 00:00:00', 0),
(854, 'Dix-huit Montagnes', 53, '0000-00-00 00:00:00', 0),
(855, 'Fromager', 53, '0000-00-00 00:00:00', 0),
(856, 'Haut-Sassandra', 53, '0000-00-00 00:00:00', 0),
(857, 'Lacs', 53, '0000-00-00 00:00:00', 0),
(858, 'Lagunes', 53, '0000-00-00 00:00:00', 0),
(859, 'Marahoue', 53, '0000-00-00 00:00:00', 0),
(860, 'Moyen-Cavally', 53, '0000-00-00 00:00:00', 0),
(861, 'Moyen-Comoe', 53, '0000-00-00 00:00:00', 0),
(862, 'N''zi-Comoe', 53, '0000-00-00 00:00:00', 0),
(863, 'Sassandra', 53, '0000-00-00 00:00:00', 0),
(864, 'Savanes', 53, '0000-00-00 00:00:00', 0),
(865, 'Sud-Bandama', 53, '0000-00-00 00:00:00', 0),
(866, 'Sud-Comoe', 53, '0000-00-00 00:00:00', 0),
(867, 'Vallee du Bandama', 53, '0000-00-00 00:00:00', 0),
(868, 'Worodougou', 53, '0000-00-00 00:00:00', 0),
(869, 'Zanzan', 53, '0000-00-00 00:00:00', 0),
(870, 'Bjelovar-Bilogora', 54, '0000-00-00 00:00:00', 0),
(871, 'Dubrovnik-Neretva', 54, '0000-00-00 00:00:00', 0),
(872, 'Grad Zagreb', 54, '0000-00-00 00:00:00', 0),
(873, 'Istra', 54, '0000-00-00 00:00:00', 0),
(874, 'Karlovac', 54, '0000-00-00 00:00:00', 0),
(875, 'Koprivnica-Krizhevci', 54, '0000-00-00 00:00:00', 0),
(876, 'Krapina-Zagorje', 54, '0000-00-00 00:00:00', 0),
(877, 'Lika-Senj', 54, '0000-00-00 00:00:00', 0),
(878, 'Medhimurje', 54, '0000-00-00 00:00:00', 0),
(879, 'Medimurska Zupanija', 54, '0000-00-00 00:00:00', 0),
(880, 'Osijek-Baranja', 54, '0000-00-00 00:00:00', 0),
(881, 'Osjecko-Baranjska Zupanija', 54, '0000-00-00 00:00:00', 0),
(882, 'Pozhega-Slavonija', 54, '0000-00-00 00:00:00', 0),
(883, 'Primorje-Gorski Kotar', 54, '0000-00-00 00:00:00', 0),
(884, 'Shibenik-Knin', 54, '0000-00-00 00:00:00', 0),
(885, 'Sisak-Moslavina', 54, '0000-00-00 00:00:00', 0),
(886, 'Slavonski Brod-Posavina', 54, '0000-00-00 00:00:00', 0),
(887, 'Split-Dalmacija', 54, '0000-00-00 00:00:00', 0),
(888, 'Varazhdin', 54, '0000-00-00 00:00:00', 0),
(889, 'Virovitica-Podravina', 54, '0000-00-00 00:00:00', 0),
(890, 'Vukovar-Srijem', 54, '0000-00-00 00:00:00', 0),
(891, 'Zadar', 54, '0000-00-00 00:00:00', 0),
(892, 'Zagreb', 54, '0000-00-00 00:00:00', 0),
(893, 'Camaguey', 55, '0000-00-00 00:00:00', 0),
(894, 'Ciego de Avila', 55, '0000-00-00 00:00:00', 0),
(895, 'Cienfuegos', 55, '0000-00-00 00:00:00', 0),
(896, 'Ciudad de la Habana', 55, '0000-00-00 00:00:00', 0),
(897, 'Granma', 55, '0000-00-00 00:00:00', 0),
(898, 'Guantanamo', 55, '0000-00-00 00:00:00', 0),
(899, 'Habana', 55, '0000-00-00 00:00:00', 0),
(900, 'Holguin', 55, '0000-00-00 00:00:00', 0),
(901, 'Isla de la Juventud', 55, '0000-00-00 00:00:00', 0),
(902, 'La Habana', 55, '0000-00-00 00:00:00', 0),
(903, 'Las Tunas', 55, '0000-00-00 00:00:00', 0),
(904, 'Matanzas', 55, '0000-00-00 00:00:00', 0),
(905, 'Pinar del Rio', 55, '0000-00-00 00:00:00', 0),
(906, 'Sancti Spiritus', 55, '0000-00-00 00:00:00', 0),
(907, 'Santiago de Cuba', 55, '0000-00-00 00:00:00', 0),
(908, 'Villa Clara', 55, '0000-00-00 00:00:00', 0),
(909, 'Government controlled area', 56, '0000-00-00 00:00:00', 0),
(910, 'Limassol', 56, '0000-00-00 00:00:00', 0),
(911, 'Nicosia District', 56, '0000-00-00 00:00:00', 0),
(912, 'Paphos', 56, '0000-00-00 00:00:00', 0),
(913, 'Turkish controlled area', 56, '0000-00-00 00:00:00', 0),
(914, 'Central Bohemian', 57, '0000-00-00 00:00:00', 0),
(915, 'Frycovice', 57, '0000-00-00 00:00:00', 0),
(916, 'Jihocesky Kraj', 57, '0000-00-00 00:00:00', 0),
(917, 'Jihochesky', 57, '0000-00-00 00:00:00', 0),
(918, 'Jihomoravsky', 57, '0000-00-00 00:00:00', 0),
(919, 'Karlovarsky', 57, '0000-00-00 00:00:00', 0),
(920, 'Klecany', 57, '0000-00-00 00:00:00', 0),
(921, 'Kralovehradecky', 57, '0000-00-00 00:00:00', 0),
(922, 'Liberecky', 57, '0000-00-00 00:00:00', 0),
(923, 'Lipov', 57, '0000-00-00 00:00:00', 0),
(924, 'Moravskoslezsky', 57, '0000-00-00 00:00:00', 0),
(925, 'Olomoucky', 57, '0000-00-00 00:00:00', 0),
(926, 'Olomoucky Kraj', 57, '0000-00-00 00:00:00', 0),
(927, 'Pardubicky', 57, '0000-00-00 00:00:00', 0),
(928, 'Plzensky', 57, '0000-00-00 00:00:00', 0),
(929, 'Praha', 57, '0000-00-00 00:00:00', 0),
(930, 'Rajhrad', 57, '0000-00-00 00:00:00', 0),
(931, 'Smirice', 57, '0000-00-00 00:00:00', 0),
(932, 'South Moravian', 57, '0000-00-00 00:00:00', 0),
(933, 'Straz nad Nisou', 57, '0000-00-00 00:00:00', 0),
(934, 'Stredochesky', 57, '0000-00-00 00:00:00', 0),
(935, 'Unicov', 57, '0000-00-00 00:00:00', 0),
(936, 'Ustecky', 57, '0000-00-00 00:00:00', 0),
(937, 'Valletta', 57, '0000-00-00 00:00:00', 0),
(938, 'Velesin', 57, '0000-00-00 00:00:00', 0),
(939, 'Vysochina', 57, '0000-00-00 00:00:00', 0),
(940, 'Zlinsky', 57, '0000-00-00 00:00:00', 0),
(941, 'Arhus', 58, '0000-00-00 00:00:00', 0),
(942, 'Bornholm', 58, '0000-00-00 00:00:00', 0),
(943, 'Frederiksborg', 58, '0000-00-00 00:00:00', 0),
(944, 'Fyn', 58, '0000-00-00 00:00:00', 0),
(945, 'Hovedstaden', 58, '0000-00-00 00:00:00', 0),
(946, 'Kobenhavn', 58, '0000-00-00 00:00:00', 0),
(947, 'Kobenhavns Amt', 58, '0000-00-00 00:00:00', 0),
(948, 'Kobenhavns Kommune', 58, '0000-00-00 00:00:00', 0),
(949, 'Nordjylland', 58, '0000-00-00 00:00:00', 0),
(950, 'Ribe', 58, '0000-00-00 00:00:00', 0),
(951, 'Ringkobing', 58, '0000-00-00 00:00:00', 0),
(952, 'Roervig', 58, '0000-00-00 00:00:00', 0),
(953, 'Roskilde', 58, '0000-00-00 00:00:00', 0),
(954, 'Roslev', 58, '0000-00-00 00:00:00', 0),
(955, 'Sjaelland', 58, '0000-00-00 00:00:00', 0),
(956, 'Soeborg', 58, '0000-00-00 00:00:00', 0),
(957, 'Sonderjylland', 58, '0000-00-00 00:00:00', 0),
(958, 'Storstrom', 58, '0000-00-00 00:00:00', 0),
(959, 'Syddanmark', 58, '0000-00-00 00:00:00', 0),
(960, 'Toelloese', 58, '0000-00-00 00:00:00', 0),
(961, 'Vejle', 58, '0000-00-00 00:00:00', 0),
(962, 'Vestsjalland', 58, '0000-00-00 00:00:00', 0),
(963, 'Viborg', 58, '0000-00-00 00:00:00', 0),
(964, '''Ali Sabih', 59, '0000-00-00 00:00:00', 0),
(965, 'Dikhil', 59, '0000-00-00 00:00:00', 0),
(966, 'Jibuti', 59, '0000-00-00 00:00:00', 0),
(967, 'Tajurah', 59, '0000-00-00 00:00:00', 0),
(968, 'Ubuk', 59, '0000-00-00 00:00:00', 0),
(969, 'Saint Andrew', 60, '0000-00-00 00:00:00', 0),
(970, 'Saint David', 60, '0000-00-00 00:00:00', 0),
(971, 'Saint George', 60, '0000-00-00 00:00:00', 0),
(972, 'Saint John', 60, '0000-00-00 00:00:00', 0),
(973, 'Saint Joseph', 60, '0000-00-00 00:00:00', 0),
(974, 'Saint Luke', 60, '0000-00-00 00:00:00', 0),
(975, 'Saint Mark', 60, '0000-00-00 00:00:00', 0),
(976, 'Saint Patrick', 60, '0000-00-00 00:00:00', 0),
(977, 'Saint Paul', 60, '0000-00-00 00:00:00', 0),
(978, 'Saint Peter', 60, '0000-00-00 00:00:00', 0),
(979, 'Azua', 61, '0000-00-00 00:00:00', 0),
(980, 'Bahoruco', 61, '0000-00-00 00:00:00', 0),
(981, 'Barahona', 61, '0000-00-00 00:00:00', 0),
(982, 'Dajabon', 61, '0000-00-00 00:00:00', 0),
(983, 'Distrito Nacional', 61, '0000-00-00 00:00:00', 0),
(984, 'Duarte', 61, '0000-00-00 00:00:00', 0),
(985, 'El Seybo', 61, '0000-00-00 00:00:00', 0),
(986, 'Elias Pina', 61, '0000-00-00 00:00:00', 0),
(987, 'Espaillat', 61, '0000-00-00 00:00:00', 0),
(988, 'Hato Mayor', 61, '0000-00-00 00:00:00', 0),
(989, 'Independencia', 61, '0000-00-00 00:00:00', 0),
(990, 'La Altagracia', 61, '0000-00-00 00:00:00', 0),
(991, 'La Romana', 61, '0000-00-00 00:00:00', 0),
(992, 'La Vega', 61, '0000-00-00 00:00:00', 0),
(993, 'Maria Trinidad Sanchez', 61, '0000-00-00 00:00:00', 0),
(994, 'Monsenor Nouel', 61, '0000-00-00 00:00:00', 0),
(995, 'Monte Cristi', 61, '0000-00-00 00:00:00', 0),
(996, 'Monte Plata', 61, '0000-00-00 00:00:00', 0),
(997, 'Pedernales', 61, '0000-00-00 00:00:00', 0),
(998, 'Peravia', 61, '0000-00-00 00:00:00', 0),
(999, 'Puerto Plata', 61, '0000-00-00 00:00:00', 0),
(1000, 'Salcedo', 61, '0000-00-00 00:00:00', 0),
(1001, 'Samana', 61, '0000-00-00 00:00:00', 0),
(1002, 'San Cristobal', 61, '0000-00-00 00:00:00', 0),
(1003, 'San Juan', 61, '0000-00-00 00:00:00', 0),
(1004, 'San Pedro de Macoris', 61, '0000-00-00 00:00:00', 0),
(1005, 'Sanchez Ramirez', 61, '0000-00-00 00:00:00', 0),
(1006, 'Santiago', 61, '0000-00-00 00:00:00', 0),
(1007, 'Santiago Rodriguez', 61, '0000-00-00 00:00:00', 0),
(1008, 'Valverde', 61, '0000-00-00 00:00:00', 0),
(1009, 'Aileu', 62, '0000-00-00 00:00:00', 0),
(1010, 'Ainaro', 62, '0000-00-00 00:00:00', 0),
(1011, 'Ambeno', 62, '0000-00-00 00:00:00', 0),
(1012, 'Baucau', 62, '0000-00-00 00:00:00', 0),
(1013, 'Bobonaro', 62, '0000-00-00 00:00:00', 0),
(1014, 'Cova Lima', 62, '0000-00-00 00:00:00', 0),
(1015, 'Dili', 62, '0000-00-00 00:00:00', 0),
(1016, 'Ermera', 62, '0000-00-00 00:00:00', 0),
(1017, 'Lautem', 62, '0000-00-00 00:00:00', 0),
(1018, 'Liquica', 62, '0000-00-00 00:00:00', 0),
(1019, 'Manatuto', 62, '0000-00-00 00:00:00', 0),
(1020, 'Manufahi', 62, '0000-00-00 00:00:00', 0),
(1021, 'Viqueque', 62, '0000-00-00 00:00:00', 0),
(1022, 'Azuay', 63, '0000-00-00 00:00:00', 0),
(1023, 'Bolivar', 63, '0000-00-00 00:00:00', 0),
(1024, 'Canar', 63, '0000-00-00 00:00:00', 0),
(1025, 'Carchi', 63, '0000-00-00 00:00:00', 0),
(1026, 'Chimborazo', 63, '0000-00-00 00:00:00', 0),
(1027, 'Cotopaxi', 63, '0000-00-00 00:00:00', 0),
(1028, 'El Oro', 63, '0000-00-00 00:00:00', 0),
(1029, 'Esmeraldas', 63, '0000-00-00 00:00:00', 0),
(1030, 'Galapagos', 63, '0000-00-00 00:00:00', 0),
(1031, 'Guayas', 63, '0000-00-00 00:00:00', 0),
(1032, 'Imbabura', 63, '0000-00-00 00:00:00', 0),
(1033, 'Loja', 63, '0000-00-00 00:00:00', 0),
(1034, 'Los Rios', 63, '0000-00-00 00:00:00', 0),
(1035, 'Manabi', 63, '0000-00-00 00:00:00', 0),
(1036, 'Morona Santiago', 63, '0000-00-00 00:00:00', 0),
(1037, 'Napo', 63, '0000-00-00 00:00:00', 0),
(1038, 'Orellana', 63, '0000-00-00 00:00:00', 0),
(1039, 'Pastaza', 63, '0000-00-00 00:00:00', 0),
(1040, 'Pichincha', 63, '0000-00-00 00:00:00', 0),
(1041, 'Sucumbios', 63, '0000-00-00 00:00:00', 0),
(1042, 'Tungurahua', 63, '0000-00-00 00:00:00', 0),
(1043, 'Zamora Chinchipe', 63, '0000-00-00 00:00:00', 0),
(1044, 'Aswan', 64, '0000-00-00 00:00:00', 0),
(1045, 'Asyut', 64, '0000-00-00 00:00:00', 0),
(1046, 'Bani Suwayf', 64, '0000-00-00 00:00:00', 0),
(1047, 'Bur Sa''id', 64, '0000-00-00 00:00:00', 0);
INSERT INTO `states` (`id`, `state_name`, `country_id`, `created_at`, `is_deleted`) VALUES
(1048, 'Cairo', 64, '0000-00-00 00:00:00', 0),
(1049, 'Dumyat', 64, '0000-00-00 00:00:00', 0),
(1050, 'Kafr-ash-Shaykh', 64, '0000-00-00 00:00:00', 0),
(1051, 'Matruh', 64, '0000-00-00 00:00:00', 0),
(1052, 'Muhafazat ad Daqahliyah', 64, '0000-00-00 00:00:00', 0),
(1053, 'Muhafazat al Fayyum', 64, '0000-00-00 00:00:00', 0),
(1054, 'Muhafazat al Gharbiyah', 64, '0000-00-00 00:00:00', 0),
(1055, 'Muhafazat al Iskandariyah', 64, '0000-00-00 00:00:00', 0),
(1056, 'Muhafazat al Qahirah', 64, '0000-00-00 00:00:00', 0),
(1057, 'Qina', 64, '0000-00-00 00:00:00', 0),
(1058, 'Sawhaj', 64, '0000-00-00 00:00:00', 0),
(1059, 'Sina al-Janubiyah', 64, '0000-00-00 00:00:00', 0),
(1060, 'Sina ash-Shamaliyah', 64, '0000-00-00 00:00:00', 0),
(1061, 'ad-Daqahliyah', 64, '0000-00-00 00:00:00', 0),
(1062, 'al-Bahr-al-Ahmar', 64, '0000-00-00 00:00:00', 0),
(1063, 'al-Buhayrah', 64, '0000-00-00 00:00:00', 0),
(1064, 'al-Fayyum', 64, '0000-00-00 00:00:00', 0),
(1065, 'al-Gharbiyah', 64, '0000-00-00 00:00:00', 0),
(1066, 'al-Iskandariyah', 64, '0000-00-00 00:00:00', 0),
(1067, 'al-Ismailiyah', 64, '0000-00-00 00:00:00', 0),
(1068, 'al-Jizah', 64, '0000-00-00 00:00:00', 0),
(1069, 'al-Minufiyah', 64, '0000-00-00 00:00:00', 0),
(1070, 'al-Minya', 64, '0000-00-00 00:00:00', 0),
(1071, 'al-Qahira', 64, '0000-00-00 00:00:00', 0),
(1072, 'al-Qalyubiyah', 64, '0000-00-00 00:00:00', 0),
(1073, 'al-Uqsur', 64, '0000-00-00 00:00:00', 0),
(1074, 'al-Wadi al-Jadid', 64, '0000-00-00 00:00:00', 0),
(1075, 'as-Suways', 64, '0000-00-00 00:00:00', 0),
(1076, 'ash-Sharqiyah', 64, '0000-00-00 00:00:00', 0),
(1077, 'Ahuachapan', 65, '0000-00-00 00:00:00', 0),
(1078, 'Cabanas', 65, '0000-00-00 00:00:00', 0),
(1079, 'Chalatenango', 65, '0000-00-00 00:00:00', 0),
(1080, 'Cuscatlan', 65, '0000-00-00 00:00:00', 0),
(1081, 'La Libertad', 65, '0000-00-00 00:00:00', 0),
(1082, 'La Paz', 65, '0000-00-00 00:00:00', 0),
(1083, 'La Union', 65, '0000-00-00 00:00:00', 0),
(1084, 'Morazan', 65, '0000-00-00 00:00:00', 0),
(1085, 'San Miguel', 65, '0000-00-00 00:00:00', 0),
(1086, 'San Salvador', 65, '0000-00-00 00:00:00', 0),
(1087, 'San Vicente', 65, '0000-00-00 00:00:00', 0),
(1088, 'Santa Ana', 65, '0000-00-00 00:00:00', 0),
(1089, 'Sonsonate', 65, '0000-00-00 00:00:00', 0),
(1090, 'Usulutan', 65, '0000-00-00 00:00:00', 0),
(1091, 'Annobon', 66, '0000-00-00 00:00:00', 0),
(1092, 'Bioko Norte', 66, '0000-00-00 00:00:00', 0),
(1093, 'Bioko Sur', 66, '0000-00-00 00:00:00', 0),
(1094, 'Centro Sur', 66, '0000-00-00 00:00:00', 0),
(1095, 'Kie-Ntem', 66, '0000-00-00 00:00:00', 0),
(1096, 'Litoral', 66, '0000-00-00 00:00:00', 0),
(1097, 'Wele-Nzas', 66, '0000-00-00 00:00:00', 0),
(1098, 'Anseba', 67, '0000-00-00 00:00:00', 0),
(1099, 'Debub', 67, '0000-00-00 00:00:00', 0),
(1100, 'Debub-Keih-Bahri', 67, '0000-00-00 00:00:00', 0),
(1101, 'Gash-Barka', 67, '0000-00-00 00:00:00', 0),
(1102, 'Maekel', 67, '0000-00-00 00:00:00', 0),
(1103, 'Semien-Keih-Bahri', 67, '0000-00-00 00:00:00', 0),
(1104, 'Harju', 68, '0000-00-00 00:00:00', 0),
(1105, 'Hiiu', 68, '0000-00-00 00:00:00', 0),
(1106, 'Ida-Viru', 68, '0000-00-00 00:00:00', 0),
(1107, 'Jarva', 68, '0000-00-00 00:00:00', 0),
(1108, 'Jogeva', 68, '0000-00-00 00:00:00', 0),
(1109, 'Laane', 68, '0000-00-00 00:00:00', 0),
(1110, 'Laane-Viru', 68, '0000-00-00 00:00:00', 0),
(1111, 'Parnu', 68, '0000-00-00 00:00:00', 0),
(1112, 'Polva', 68, '0000-00-00 00:00:00', 0),
(1113, 'Rapla', 68, '0000-00-00 00:00:00', 0),
(1114, 'Saare', 68, '0000-00-00 00:00:00', 0),
(1115, 'Tartu', 68, '0000-00-00 00:00:00', 0),
(1116, 'Valga', 68, '0000-00-00 00:00:00', 0),
(1117, 'Viljandi', 68, '0000-00-00 00:00:00', 0),
(1118, 'Voru', 68, '0000-00-00 00:00:00', 0),
(1119, 'Addis Abeba', 69, '0000-00-00 00:00:00', 0),
(1120, 'Afar', 69, '0000-00-00 00:00:00', 0),
(1121, 'Amhara', 69, '0000-00-00 00:00:00', 0),
(1122, 'Benishangul', 69, '0000-00-00 00:00:00', 0),
(1123, 'Diredawa', 69, '0000-00-00 00:00:00', 0),
(1124, 'Gambella', 69, '0000-00-00 00:00:00', 0),
(1125, 'Harar', 69, '0000-00-00 00:00:00', 0),
(1126, 'Jigjiga', 69, '0000-00-00 00:00:00', 0),
(1127, 'Mekele', 69, '0000-00-00 00:00:00', 0),
(1128, 'Oromia', 69, '0000-00-00 00:00:00', 0),
(1129, 'Somali', 69, '0000-00-00 00:00:00', 0),
(1130, 'Southern', 69, '0000-00-00 00:00:00', 0),
(1131, 'Tigray', 69, '0000-00-00 00:00:00', 0),
(1132, 'Christmas Island', 70, '0000-00-00 00:00:00', 0),
(1133, 'Cocos Islands', 70, '0000-00-00 00:00:00', 0),
(1134, 'Coral Sea Islands', 70, '0000-00-00 00:00:00', 0),
(1135, 'Falkland Islands', 71, '0000-00-00 00:00:00', 0),
(1136, 'South Georgia', 71, '0000-00-00 00:00:00', 0),
(1137, 'Klaksvik', 72, '0000-00-00 00:00:00', 0),
(1138, 'Nor ara Eysturoy', 72, '0000-00-00 00:00:00', 0),
(1139, 'Nor oy', 72, '0000-00-00 00:00:00', 0),
(1140, 'Sandoy', 72, '0000-00-00 00:00:00', 0),
(1141, 'Streymoy', 72, '0000-00-00 00:00:00', 0),
(1142, 'Su uroy', 72, '0000-00-00 00:00:00', 0),
(1143, 'Sy ra Eysturoy', 72, '0000-00-00 00:00:00', 0),
(1144, 'Torshavn', 72, '0000-00-00 00:00:00', 0),
(1145, 'Vaga', 72, '0000-00-00 00:00:00', 0),
(1146, 'Central', 73, '0000-00-00 00:00:00', 0),
(1147, 'Eastern', 73, '0000-00-00 00:00:00', 0),
(1148, 'Northern', 73, '0000-00-00 00:00:00', 0),
(1149, 'South Pacific', 73, '0000-00-00 00:00:00', 0),
(1150, 'Western', 73, '0000-00-00 00:00:00', 0),
(1151, 'Ahvenanmaa', 74, '0000-00-00 00:00:00', 0),
(1152, 'Etela-Karjala', 74, '0000-00-00 00:00:00', 0),
(1153, 'Etela-Pohjanmaa', 74, '0000-00-00 00:00:00', 0),
(1154, 'Etela-Savo', 74, '0000-00-00 00:00:00', 0),
(1155, 'Etela-Suomen Laani', 74, '0000-00-00 00:00:00', 0),
(1156, 'Ita-Suomen Laani', 74, '0000-00-00 00:00:00', 0),
(1157, 'Ita-Uusimaa', 74, '0000-00-00 00:00:00', 0),
(1158, 'Kainuu', 74, '0000-00-00 00:00:00', 0),
(1159, 'Kanta-Hame', 74, '0000-00-00 00:00:00', 0),
(1160, 'Keski-Pohjanmaa', 74, '0000-00-00 00:00:00', 0),
(1161, 'Keski-Suomi', 74, '0000-00-00 00:00:00', 0),
(1162, 'Kymenlaakso', 74, '0000-00-00 00:00:00', 0),
(1163, 'Lansi-Suomen Laani', 74, '0000-00-00 00:00:00', 0),
(1164, 'Lappi', 74, '0000-00-00 00:00:00', 0),
(1165, 'Northern Savonia', 74, '0000-00-00 00:00:00', 0),
(1166, 'Ostrobothnia', 74, '0000-00-00 00:00:00', 0),
(1167, 'Oulun Laani', 74, '0000-00-00 00:00:00', 0),
(1168, 'Paijat-Hame', 74, '0000-00-00 00:00:00', 0),
(1169, 'Pirkanmaa', 74, '0000-00-00 00:00:00', 0),
(1170, 'Pohjanmaa', 74, '0000-00-00 00:00:00', 0),
(1171, 'Pohjois-Karjala', 74, '0000-00-00 00:00:00', 0),
(1172, 'Pohjois-Pohjanmaa', 74, '0000-00-00 00:00:00', 0),
(1173, 'Pohjois-Savo', 74, '0000-00-00 00:00:00', 0),
(1174, 'Saarijarvi', 74, '0000-00-00 00:00:00', 0),
(1175, 'Satakunta', 74, '0000-00-00 00:00:00', 0),
(1176, 'Southern Savonia', 74, '0000-00-00 00:00:00', 0),
(1177, 'Tavastia Proper', 74, '0000-00-00 00:00:00', 0),
(1178, 'Uleaborgs Lan', 74, '0000-00-00 00:00:00', 0),
(1179, 'Uusimaa', 74, '0000-00-00 00:00:00', 0),
(1180, 'Varsinais-Suomi', 74, '0000-00-00 00:00:00', 0),
(1181, 'Ain', 75, '0000-00-00 00:00:00', 0),
(1182, 'Aisne', 75, '0000-00-00 00:00:00', 0),
(1183, 'Albi Le Sequestre', 75, '0000-00-00 00:00:00', 0),
(1184, 'Allier', 75, '0000-00-00 00:00:00', 0),
(1185, 'Alpes-Cote dAzur', 75, '0000-00-00 00:00:00', 0),
(1186, 'Alpes-Maritimes', 75, '0000-00-00 00:00:00', 0),
(1187, 'Alpes-de-Haute-Provence', 75, '0000-00-00 00:00:00', 0),
(1188, 'Alsace', 75, '0000-00-00 00:00:00', 0),
(1189, 'Aquitaine', 75, '0000-00-00 00:00:00', 0),
(1190, 'Ardeche', 75, '0000-00-00 00:00:00', 0),
(1191, 'Ardennes', 75, '0000-00-00 00:00:00', 0),
(1192, 'Ariege', 75, '0000-00-00 00:00:00', 0),
(1193, 'Aube', 75, '0000-00-00 00:00:00', 0),
(1194, 'Aude', 75, '0000-00-00 00:00:00', 0),
(1195, 'Auvergne', 75, '0000-00-00 00:00:00', 0),
(1196, 'Aveyron', 75, '0000-00-00 00:00:00', 0),
(1197, 'Bas-Rhin', 75, '0000-00-00 00:00:00', 0),
(1198, 'Basse-Normandie', 75, '0000-00-00 00:00:00', 0),
(1199, 'Bouches-du-Rhone', 75, '0000-00-00 00:00:00', 0),
(1200, 'Bourgogne', 75, '0000-00-00 00:00:00', 0),
(1201, 'Bretagne', 75, '0000-00-00 00:00:00', 0),
(1202, 'Brittany', 75, '0000-00-00 00:00:00', 0),
(1203, 'Burgundy', 75, '0000-00-00 00:00:00', 0),
(1204, 'Calvados', 75, '0000-00-00 00:00:00', 0),
(1205, 'Cantal', 75, '0000-00-00 00:00:00', 0),
(1206, 'Cedex', 75, '0000-00-00 00:00:00', 0),
(1207, 'Centre', 75, '0000-00-00 00:00:00', 0),
(1208, 'Charente', 75, '0000-00-00 00:00:00', 0),
(1209, 'Charente-Maritime', 75, '0000-00-00 00:00:00', 0),
(1210, 'Cher', 75, '0000-00-00 00:00:00', 0),
(1211, 'Correze', 75, '0000-00-00 00:00:00', 0),
(1212, 'Corse-du-Sud', 75, '0000-00-00 00:00:00', 0),
(1213, 'Cote-d''Or', 75, '0000-00-00 00:00:00', 0),
(1214, 'Cotes-d''Armor', 75, '0000-00-00 00:00:00', 0),
(1215, 'Creuse', 75, '0000-00-00 00:00:00', 0),
(1216, 'Crolles', 75, '0000-00-00 00:00:00', 0),
(1217, 'Deux-Sevres', 75, '0000-00-00 00:00:00', 0),
(1218, 'Dordogne', 75, '0000-00-00 00:00:00', 0),
(1219, 'Doubs', 75, '0000-00-00 00:00:00', 0),
(1220, 'Drome', 75, '0000-00-00 00:00:00', 0),
(1221, 'Essonne', 75, '0000-00-00 00:00:00', 0),
(1222, 'Eure', 75, '0000-00-00 00:00:00', 0),
(1223, 'Eure-et-Loir', 75, '0000-00-00 00:00:00', 0),
(1224, 'Feucherolles', 75, '0000-00-00 00:00:00', 0),
(1225, 'Finistere', 75, '0000-00-00 00:00:00', 0),
(1226, 'Franche-Comte', 75, '0000-00-00 00:00:00', 0),
(1227, 'Gard', 75, '0000-00-00 00:00:00', 0),
(1228, 'Gers', 75, '0000-00-00 00:00:00', 0),
(1229, 'Gironde', 75, '0000-00-00 00:00:00', 0),
(1230, 'Haut-Rhin', 75, '0000-00-00 00:00:00', 0),
(1231, 'Haute-Corse', 75, '0000-00-00 00:00:00', 0),
(1232, 'Haute-Garonne', 75, '0000-00-00 00:00:00', 0),
(1233, 'Haute-Loire', 75, '0000-00-00 00:00:00', 0),
(1234, 'Haute-Marne', 75, '0000-00-00 00:00:00', 0),
(1235, 'Haute-Saone', 75, '0000-00-00 00:00:00', 0),
(1236, 'Haute-Savoie', 75, '0000-00-00 00:00:00', 0),
(1237, 'Haute-Vienne', 75, '0000-00-00 00:00:00', 0),
(1238, 'Hautes-Alpes', 75, '0000-00-00 00:00:00', 0),
(1239, 'Hautes-Pyrenees', 75, '0000-00-00 00:00:00', 0),
(1240, 'Hauts-de-Seine', 75, '0000-00-00 00:00:00', 0),
(1241, 'Herault', 75, '0000-00-00 00:00:00', 0),
(1242, 'Ile-de-France', 75, '0000-00-00 00:00:00', 0),
(1243, 'Ille-et-Vilaine', 75, '0000-00-00 00:00:00', 0),
(1244, 'Indre', 75, '0000-00-00 00:00:00', 0),
(1245, 'Indre-et-Loire', 75, '0000-00-00 00:00:00', 0),
(1246, 'Isere', 75, '0000-00-00 00:00:00', 0),
(1247, 'Jura', 75, '0000-00-00 00:00:00', 0),
(1248, 'Klagenfurt', 75, '0000-00-00 00:00:00', 0),
(1249, 'Landes', 75, '0000-00-00 00:00:00', 0),
(1250, 'Languedoc-Roussillon', 75, '0000-00-00 00:00:00', 0),
(1251, 'Larcay', 75, '0000-00-00 00:00:00', 0),
(1252, 'Le Castellet', 75, '0000-00-00 00:00:00', 0),
(1253, 'Le Creusot', 75, '0000-00-00 00:00:00', 0),
(1254, 'Limousin', 75, '0000-00-00 00:00:00', 0),
(1255, 'Loir-et-Cher', 75, '0000-00-00 00:00:00', 0),
(1256, 'Loire', 75, '0000-00-00 00:00:00', 0),
(1257, 'Loire-Atlantique', 75, '0000-00-00 00:00:00', 0),
(1258, 'Loiret', 75, '0000-00-00 00:00:00', 0),
(1259, 'Lorraine', 75, '0000-00-00 00:00:00', 0),
(1260, 'Lot', 75, '0000-00-00 00:00:00', 0),
(1261, 'Lot-et-Garonne', 75, '0000-00-00 00:00:00', 0),
(1262, 'Lower Normandy', 75, '0000-00-00 00:00:00', 0),
(1263, 'Lozere', 75, '0000-00-00 00:00:00', 0),
(1264, 'Maine-et-Loire', 75, '0000-00-00 00:00:00', 0),
(1265, 'Manche', 75, '0000-00-00 00:00:00', 0),
(1266, 'Marne', 75, '0000-00-00 00:00:00', 0),
(1267, 'Mayenne', 75, '0000-00-00 00:00:00', 0),
(1268, 'Meurthe-et-Moselle', 75, '0000-00-00 00:00:00', 0),
(1269, 'Meuse', 75, '0000-00-00 00:00:00', 0),
(1270, 'Midi-Pyrenees', 75, '0000-00-00 00:00:00', 0),
(1271, 'Morbihan', 75, '0000-00-00 00:00:00', 0),
(1272, 'Moselle', 75, '0000-00-00 00:00:00', 0),
(1273, 'Nievre', 75, '0000-00-00 00:00:00', 0),
(1274, 'Nord', 75, '0000-00-00 00:00:00', 0),
(1275, 'Nord-Pas-de-Calais', 75, '0000-00-00 00:00:00', 0),
(1276, 'Oise', 75, '0000-00-00 00:00:00', 0),
(1277, 'Orne', 75, '0000-00-00 00:00:00', 0),
(1278, 'Paris', 75, '0000-00-00 00:00:00', 0),
(1279, 'Pas-de-Calais', 75, '0000-00-00 00:00:00', 0),
(1280, 'Pays de la Loire', 75, '0000-00-00 00:00:00', 0),
(1281, 'Pays-de-la-Loire', 75, '0000-00-00 00:00:00', 0),
(1282, 'Picardy', 75, '0000-00-00 00:00:00', 0),
(1283, 'Puy-de-Dome', 75, '0000-00-00 00:00:00', 0),
(1284, 'Pyrenees-Atlantiques', 75, '0000-00-00 00:00:00', 0),
(1285, 'Pyrenees-Orientales', 75, '0000-00-00 00:00:00', 0),
(1286, 'Quelmes', 75, '0000-00-00 00:00:00', 0),
(1287, 'Rhone', 75, '0000-00-00 00:00:00', 0),
(1288, 'Rhone-Alpes', 75, '0000-00-00 00:00:00', 0),
(1289, 'Saint Ouen', 75, '0000-00-00 00:00:00', 0),
(1290, 'Saint Viatre', 75, '0000-00-00 00:00:00', 0),
(1291, 'Saone-et-Loire', 75, '0000-00-00 00:00:00', 0),
(1292, 'Sarthe', 75, '0000-00-00 00:00:00', 0),
(1293, 'Savoie', 75, '0000-00-00 00:00:00', 0),
(1294, 'Seine-Maritime', 75, '0000-00-00 00:00:00', 0),
(1295, 'Seine-Saint-Denis', 75, '0000-00-00 00:00:00', 0),
(1296, 'Seine-et-Marne', 75, '0000-00-00 00:00:00', 0),
(1297, 'Somme', 75, '0000-00-00 00:00:00', 0),
(1298, 'Sophia Antipolis', 75, '0000-00-00 00:00:00', 0),
(1299, 'Souvans', 75, '0000-00-00 00:00:00', 0),
(1300, 'Tarn', 75, '0000-00-00 00:00:00', 0),
(1301, 'Tarn-et-Garonne', 75, '0000-00-00 00:00:00', 0),
(1302, 'Territoire de Belfort', 75, '0000-00-00 00:00:00', 0),
(1303, 'Treignac', 75, '0000-00-00 00:00:00', 0),
(1304, 'Upper Normandy', 75, '0000-00-00 00:00:00', 0),
(1305, 'Val-d''Oise', 75, '0000-00-00 00:00:00', 0),
(1306, 'Val-de-Marne', 75, '0000-00-00 00:00:00', 0),
(1307, 'Var', 75, '0000-00-00 00:00:00', 0),
(1308, 'Vaucluse', 75, '0000-00-00 00:00:00', 0),
(1309, 'Vellise', 75, '0000-00-00 00:00:00', 0),
(1310, 'Vendee', 75, '0000-00-00 00:00:00', 0),
(1311, 'Vienne', 75, '0000-00-00 00:00:00', 0),
(1312, 'Vosges', 75, '0000-00-00 00:00:00', 0),
(1313, 'Yonne', 75, '0000-00-00 00:00:00', 0),
(1314, 'Yvelines', 75, '0000-00-00 00:00:00', 0),
(1315, 'Cayenne', 76, '0000-00-00 00:00:00', 0),
(1316, 'Saint-Laurent-du-Maroni', 76, '0000-00-00 00:00:00', 0),
(1317, 'Iles du Vent', 77, '0000-00-00 00:00:00', 0),
(1318, 'Iles sous le Vent', 77, '0000-00-00 00:00:00', 0),
(1319, 'Marquesas', 77, '0000-00-00 00:00:00', 0),
(1320, 'Tuamotu', 77, '0000-00-00 00:00:00', 0),
(1321, 'Tubuai', 77, '0000-00-00 00:00:00', 0),
(1322, 'Amsterdam', 78, '0000-00-00 00:00:00', 0),
(1323, 'Crozet Islands', 78, '0000-00-00 00:00:00', 0),
(1324, 'Kerguelen', 78, '0000-00-00 00:00:00', 0),
(1325, 'Estuaire', 79, '0000-00-00 00:00:00', 0),
(1326, 'Haut-Ogooue', 79, '0000-00-00 00:00:00', 0),
(1327, 'Moyen-Ogooue', 79, '0000-00-00 00:00:00', 0),
(1328, 'Ngounie', 79, '0000-00-00 00:00:00', 0),
(1329, 'Nyanga', 79, '0000-00-00 00:00:00', 0),
(1330, 'Ogooue-Ivindo', 79, '0000-00-00 00:00:00', 0),
(1331, 'Ogooue-Lolo', 79, '0000-00-00 00:00:00', 0),
(1332, 'Ogooue-Maritime', 79, '0000-00-00 00:00:00', 0),
(1333, 'Woleu-Ntem', 79, '0000-00-00 00:00:00', 0),
(1334, 'Banjul', 80, '0000-00-00 00:00:00', 0),
(1335, 'Basse', 80, '0000-00-00 00:00:00', 0),
(1336, 'Brikama', 80, '0000-00-00 00:00:00', 0),
(1337, 'Janjanbureh', 80, '0000-00-00 00:00:00', 0),
(1338, 'Kanifing', 80, '0000-00-00 00:00:00', 0),
(1339, 'Kerewan', 80, '0000-00-00 00:00:00', 0),
(1340, 'Kuntaur', 80, '0000-00-00 00:00:00', 0),
(1341, 'Mansakonko', 80, '0000-00-00 00:00:00', 0),
(1342, 'Abhasia', 81, '0000-00-00 00:00:00', 0),
(1343, 'Ajaria', 81, '0000-00-00 00:00:00', 0),
(1344, 'Guria', 81, '0000-00-00 00:00:00', 0),
(1345, 'Imereti', 81, '0000-00-00 00:00:00', 0),
(1346, 'Kaheti', 81, '0000-00-00 00:00:00', 0),
(1347, 'Kvemo Kartli', 81, '0000-00-00 00:00:00', 0),
(1348, 'Mcheta-Mtianeti', 81, '0000-00-00 00:00:00', 0),
(1349, 'Racha', 81, '0000-00-00 00:00:00', 0),
(1350, 'Samagrelo-Zemo Svaneti', 81, '0000-00-00 00:00:00', 0),
(1351, 'Samche-Zhavaheti', 81, '0000-00-00 00:00:00', 0),
(1352, 'Shida Kartli', 81, '0000-00-00 00:00:00', 0),
(1353, 'Tbilisi', 81, '0000-00-00 00:00:00', 0),
(1354, 'Auvergne', 82, '0000-00-00 00:00:00', 0),
(1355, 'Baden-Wurttemberg', 82, '0000-00-00 00:00:00', 0),
(1356, 'Bavaria', 82, '0000-00-00 00:00:00', 0),
(1357, 'Bayern', 82, '0000-00-00 00:00:00', 0),
(1358, 'Beilstein Wurtt', 82, '0000-00-00 00:00:00', 0),
(1359, 'Berlin', 82, '0000-00-00 00:00:00', 0),
(1360, 'Brandenburg', 82, '0000-00-00 00:00:00', 0),
(1361, 'Bremen', 82, '0000-00-00 00:00:00', 0),
(1362, 'Dreisbach', 82, '0000-00-00 00:00:00', 0),
(1363, 'Freistaat Bayern', 82, '0000-00-00 00:00:00', 0),
(1364, 'Hamburg', 82, '0000-00-00 00:00:00', 0),
(1365, 'Hannover', 82, '0000-00-00 00:00:00', 0),
(1366, 'Heroldstatt', 82, '0000-00-00 00:00:00', 0),
(1367, 'Hessen', 82, '0000-00-00 00:00:00', 0),
(1368, 'Kortenberg', 82, '0000-00-00 00:00:00', 0),
(1369, 'Laasdorf', 82, '0000-00-00 00:00:00', 0),
(1370, 'Land Baden-Wurttemberg', 82, '0000-00-00 00:00:00', 0),
(1371, 'Land Bayern', 82, '0000-00-00 00:00:00', 0),
(1372, 'Land Brandenburg', 82, '0000-00-00 00:00:00', 0),
(1373, 'Land Hessen', 82, '0000-00-00 00:00:00', 0),
(1374, 'Land Mecklenburg-Vorpommern', 82, '0000-00-00 00:00:00', 0),
(1375, 'Land Nordrhein-Westfalen', 82, '0000-00-00 00:00:00', 0),
(1376, 'Land Rheinland-Pfalz', 82, '0000-00-00 00:00:00', 0),
(1377, 'Land Sachsen', 82, '0000-00-00 00:00:00', 0),
(1378, 'Land Sachsen-Anhalt', 82, '0000-00-00 00:00:00', 0),
(1379, 'Land Thuringen', 82, '0000-00-00 00:00:00', 0),
(1380, 'Lower Saxony', 82, '0000-00-00 00:00:00', 0),
(1381, 'Mecklenburg-Vorpommern', 82, '0000-00-00 00:00:00', 0),
(1382, 'Mulfingen', 82, '0000-00-00 00:00:00', 0),
(1383, 'Munich', 82, '0000-00-00 00:00:00', 0),
(1384, 'Neubeuern', 82, '0000-00-00 00:00:00', 0),
(1385, 'Niedersachsen', 82, '0000-00-00 00:00:00', 0),
(1386, 'Noord-Holland', 82, '0000-00-00 00:00:00', 0),
(1387, 'Nordrhein-Westfalen', 82, '0000-00-00 00:00:00', 0),
(1388, 'North Rhine-Westphalia', 82, '0000-00-00 00:00:00', 0),
(1389, 'Osterode', 82, '0000-00-00 00:00:00', 0),
(1390, 'Rheinland-Pfalz', 82, '0000-00-00 00:00:00', 0),
(1391, 'Rhineland-Palatinate', 82, '0000-00-00 00:00:00', 0),
(1392, 'Saarland', 82, '0000-00-00 00:00:00', 0),
(1393, 'Sachsen', 82, '0000-00-00 00:00:00', 0),
(1394, 'Sachsen-Anhalt', 82, '0000-00-00 00:00:00', 0),
(1395, 'Saxony', 82, '0000-00-00 00:00:00', 0),
(1396, 'Schleswig-Holstein', 82, '0000-00-00 00:00:00', 0),
(1397, 'Thuringia', 82, '0000-00-00 00:00:00', 0),
(1398, 'Webling', 82, '0000-00-00 00:00:00', 0),
(1399, 'Weinstrabe', 82, '0000-00-00 00:00:00', 0),
(1400, 'schlobborn', 82, '0000-00-00 00:00:00', 0),
(1401, 'Ashanti', 83, '0000-00-00 00:00:00', 0),
(1402, 'Brong-Ahafo', 83, '0000-00-00 00:00:00', 0),
(1403, 'Central', 83, '0000-00-00 00:00:00', 0),
(1404, 'Eastern', 83, '0000-00-00 00:00:00', 0),
(1405, 'Greater Accra', 83, '0000-00-00 00:00:00', 0),
(1406, 'Northern', 83, '0000-00-00 00:00:00', 0),
(1407, 'Upper East', 83, '0000-00-00 00:00:00', 0),
(1408, 'Upper West', 83, '0000-00-00 00:00:00', 0),
(1409, 'Volta', 83, '0000-00-00 00:00:00', 0),
(1410, 'Western', 83, '0000-00-00 00:00:00', 0),
(1411, 'Gibraltar', 84, '0000-00-00 00:00:00', 0),
(1412, 'Acharnes', 85, '0000-00-00 00:00:00', 0),
(1413, 'Ahaia', 85, '0000-00-00 00:00:00', 0),
(1414, 'Aitolia kai Akarnania', 85, '0000-00-00 00:00:00', 0),
(1415, 'Argolis', 85, '0000-00-00 00:00:00', 0),
(1416, 'Arkadia', 85, '0000-00-00 00:00:00', 0),
(1417, 'Arta', 85, '0000-00-00 00:00:00', 0),
(1418, 'Attica', 85, '0000-00-00 00:00:00', 0),
(1419, 'Attiki', 85, '0000-00-00 00:00:00', 0),
(1420, 'Ayion Oros', 85, '0000-00-00 00:00:00', 0),
(1421, 'Crete', 85, '0000-00-00 00:00:00', 0),
(1422, 'Dodekanisos', 85, '0000-00-00 00:00:00', 0),
(1423, 'Drama', 85, '0000-00-00 00:00:00', 0),
(1424, 'Evia', 85, '0000-00-00 00:00:00', 0),
(1425, 'Evritania', 85, '0000-00-00 00:00:00', 0),
(1426, 'Evros', 85, '0000-00-00 00:00:00', 0),
(1427, 'Evvoia', 85, '0000-00-00 00:00:00', 0),
(1428, 'Florina', 85, '0000-00-00 00:00:00', 0),
(1429, 'Fokis', 85, '0000-00-00 00:00:00', 0),
(1430, 'Fthiotis', 85, '0000-00-00 00:00:00', 0),
(1431, 'Grevena', 85, '0000-00-00 00:00:00', 0),
(1432, 'Halandri', 85, '0000-00-00 00:00:00', 0),
(1433, 'Halkidiki', 85, '0000-00-00 00:00:00', 0),
(1434, 'Hania', 85, '0000-00-00 00:00:00', 0),
(1435, 'Heraklion', 85, '0000-00-00 00:00:00', 0),
(1436, 'Hios', 85, '0000-00-00 00:00:00', 0),
(1437, 'Ilia', 85, '0000-00-00 00:00:00', 0),
(1438, 'Imathia', 85, '0000-00-00 00:00:00', 0),
(1439, 'Ioannina', 85, '0000-00-00 00:00:00', 0),
(1440, 'Iraklion', 85, '0000-00-00 00:00:00', 0),
(1441, 'Karditsa', 85, '0000-00-00 00:00:00', 0),
(1442, 'Kastoria', 85, '0000-00-00 00:00:00', 0),
(1443, 'Kavala', 85, '0000-00-00 00:00:00', 0),
(1444, 'Kefallinia', 85, '0000-00-00 00:00:00', 0),
(1445, 'Kerkira', 85, '0000-00-00 00:00:00', 0),
(1446, 'Kiklades', 85, '0000-00-00 00:00:00', 0),
(1447, 'Kilkis', 85, '0000-00-00 00:00:00', 0),
(1448, 'Korinthia', 85, '0000-00-00 00:00:00', 0),
(1449, 'Kozani', 85, '0000-00-00 00:00:00', 0),
(1450, 'Lakonia', 85, '0000-00-00 00:00:00', 0),
(1451, 'Larisa', 85, '0000-00-00 00:00:00', 0),
(1452, 'Lasithi', 85, '0000-00-00 00:00:00', 0),
(1453, 'Lesvos', 85, '0000-00-00 00:00:00', 0),
(1454, 'Levkas', 85, '0000-00-00 00:00:00', 0),
(1455, 'Magnisia', 85, '0000-00-00 00:00:00', 0),
(1456, 'Messinia', 85, '0000-00-00 00:00:00', 0),
(1457, 'Nomos Attikis', 85, '0000-00-00 00:00:00', 0),
(1458, 'Nomos Zakynthou', 85, '0000-00-00 00:00:00', 0),
(1459, 'Pella', 85, '0000-00-00 00:00:00', 0),
(1460, 'Pieria', 85, '0000-00-00 00:00:00', 0),
(1461, 'Piraios', 85, '0000-00-00 00:00:00', 0),
(1462, 'Preveza', 85, '0000-00-00 00:00:00', 0),
(1463, 'Rethimni', 85, '0000-00-00 00:00:00', 0),
(1464, 'Rodopi', 85, '0000-00-00 00:00:00', 0),
(1465, 'Samos', 85, '0000-00-00 00:00:00', 0),
(1466, 'Serrai', 85, '0000-00-00 00:00:00', 0),
(1467, 'Thesprotia', 85, '0000-00-00 00:00:00', 0),
(1468, 'Thessaloniki', 85, '0000-00-00 00:00:00', 0),
(1469, 'Trikala', 85, '0000-00-00 00:00:00', 0),
(1470, 'Voiotia', 85, '0000-00-00 00:00:00', 0),
(1471, 'West Greece', 85, '0000-00-00 00:00:00', 0),
(1472, 'Xanthi', 85, '0000-00-00 00:00:00', 0),
(1473, 'Zakinthos', 85, '0000-00-00 00:00:00', 0),
(1474, 'Aasiaat', 86, '0000-00-00 00:00:00', 0),
(1475, 'Ammassalik', 86, '0000-00-00 00:00:00', 0),
(1476, 'Illoqqortoormiut', 86, '0000-00-00 00:00:00', 0),
(1477, 'Ilulissat', 86, '0000-00-00 00:00:00', 0),
(1478, 'Ivittuut', 86, '0000-00-00 00:00:00', 0),
(1479, 'Kangaatsiaq', 86, '0000-00-00 00:00:00', 0),
(1480, 'Maniitsoq', 86, '0000-00-00 00:00:00', 0),
(1481, 'Nanortalik', 86, '0000-00-00 00:00:00', 0),
(1482, 'Narsaq', 86, '0000-00-00 00:00:00', 0),
(1483, 'Nuuk', 86, '0000-00-00 00:00:00', 0),
(1484, 'Paamiut', 86, '0000-00-00 00:00:00', 0),
(1485, 'Qaanaaq', 86, '0000-00-00 00:00:00', 0),
(1486, 'Qaqortoq', 86, '0000-00-00 00:00:00', 0),
(1487, 'Qasigiannguit', 86, '0000-00-00 00:00:00', 0),
(1488, 'Qeqertarsuaq', 86, '0000-00-00 00:00:00', 0),
(1489, 'Sisimiut', 86, '0000-00-00 00:00:00', 0),
(1490, 'Udenfor kommunal inddeling', 86, '0000-00-00 00:00:00', 0),
(1491, 'Upernavik', 86, '0000-00-00 00:00:00', 0),
(1492, 'Uummannaq', 86, '0000-00-00 00:00:00', 0),
(1493, 'Carriacou-Petite Martinique', 87, '0000-00-00 00:00:00', 0),
(1494, 'Saint Andrew', 87, '0000-00-00 00:00:00', 0),
(1495, 'Saint Davids', 87, '0000-00-00 00:00:00', 0),
(1496, 'Saint George''s', 87, '0000-00-00 00:00:00', 0),
(1497, 'Saint John', 87, '0000-00-00 00:00:00', 0),
(1498, 'Saint Mark', 87, '0000-00-00 00:00:00', 0),
(1499, 'Saint Patrick', 87, '0000-00-00 00:00:00', 0),
(1500, 'Basse-Terre', 88, '0000-00-00 00:00:00', 0),
(1501, 'Grande-Terre', 88, '0000-00-00 00:00:00', 0),
(1502, 'Iles des Saintes', 88, '0000-00-00 00:00:00', 0),
(1503, 'La Desirade', 88, '0000-00-00 00:00:00', 0),
(1504, 'Marie-Galante', 88, '0000-00-00 00:00:00', 0),
(1505, 'Saint Barthelemy', 88, '0000-00-00 00:00:00', 0),
(1506, 'Saint Martin', 88, '0000-00-00 00:00:00', 0),
(1507, 'Agana Heights', 89, '0000-00-00 00:00:00', 0),
(1508, 'Agat', 89, '0000-00-00 00:00:00', 0),
(1509, 'Barrigada', 89, '0000-00-00 00:00:00', 0),
(1510, 'Chalan-Pago-Ordot', 89, '0000-00-00 00:00:00', 0),
(1511, 'Dededo', 89, '0000-00-00 00:00:00', 0),
(1512, 'Hagatna', 89, '0000-00-00 00:00:00', 0),
(1513, 'Inarajan', 89, '0000-00-00 00:00:00', 0),
(1514, 'Mangilao', 89, '0000-00-00 00:00:00', 0),
(1515, 'Merizo', 89, '0000-00-00 00:00:00', 0),
(1516, 'Mongmong-Toto-Maite', 89, '0000-00-00 00:00:00', 0),
(1517, 'Santa Rita', 89, '0000-00-00 00:00:00', 0),
(1518, 'Sinajana', 89, '0000-00-00 00:00:00', 0),
(1519, 'Talofofo', 89, '0000-00-00 00:00:00', 0),
(1520, 'Tamuning', 89, '0000-00-00 00:00:00', 0),
(1521, 'Yigo', 89, '0000-00-00 00:00:00', 0),
(1522, 'Yona', 89, '0000-00-00 00:00:00', 0),
(1523, 'Alta Verapaz', 90, '0000-00-00 00:00:00', 0),
(1524, 'Baja Verapaz', 90, '0000-00-00 00:00:00', 0),
(1525, 'Chimaltenango', 90, '0000-00-00 00:00:00', 0),
(1526, 'Chiquimula', 90, '0000-00-00 00:00:00', 0),
(1527, 'El Progreso', 90, '0000-00-00 00:00:00', 0),
(1528, 'Escuintla', 90, '0000-00-00 00:00:00', 0),
(1529, 'Guatemala', 90, '0000-00-00 00:00:00', 0),
(1530, 'Huehuetenango', 90, '0000-00-00 00:00:00', 0),
(1531, 'Izabal', 90, '0000-00-00 00:00:00', 0),
(1532, 'Jalapa', 90, '0000-00-00 00:00:00', 0),
(1533, 'Jutiapa', 90, '0000-00-00 00:00:00', 0),
(1534, 'Peten', 90, '0000-00-00 00:00:00', 0),
(1535, 'Quezaltenango', 90, '0000-00-00 00:00:00', 0),
(1536, 'Quiche', 90, '0000-00-00 00:00:00', 0),
(1537, 'Retalhuleu', 90, '0000-00-00 00:00:00', 0),
(1538, 'Sacatepequez', 90, '0000-00-00 00:00:00', 0),
(1539, 'San Marcos', 90, '0000-00-00 00:00:00', 0),
(1540, 'Santa Rosa', 90, '0000-00-00 00:00:00', 0),
(1541, 'Solola', 90, '0000-00-00 00:00:00', 0),
(1542, 'Suchitepequez', 90, '0000-00-00 00:00:00', 0),
(1543, 'Totonicapan', 90, '0000-00-00 00:00:00', 0),
(1544, 'Zacapa', 90, '0000-00-00 00:00:00', 0),
(1545, 'Alderney', 91, '0000-00-00 00:00:00', 0),
(1546, 'Castel', 91, '0000-00-00 00:00:00', 0),
(1547, 'Forest', 91, '0000-00-00 00:00:00', 0),
(1548, 'Saint Andrew', 91, '0000-00-00 00:00:00', 0),
(1549, 'Saint Martin', 91, '0000-00-00 00:00:00', 0),
(1550, 'Saint Peter Port', 91, '0000-00-00 00:00:00', 0),
(1551, 'Saint Pierre du Bois', 91, '0000-00-00 00:00:00', 0),
(1552, 'Saint Sampson', 91, '0000-00-00 00:00:00', 0),
(1553, 'Saint Saviour', 91, '0000-00-00 00:00:00', 0),
(1554, 'Sark', 91, '0000-00-00 00:00:00', 0),
(1555, 'Torteval', 91, '0000-00-00 00:00:00', 0),
(1556, 'Vale', 91, '0000-00-00 00:00:00', 0),
(1557, 'Beyla', 92, '0000-00-00 00:00:00', 0),
(1558, 'Boffa', 92, '0000-00-00 00:00:00', 0),
(1559, 'Boke', 92, '0000-00-00 00:00:00', 0),
(1560, 'Conakry', 92, '0000-00-00 00:00:00', 0),
(1561, 'Coyah', 92, '0000-00-00 00:00:00', 0),
(1562, 'Dabola', 92, '0000-00-00 00:00:00', 0),
(1563, 'Dalaba', 92, '0000-00-00 00:00:00', 0),
(1564, 'Dinguiraye', 92, '0000-00-00 00:00:00', 0),
(1565, 'Faranah', 92, '0000-00-00 00:00:00', 0),
(1566, 'Forecariah', 92, '0000-00-00 00:00:00', 0),
(1567, 'Fria', 92, '0000-00-00 00:00:00', 0),
(1568, 'Gaoual', 92, '0000-00-00 00:00:00', 0),
(1569, 'Gueckedou', 92, '0000-00-00 00:00:00', 0),
(1570, 'Kankan', 92, '0000-00-00 00:00:00', 0),
(1571, 'Kerouane', 92, '0000-00-00 00:00:00', 0),
(1572, 'Kindia', 92, '0000-00-00 00:00:00', 0),
(1573, 'Kissidougou', 92, '0000-00-00 00:00:00', 0),
(1574, 'Koubia', 92, '0000-00-00 00:00:00', 0),
(1575, 'Koundara', 92, '0000-00-00 00:00:00', 0),
(1576, 'Kouroussa', 92, '0000-00-00 00:00:00', 0),
(1577, 'Labe', 92, '0000-00-00 00:00:00', 0),
(1578, 'Lola', 92, '0000-00-00 00:00:00', 0),
(1579, 'Macenta', 92, '0000-00-00 00:00:00', 0),
(1580, 'Mali', 92, '0000-00-00 00:00:00', 0),
(1581, 'Mamou', 92, '0000-00-00 00:00:00', 0),
(1582, 'Mandiana', 92, '0000-00-00 00:00:00', 0),
(1583, 'Nzerekore', 92, '0000-00-00 00:00:00', 0),
(1584, 'Pita', 92, '0000-00-00 00:00:00', 0),
(1585, 'Siguiri', 92, '0000-00-00 00:00:00', 0),
(1586, 'Telimele', 92, '0000-00-00 00:00:00', 0),
(1587, 'Tougue', 92, '0000-00-00 00:00:00', 0),
(1588, 'Yomou', 92, '0000-00-00 00:00:00', 0),
(1589, 'Bafata', 93, '0000-00-00 00:00:00', 0),
(1590, 'Bissau', 93, '0000-00-00 00:00:00', 0),
(1591, 'Bolama', 93, '0000-00-00 00:00:00', 0),
(1592, 'Cacheu', 93, '0000-00-00 00:00:00', 0),
(1593, 'Gabu', 93, '0000-00-00 00:00:00', 0),
(1594, 'Oio', 93, '0000-00-00 00:00:00', 0),
(1595, 'Quinara', 93, '0000-00-00 00:00:00', 0),
(1596, 'Tombali', 93, '0000-00-00 00:00:00', 0),
(1597, 'Barima-Waini', 94, '0000-00-00 00:00:00', 0),
(1598, 'Cuyuni-Mazaruni', 94, '0000-00-00 00:00:00', 0),
(1599, 'Demerara-Mahaica', 94, '0000-00-00 00:00:00', 0),
(1600, 'East Berbice-Corentyne', 94, '0000-00-00 00:00:00', 0),
(1601, 'Essequibo Islands-West Demerar', 94, '0000-00-00 00:00:00', 0),
(1602, 'Mahaica-Berbice', 94, '0000-00-00 00:00:00', 0),
(1603, 'Pomeroon-Supenaam', 94, '0000-00-00 00:00:00', 0),
(1604, 'Potaro-Siparuni', 94, '0000-00-00 00:00:00', 0),
(1605, 'Upper Demerara-Berbice', 94, '0000-00-00 00:00:00', 0),
(1606, 'Upper Takutu-Upper Essequibo', 94, '0000-00-00 00:00:00', 0),
(1607, 'Artibonite', 95, '0000-00-00 00:00:00', 0),
(1608, 'Centre', 95, '0000-00-00 00:00:00', 0),
(1609, 'Grand''Anse', 95, '0000-00-00 00:00:00', 0),
(1610, 'Nord', 95, '0000-00-00 00:00:00', 0),
(1611, 'Nord-Est', 95, '0000-00-00 00:00:00', 0),
(1612, 'Nord-Ouest', 95, '0000-00-00 00:00:00', 0),
(1613, 'Ouest', 95, '0000-00-00 00:00:00', 0),
(1614, 'Sud', 95, '0000-00-00 00:00:00', 0),
(1615, 'Sud-Est', 95, '0000-00-00 00:00:00', 0),
(1616, 'Heard and McDonald Islands', 96, '0000-00-00 00:00:00', 0),
(1617, 'Atlantida', 97, '0000-00-00 00:00:00', 0),
(1618, 'Choluteca', 97, '0000-00-00 00:00:00', 0),
(1619, 'Colon', 97, '0000-00-00 00:00:00', 0),
(1620, 'Comayagua', 97, '0000-00-00 00:00:00', 0),
(1621, 'Copan', 97, '0000-00-00 00:00:00', 0),
(1622, 'Cortes', 97, '0000-00-00 00:00:00', 0),
(1623, 'Distrito Central', 97, '0000-00-00 00:00:00', 0),
(1624, 'El Paraiso', 97, '0000-00-00 00:00:00', 0),
(1625, 'Francisco Morazan', 97, '0000-00-00 00:00:00', 0),
(1626, 'Gracias a Dios', 97, '0000-00-00 00:00:00', 0),
(1627, 'Intibuca', 97, '0000-00-00 00:00:00', 0),
(1628, 'Islas de la Bahia', 97, '0000-00-00 00:00:00', 0),
(1629, 'La Paz', 97, '0000-00-00 00:00:00', 0),
(1630, 'Lempira', 97, '0000-00-00 00:00:00', 0),
(1631, 'Ocotepeque', 97, '0000-00-00 00:00:00', 0),
(1632, 'Olancho', 97, '0000-00-00 00:00:00', 0),
(1633, 'Santa Barbara', 97, '0000-00-00 00:00:00', 0),
(1634, 'Valle', 97, '0000-00-00 00:00:00', 0),
(1635, 'Yoro', 97, '0000-00-00 00:00:00', 0),
(1636, 'Hong Kong', 98, '0000-00-00 00:00:00', 0),
(1637, 'Bacs-Kiskun', 99, '0000-00-00 00:00:00', 0),
(1638, 'Baranya', 99, '0000-00-00 00:00:00', 0),
(1639, 'Bekes', 99, '0000-00-00 00:00:00', 0),
(1640, 'Borsod-Abauj-Zemplen', 99, '0000-00-00 00:00:00', 0),
(1641, 'Budapest', 99, '0000-00-00 00:00:00', 0),
(1642, 'Csongrad', 99, '0000-00-00 00:00:00', 0),
(1643, 'Fejer', 99, '0000-00-00 00:00:00', 0),
(1644, 'Gyor-Moson-Sopron', 99, '0000-00-00 00:00:00', 0),
(1645, 'Hajdu-Bihar', 99, '0000-00-00 00:00:00', 0),
(1646, 'Heves', 99, '0000-00-00 00:00:00', 0),
(1647, 'Jasz-Nagykun-Szolnok', 99, '0000-00-00 00:00:00', 0),
(1648, 'Komarom-Esztergom', 99, '0000-00-00 00:00:00', 0),
(1649, 'Nograd', 99, '0000-00-00 00:00:00', 0),
(1650, 'Pest', 99, '0000-00-00 00:00:00', 0),
(1651, 'Somogy', 99, '0000-00-00 00:00:00', 0),
(1652, 'Szabolcs-Szatmar-Bereg', 99, '0000-00-00 00:00:00', 0),
(1653, 'Tolna', 99, '0000-00-00 00:00:00', 0),
(1654, 'Vas', 99, '0000-00-00 00:00:00', 0),
(1655, 'Veszprem', 99, '0000-00-00 00:00:00', 0),
(1656, 'Zala', 99, '0000-00-00 00:00:00', 0),
(1657, 'Austurland', 100, '0000-00-00 00:00:00', 0),
(1658, 'Gullbringusysla', 100, '0000-00-00 00:00:00', 0),
(1659, 'Hofu borgarsva i', 100, '0000-00-00 00:00:00', 0),
(1660, 'Nor urland eystra', 100, '0000-00-00 00:00:00', 0),
(1661, 'Nor urland vestra', 100, '0000-00-00 00:00:00', 0),
(1662, 'Su urland', 100, '0000-00-00 00:00:00', 0),
(1663, 'Su urnes', 100, '0000-00-00 00:00:00', 0),
(1664, 'Vestfir ir', 100, '0000-00-00 00:00:00', 0),
(1665, 'Vesturland', 100, '0000-00-00 00:00:00', 0),
(1666, 'Aceh', 102, '0000-00-00 00:00:00', 0),
(1667, 'Bali', 102, '0000-00-00 00:00:00', 0),
(1668, 'Bangka-Belitung', 102, '0000-00-00 00:00:00', 0),
(1669, 'Banten', 102, '0000-00-00 00:00:00', 0),
(1670, 'Bengkulu', 102, '0000-00-00 00:00:00', 0),
(1671, 'Gandaria', 102, '0000-00-00 00:00:00', 0),
(1672, 'Gorontalo', 102, '0000-00-00 00:00:00', 0),
(1673, 'Jakarta', 102, '0000-00-00 00:00:00', 0),
(1674, 'Jambi', 102, '0000-00-00 00:00:00', 0),
(1675, 'Jawa Barat', 102, '0000-00-00 00:00:00', 0),
(1676, 'Jawa Tengah', 102, '0000-00-00 00:00:00', 0),
(1677, 'Jawa Timur', 102, '0000-00-00 00:00:00', 0),
(1678, 'Kalimantan Barat', 102, '0000-00-00 00:00:00', 0),
(1679, 'Kalimantan Selatan', 102, '0000-00-00 00:00:00', 0),
(1680, 'Kalimantan Tengah', 102, '0000-00-00 00:00:00', 0),
(1681, 'Kalimantan Timur', 102, '0000-00-00 00:00:00', 0),
(1682, 'Kendal', 102, '0000-00-00 00:00:00', 0),
(1683, 'Lampung', 102, '0000-00-00 00:00:00', 0),
(1684, 'Maluku', 102, '0000-00-00 00:00:00', 0),
(1685, 'Maluku Utara', 102, '0000-00-00 00:00:00', 0),
(1686, 'Nusa Tenggara Barat', 102, '0000-00-00 00:00:00', 0),
(1687, 'Nusa Tenggara Timur', 102, '0000-00-00 00:00:00', 0),
(1688, 'Papua', 102, '0000-00-00 00:00:00', 0),
(1689, 'Riau', 102, '0000-00-00 00:00:00', 0),
(1690, 'Riau Kepulauan', 102, '0000-00-00 00:00:00', 0),
(1691, 'Solo', 102, '0000-00-00 00:00:00', 0),
(1692, 'Sulawesi Selatan', 102, '0000-00-00 00:00:00', 0),
(1693, 'Sulawesi Tengah', 102, '0000-00-00 00:00:00', 0),
(1694, 'Sulawesi Tenggara', 102, '0000-00-00 00:00:00', 0),
(1695, 'Sulawesi Utara', 102, '0000-00-00 00:00:00', 0),
(1696, 'Sumatera Barat', 102, '0000-00-00 00:00:00', 0),
(1697, 'Sumatera Selatan', 102, '0000-00-00 00:00:00', 0),
(1698, 'Sumatera Utara', 102, '0000-00-00 00:00:00', 0),
(1699, 'Yogyakarta', 102, '0000-00-00 00:00:00', 0),
(1700, 'Ardabil', 103, '0000-00-00 00:00:00', 0),
(1701, 'Azarbayjan-e Bakhtari', 103, '0000-00-00 00:00:00', 0),
(1702, 'Azarbayjan-e Khavari', 103, '0000-00-00 00:00:00', 0),
(1703, 'Bushehr', 103, '0000-00-00 00:00:00', 0),
(1704, 'Chahar Mahal-e Bakhtiari', 103, '0000-00-00 00:00:00', 0),
(1705, 'Esfahan', 103, '0000-00-00 00:00:00', 0),
(1706, 'Fars', 103, '0000-00-00 00:00:00', 0),
(1707, 'Gilan', 103, '0000-00-00 00:00:00', 0),
(1708, 'Golestan', 103, '0000-00-00 00:00:00', 0),
(1709, 'Hamadan', 103, '0000-00-00 00:00:00', 0),
(1710, 'Hormozgan', 103, '0000-00-00 00:00:00', 0),
(1711, 'Ilam', 103, '0000-00-00 00:00:00', 0),
(1712, 'Kerman', 103, '0000-00-00 00:00:00', 0),
(1713, 'Kermanshah', 103, '0000-00-00 00:00:00', 0),
(1714, 'Khorasan', 103, '0000-00-00 00:00:00', 0),
(1715, 'Khuzestan', 103, '0000-00-00 00:00:00', 0),
(1716, 'Kohgiluyeh-e Boyerahmad', 103, '0000-00-00 00:00:00', 0),
(1717, 'Kordestan', 103, '0000-00-00 00:00:00', 0),
(1718, 'Lorestan', 103, '0000-00-00 00:00:00', 0),
(1719, 'Markazi', 103, '0000-00-00 00:00:00', 0),
(1720, 'Mazandaran', 103, '0000-00-00 00:00:00', 0),
(1721, 'Ostan-e Esfahan', 103, '0000-00-00 00:00:00', 0),
(1722, 'Qazvin', 103, '0000-00-00 00:00:00', 0),
(1723, 'Qom', 103, '0000-00-00 00:00:00', 0),
(1724, 'Semnan', 103, '0000-00-00 00:00:00', 0),
(1725, 'Sistan-e Baluchestan', 103, '0000-00-00 00:00:00', 0),
(1726, 'Tehran', 103, '0000-00-00 00:00:00', 0),
(1727, 'Yazd', 103, '0000-00-00 00:00:00', 0),
(1728, 'Zanjan', 103, '0000-00-00 00:00:00', 0),
(1729, 'Babil', 104, '0000-00-00 00:00:00', 0),
(1730, 'Baghdad', 104, '0000-00-00 00:00:00', 0),
(1731, 'Dahuk', 104, '0000-00-00 00:00:00', 0),
(1732, 'Dhi Qar', 104, '0000-00-00 00:00:00', 0),
(1733, 'Diyala', 104, '0000-00-00 00:00:00', 0),
(1734, 'Erbil', 104, '0000-00-00 00:00:00', 0),
(1735, 'Irbil', 104, '0000-00-00 00:00:00', 0),
(1736, 'Karbala', 104, '0000-00-00 00:00:00', 0),
(1737, 'Kurdistan', 104, '0000-00-00 00:00:00', 0),
(1738, 'Maysan', 104, '0000-00-00 00:00:00', 0),
(1739, 'Ninawa', 104, '0000-00-00 00:00:00', 0),
(1740, 'Salah-ad-Din', 104, '0000-00-00 00:00:00', 0),
(1741, 'Wasit', 104, '0000-00-00 00:00:00', 0),
(1742, 'al-Anbar', 104, '0000-00-00 00:00:00', 0),
(1743, 'al-Basrah', 104, '0000-00-00 00:00:00', 0),
(1744, 'al-Muthanna', 104, '0000-00-00 00:00:00', 0),
(1745, 'al-Qadisiyah', 104, '0000-00-00 00:00:00', 0),
(1746, 'an-Najaf', 104, '0000-00-00 00:00:00', 0),
(1747, 'as-Sulaymaniyah', 104, '0000-00-00 00:00:00', 0),
(1748, 'at-Ta''mim', 104, '0000-00-00 00:00:00', 0),
(1749, 'Armagh', 105, '0000-00-00 00:00:00', 0),
(1750, 'Carlow', 105, '0000-00-00 00:00:00', 0),
(1751, 'Cavan', 105, '0000-00-00 00:00:00', 0),
(1752, 'Clare', 105, '0000-00-00 00:00:00', 0),
(1753, 'Cork', 105, '0000-00-00 00:00:00', 0),
(1754, 'Donegal', 105, '0000-00-00 00:00:00', 0),
(1755, 'Dublin', 105, '0000-00-00 00:00:00', 0),
(1756, 'Galway', 105, '0000-00-00 00:00:00', 0),
(1757, 'Kerry', 105, '0000-00-00 00:00:00', 0),
(1758, 'Kildare', 105, '0000-00-00 00:00:00', 0),
(1759, 'Kilkenny', 105, '0000-00-00 00:00:00', 0),
(1760, 'Laois', 105, '0000-00-00 00:00:00', 0),
(1761, 'Leinster', 105, '0000-00-00 00:00:00', 0),
(1762, 'Leitrim', 105, '0000-00-00 00:00:00', 0),
(1763, 'Limerick', 105, '0000-00-00 00:00:00', 0),
(1764, 'Loch Garman', 105, '0000-00-00 00:00:00', 0),
(1765, 'Longford', 105, '0000-00-00 00:00:00', 0),
(1766, 'Louth', 105, '0000-00-00 00:00:00', 0),
(1767, 'Mayo', 105, '0000-00-00 00:00:00', 0),
(1768, 'Meath', 105, '0000-00-00 00:00:00', 0),
(1769, 'Monaghan', 105, '0000-00-00 00:00:00', 0),
(1770, 'Offaly', 105, '0000-00-00 00:00:00', 0),
(1771, 'Roscommon', 105, '0000-00-00 00:00:00', 0),
(1772, 'Sligo', 105, '0000-00-00 00:00:00', 0),
(1773, 'Tipperary North Riding', 105, '0000-00-00 00:00:00', 0),
(1774, 'Tipperary South Riding', 105, '0000-00-00 00:00:00', 0),
(1775, 'Ulster', 105, '0000-00-00 00:00:00', 0),
(1776, 'Waterford', 105, '0000-00-00 00:00:00', 0),
(1777, 'Westmeath', 105, '0000-00-00 00:00:00', 0),
(1778, 'Wexford', 105, '0000-00-00 00:00:00', 0),
(1779, 'Wicklow', 105, '0000-00-00 00:00:00', 0),
(1780, 'Beit Hanania', 106, '0000-00-00 00:00:00', 0),
(1781, 'Ben Gurion Airport', 106, '0000-00-00 00:00:00', 0),
(1782, 'Bethlehem', 106, '0000-00-00 00:00:00', 0),
(1783, 'Caesarea', 106, '0000-00-00 00:00:00', 0),
(1784, 'Centre', 106, '0000-00-00 00:00:00', 0),
(1785, 'Gaza', 106, '0000-00-00 00:00:00', 0),
(1786, 'Hadaron', 106, '0000-00-00 00:00:00', 0),
(1787, 'Haifa District', 106, '0000-00-00 00:00:00', 0),
(1788, 'Hamerkaz', 106, '0000-00-00 00:00:00', 0),
(1789, 'Hazafon', 106, '0000-00-00 00:00:00', 0),
(1790, 'Hebron', 106, '0000-00-00 00:00:00', 0),
(1791, 'Jaffa', 106, '0000-00-00 00:00:00', 0),
(1792, 'Jerusalem', 106, '0000-00-00 00:00:00', 0),
(1793, 'Khefa', 106, '0000-00-00 00:00:00', 0),
(1794, 'Kiryat Yam', 106, '0000-00-00 00:00:00', 0),
(1795, 'Lower Galilee', 106, '0000-00-00 00:00:00', 0),
(1796, 'Qalqilya', 106, '0000-00-00 00:00:00', 0),
(1797, 'Talme Elazar', 106, '0000-00-00 00:00:00', 0),
(1798, 'Tel Aviv', 106, '0000-00-00 00:00:00', 0),
(1799, 'Tsafon', 106, '0000-00-00 00:00:00', 0),
(1800, 'Umm El Fahem', 106, '0000-00-00 00:00:00', 0),
(1801, 'Yerushalayim', 106, '0000-00-00 00:00:00', 0),
(1802, 'Abruzzi', 107, '0000-00-00 00:00:00', 0),
(1803, 'Abruzzo', 107, '0000-00-00 00:00:00', 0),
(1804, 'Agrigento', 107, '0000-00-00 00:00:00', 0),
(1805, 'Alessandria', 107, '0000-00-00 00:00:00', 0),
(1806, 'Ancona', 107, '0000-00-00 00:00:00', 0),
(1807, 'Arezzo', 107, '0000-00-00 00:00:00', 0),
(1808, 'Ascoli Piceno', 107, '0000-00-00 00:00:00', 0),
(1809, 'Asti', 107, '0000-00-00 00:00:00', 0),
(1810, 'Avellino', 107, '0000-00-00 00:00:00', 0),
(1811, 'Bari', 107, '0000-00-00 00:00:00', 0),
(1812, 'Basilicata', 107, '0000-00-00 00:00:00', 0),
(1813, 'Belluno', 107, '0000-00-00 00:00:00', 0),
(1814, 'Benevento', 107, '0000-00-00 00:00:00', 0),
(1815, 'Bergamo', 107, '0000-00-00 00:00:00', 0),
(1816, 'Biella', 107, '0000-00-00 00:00:00', 0),
(1817, 'Bologna', 107, '0000-00-00 00:00:00', 0),
(1818, 'Bolzano', 107, '0000-00-00 00:00:00', 0),
(1819, 'Brescia', 107, '0000-00-00 00:00:00', 0),
(1820, 'Brindisi', 107, '0000-00-00 00:00:00', 0),
(1821, 'Calabria', 107, '0000-00-00 00:00:00', 0),
(1822, 'Campania', 107, '0000-00-00 00:00:00', 0),
(1823, 'Cartoceto', 107, '0000-00-00 00:00:00', 0),
(1824, 'Caserta', 107, '0000-00-00 00:00:00', 0),
(1825, 'Catania', 107, '0000-00-00 00:00:00', 0),
(1826, 'Chieti', 107, '0000-00-00 00:00:00', 0),
(1827, 'Como', 107, '0000-00-00 00:00:00', 0),
(1828, 'Cosenza', 107, '0000-00-00 00:00:00', 0),
(1829, 'Cremona', 107, '0000-00-00 00:00:00', 0),
(1830, 'Cuneo', 107, '0000-00-00 00:00:00', 0),
(1831, 'Emilia-Romagna', 107, '0000-00-00 00:00:00', 0),
(1832, 'Ferrara', 107, '0000-00-00 00:00:00', 0),
(1833, 'Firenze', 107, '0000-00-00 00:00:00', 0),
(1834, 'Florence', 107, '0000-00-00 00:00:00', 0),
(1835, 'Forli-Cesena ', 107, '0000-00-00 00:00:00', 0),
(1836, 'Friuli-Venezia Giulia', 107, '0000-00-00 00:00:00', 0),
(1837, 'Frosinone', 107, '0000-00-00 00:00:00', 0),
(1838, 'Genoa', 107, '0000-00-00 00:00:00', 0),
(1839, 'Gorizia', 107, '0000-00-00 00:00:00', 0),
(1840, 'L''Aquila', 107, '0000-00-00 00:00:00', 0),
(1841, 'Lazio', 107, '0000-00-00 00:00:00', 0),
(1842, 'Lecce', 107, '0000-00-00 00:00:00', 0),
(1843, 'Lecco', 107, '0000-00-00 00:00:00', 0),
(1844, 'Lecco Province', 107, '0000-00-00 00:00:00', 0),
(1845, 'Liguria', 107, '0000-00-00 00:00:00', 0),
(1846, 'Lodi', 107, '0000-00-00 00:00:00', 0),
(1847, 'Lombardia', 107, '0000-00-00 00:00:00', 0),
(1848, 'Lombardy', 107, '0000-00-00 00:00:00', 0),
(1849, 'Macerata', 107, '0000-00-00 00:00:00', 0),
(1850, 'Mantova', 107, '0000-00-00 00:00:00', 0),
(1851, 'Marche', 107, '0000-00-00 00:00:00', 0),
(1852, 'Messina', 107, '0000-00-00 00:00:00', 0),
(1853, 'Milan', 107, '0000-00-00 00:00:00', 0),
(1854, 'Modena', 107, '0000-00-00 00:00:00', 0),
(1855, 'Molise', 107, '0000-00-00 00:00:00', 0),
(1856, 'Molteno', 107, '0000-00-00 00:00:00', 0),
(1857, 'Montenegro', 107, '0000-00-00 00:00:00', 0),
(1858, 'Monza and Brianza', 107, '0000-00-00 00:00:00', 0),
(1859, 'Naples', 107, '0000-00-00 00:00:00', 0),
(1860, 'Novara', 107, '0000-00-00 00:00:00', 0),
(1861, 'Padova', 107, '0000-00-00 00:00:00', 0),
(1862, 'Parma', 107, '0000-00-00 00:00:00', 0),
(1863, 'Pavia', 107, '0000-00-00 00:00:00', 0),
(1864, 'Perugia', 107, '0000-00-00 00:00:00', 0),
(1865, 'Pesaro-Urbino', 107, '0000-00-00 00:00:00', 0),
(1866, 'Piacenza', 107, '0000-00-00 00:00:00', 0),
(1867, 'Piedmont', 107, '0000-00-00 00:00:00', 0),
(1868, 'Piemonte', 107, '0000-00-00 00:00:00', 0),
(1869, 'Pisa', 107, '0000-00-00 00:00:00', 0),
(1870, 'Pordenone', 107, '0000-00-00 00:00:00', 0),
(1871, 'Potenza', 107, '0000-00-00 00:00:00', 0),
(1872, 'Puglia', 107, '0000-00-00 00:00:00', 0),
(1873, 'Reggio Emilia', 107, '0000-00-00 00:00:00', 0),
(1874, 'Rimini', 107, '0000-00-00 00:00:00', 0),
(1875, 'Roma', 107, '0000-00-00 00:00:00', 0),
(1876, 'Salerno', 107, '0000-00-00 00:00:00', 0),
(1877, 'Sardegna', 107, '0000-00-00 00:00:00', 0),
(1878, 'Sassari', 107, '0000-00-00 00:00:00', 0),
(1879, 'Savona', 107, '0000-00-00 00:00:00', 0),
(1880, 'Sicilia', 107, '0000-00-00 00:00:00', 0),
(1881, 'Siena', 107, '0000-00-00 00:00:00', 0),
(1882, 'Sondrio', 107, '0000-00-00 00:00:00', 0),
(1883, 'South Tyrol', 107, '0000-00-00 00:00:00', 0),
(1884, 'Taranto', 107, '0000-00-00 00:00:00', 0),
(1885, 'Teramo', 107, '0000-00-00 00:00:00', 0),
(1886, 'Torino', 107, '0000-00-00 00:00:00', 0),
(1887, 'Toscana', 107, '0000-00-00 00:00:00', 0),
(1888, 'Trapani', 107, '0000-00-00 00:00:00', 0),
(1889, 'Trentino-Alto Adige', 107, '0000-00-00 00:00:00', 0),
(1890, 'Trento', 107, '0000-00-00 00:00:00', 0),
(1891, 'Treviso', 107, '0000-00-00 00:00:00', 0),
(1892, 'Udine', 107, '0000-00-00 00:00:00', 0),
(1893, 'Umbria', 107, '0000-00-00 00:00:00', 0),
(1894, 'Valle d''Aosta', 107, '0000-00-00 00:00:00', 0),
(1895, 'Varese', 107, '0000-00-00 00:00:00', 0),
(1896, 'Veneto', 107, '0000-00-00 00:00:00', 0),
(1897, 'Venezia', 107, '0000-00-00 00:00:00', 0),
(1898, 'Verbano-Cusio-Ossola', 107, '0000-00-00 00:00:00', 0),
(1899, 'Vercelli', 107, '0000-00-00 00:00:00', 0),
(1900, 'Verona', 107, '0000-00-00 00:00:00', 0),
(1901, 'Vicenza', 107, '0000-00-00 00:00:00', 0),
(1902, 'Viterbo', 107, '0000-00-00 00:00:00', 0),
(1903, 'Buxoro Viloyati', 108, '0000-00-00 00:00:00', 0),
(1904, 'Clarendon', 108, '0000-00-00 00:00:00', 0),
(1905, 'Hanover', 108, '0000-00-00 00:00:00', 0),
(1906, 'Kingston', 108, '0000-00-00 00:00:00', 0),
(1907, 'Manchester', 108, '0000-00-00 00:00:00', 0),
(1908, 'Portland', 108, '0000-00-00 00:00:00', 0),
(1909, 'Saint Andrews', 108, '0000-00-00 00:00:00', 0),
(1910, 'Saint Ann', 108, '0000-00-00 00:00:00', 0),
(1911, 'Saint Catherine', 108, '0000-00-00 00:00:00', 0),
(1912, 'Saint Elizabeth', 108, '0000-00-00 00:00:00', 0),
(1913, 'Saint James', 108, '0000-00-00 00:00:00', 0),
(1914, 'Saint Mary', 108, '0000-00-00 00:00:00', 0),
(1915, 'Saint Thomas', 108, '0000-00-00 00:00:00', 0),
(1916, 'Trelawney', 108, '0000-00-00 00:00:00', 0),
(1917, 'Westmoreland', 108, '0000-00-00 00:00:00', 0),
(1918, 'Aichi', 109, '0000-00-00 00:00:00', 0),
(1919, 'Akita', 109, '0000-00-00 00:00:00', 0),
(1920, 'Aomori', 109, '0000-00-00 00:00:00', 0),
(1921, 'Chiba', 109, '0000-00-00 00:00:00', 0),
(1922, 'Ehime', 109, '0000-00-00 00:00:00', 0),
(1923, 'Fukui', 109, '0000-00-00 00:00:00', 0),
(1924, 'Fukuoka', 109, '0000-00-00 00:00:00', 0),
(1925, 'Fukushima', 109, '0000-00-00 00:00:00', 0),
(1926, 'Gifu', 109, '0000-00-00 00:00:00', 0),
(1927, 'Gumma', 109, '0000-00-00 00:00:00', 0),
(1928, 'Hiroshima', 109, '0000-00-00 00:00:00', 0),
(1929, 'Hokkaido', 109, '0000-00-00 00:00:00', 0),
(1930, 'Hyogo', 109, '0000-00-00 00:00:00', 0),
(1931, 'Ibaraki', 109, '0000-00-00 00:00:00', 0),
(1932, 'Ishikawa', 109, '0000-00-00 00:00:00', 0),
(1933, 'Iwate', 109, '0000-00-00 00:00:00', 0),
(1934, 'Kagawa', 109, '0000-00-00 00:00:00', 0),
(1935, 'Kagoshima', 109, '0000-00-00 00:00:00', 0),
(1936, 'Kanagawa', 109, '0000-00-00 00:00:00', 0),
(1937, 'Kanto', 109, '0000-00-00 00:00:00', 0),
(1938, 'Kochi', 109, '0000-00-00 00:00:00', 0),
(1939, 'Kumamoto', 109, '0000-00-00 00:00:00', 0),
(1940, 'Kyoto', 109, '0000-00-00 00:00:00', 0),
(1941, 'Mie', 109, '0000-00-00 00:00:00', 0),
(1942, 'Miyagi', 109, '0000-00-00 00:00:00', 0),
(1943, 'Miyazaki', 109, '0000-00-00 00:00:00', 0),
(1944, 'Nagano', 109, '0000-00-00 00:00:00', 0),
(1945, 'Nagasaki', 109, '0000-00-00 00:00:00', 0),
(1946, 'Nara', 109, '0000-00-00 00:00:00', 0),
(1947, 'Niigata', 109, '0000-00-00 00:00:00', 0),
(1948, 'Oita', 109, '0000-00-00 00:00:00', 0),
(1949, 'Okayama', 109, '0000-00-00 00:00:00', 0),
(1950, 'Okinawa', 109, '0000-00-00 00:00:00', 0),
(1951, 'Osaka', 109, '0000-00-00 00:00:00', 0),
(1952, 'Saga', 109, '0000-00-00 00:00:00', 0),
(1953, 'Saitama', 109, '0000-00-00 00:00:00', 0),
(1954, 'Shiga', 109, '0000-00-00 00:00:00', 0),
(1955, 'Shimane', 109, '0000-00-00 00:00:00', 0),
(1956, 'Shizuoka', 109, '0000-00-00 00:00:00', 0),
(1957, 'Tochigi', 109, '0000-00-00 00:00:00', 0),
(1958, 'Tokushima', 109, '0000-00-00 00:00:00', 0),
(1959, 'Tokyo', 109, '0000-00-00 00:00:00', 0),
(1960, 'Tottori', 109, '0000-00-00 00:00:00', 0),
(1961, 'Toyama', 109, '0000-00-00 00:00:00', 0),
(1962, 'Wakayama', 109, '0000-00-00 00:00:00', 0),
(1963, 'Yamagata', 109, '0000-00-00 00:00:00', 0),
(1964, 'Yamaguchi', 109, '0000-00-00 00:00:00', 0),
(1965, 'Yamanashi', 109, '0000-00-00 00:00:00', 0),
(1966, 'Grouville', 110, '0000-00-00 00:00:00', 0),
(1967, 'Saint Brelade', 110, '0000-00-00 00:00:00', 0),
(1968, 'Saint Clement', 110, '0000-00-00 00:00:00', 0),
(1969, 'Saint Helier', 110, '0000-00-00 00:00:00', 0),
(1970, 'Saint John', 110, '0000-00-00 00:00:00', 0),
(1971, 'Saint Lawrence', 110, '0000-00-00 00:00:00', 0),
(1972, 'Saint Martin', 110, '0000-00-00 00:00:00', 0),
(1973, 'Saint Mary', 110, '0000-00-00 00:00:00', 0),
(1974, 'Saint Peter', 110, '0000-00-00 00:00:00', 0),
(1975, 'Saint Saviour', 110, '0000-00-00 00:00:00', 0),
(1976, 'Trinity', 110, '0000-00-00 00:00:00', 0),
(1977, '''Ajlun', 111, '0000-00-00 00:00:00', 0),
(1978, 'Amman', 111, '0000-00-00 00:00:00', 0),
(1979, 'Irbid', 111, '0000-00-00 00:00:00', 0),
(1980, 'Jarash', 111, '0000-00-00 00:00:00', 0),
(1981, 'Ma''an', 111, '0000-00-00 00:00:00', 0),
(1982, 'Madaba', 111, '0000-00-00 00:00:00', 0),
(1983, 'al-''Aqabah', 111, '0000-00-00 00:00:00', 0),
(1984, 'al-Balqa''', 111, '0000-00-00 00:00:00', 0),
(1985, 'al-Karak', 111, '0000-00-00 00:00:00', 0),
(1986, 'al-Mafraq', 111, '0000-00-00 00:00:00', 0),
(1987, 'at-Tafilah', 111, '0000-00-00 00:00:00', 0),
(1988, 'az-Zarqa''', 111, '0000-00-00 00:00:00', 0),
(1989, 'Akmecet', 112, '0000-00-00 00:00:00', 0),
(1990, 'Akmola', 112, '0000-00-00 00:00:00', 0),
(1991, 'Aktobe', 112, '0000-00-00 00:00:00', 0),
(1992, 'Almati', 112, '0000-00-00 00:00:00', 0),
(1993, 'Atirau', 112, '0000-00-00 00:00:00', 0),
(1994, 'Batis Kazakstan', 112, '0000-00-00 00:00:00', 0),
(1995, 'Burlinsky Region', 112, '0000-00-00 00:00:00', 0),
(1996, 'Karagandi', 112, '0000-00-00 00:00:00', 0),
(1997, 'Kostanay', 112, '0000-00-00 00:00:00', 0),
(1998, 'Mankistau', 112, '0000-00-00 00:00:00', 0),
(1999, 'Ontustik Kazakstan', 112, '0000-00-00 00:00:00', 0),
(2000, 'Pavlodar', 112, '0000-00-00 00:00:00', 0),
(2001, 'Sigis Kazakstan', 112, '0000-00-00 00:00:00', 0),
(2002, 'Soltustik Kazakstan', 112, '0000-00-00 00:00:00', 0),
(2003, 'Taraz', 112, '0000-00-00 00:00:00', 0),
(2004, 'Central', 113, '0000-00-00 00:00:00', 0),
(2005, 'Coast', 113, '0000-00-00 00:00:00', 0),
(2006, 'Eastern', 113, '0000-00-00 00:00:00', 0),
(2007, 'Nairobi', 113, '0000-00-00 00:00:00', 0),
(2008, 'North Eastern', 113, '0000-00-00 00:00:00', 0),
(2009, 'Nyanza', 113, '0000-00-00 00:00:00', 0),
(2010, 'Rift Valley', 113, '0000-00-00 00:00:00', 0),
(2011, 'Western', 113, '0000-00-00 00:00:00', 0),
(2012, 'Abaiang', 114, '0000-00-00 00:00:00', 0),
(2013, 'Abemana', 114, '0000-00-00 00:00:00', 0),
(2014, 'Aranuka', 114, '0000-00-00 00:00:00', 0),
(2015, 'Arorae', 114, '0000-00-00 00:00:00', 0),
(2016, 'Banaba', 114, '0000-00-00 00:00:00', 0),
(2017, 'Beru', 114, '0000-00-00 00:00:00', 0),
(2018, 'Butaritari', 114, '0000-00-00 00:00:00', 0),
(2019, 'Kiritimati', 114, '0000-00-00 00:00:00', 0),
(2020, 'Kuria', 114, '0000-00-00 00:00:00', 0),
(2021, 'Maiana', 114, '0000-00-00 00:00:00', 0),
(2022, 'Makin', 114, '0000-00-00 00:00:00', 0),
(2023, 'Marakei', 114, '0000-00-00 00:00:00', 0),
(2024, 'Nikunau', 114, '0000-00-00 00:00:00', 0),
(2025, 'Nonouti', 114, '0000-00-00 00:00:00', 0),
(2026, 'Onotoa', 114, '0000-00-00 00:00:00', 0),
(2027, 'Phoenix Islands', 114, '0000-00-00 00:00:00', 0),
(2028, 'Tabiteuea North', 114, '0000-00-00 00:00:00', 0),
(2029, 'Tabiteuea South', 114, '0000-00-00 00:00:00', 0),
(2030, 'Tabuaeran', 114, '0000-00-00 00:00:00', 0),
(2031, 'Tamana', 114, '0000-00-00 00:00:00', 0),
(2032, 'Tarawa North', 114, '0000-00-00 00:00:00', 0),
(2033, 'Tarawa South', 114, '0000-00-00 00:00:00', 0),
(2034, 'Teraina', 114, '0000-00-00 00:00:00', 0),
(2035, 'Chagangdo', 115, '0000-00-00 00:00:00', 0),
(2036, 'Hamgyeongbukto', 115, '0000-00-00 00:00:00', 0),
(2037, 'Hamgyeongnamdo', 115, '0000-00-00 00:00:00', 0),
(2038, 'Hwanghaebukto', 115, '0000-00-00 00:00:00', 0),
(2039, 'Hwanghaenamdo', 115, '0000-00-00 00:00:00', 0),
(2040, 'Kaeseong', 115, '0000-00-00 00:00:00', 0),
(2041, 'Kangweon', 115, '0000-00-00 00:00:00', 0),
(2042, 'Nampo', 115, '0000-00-00 00:00:00', 0),
(2043, 'Pyeonganbukto', 115, '0000-00-00 00:00:00', 0),
(2044, 'Pyeongannamdo', 115, '0000-00-00 00:00:00', 0),
(2045, 'Pyeongyang', 115, '0000-00-00 00:00:00', 0),
(2046, 'Yanggang', 115, '0000-00-00 00:00:00', 0),
(2047, 'Busan', 116, '0000-00-00 00:00:00', 0),
(2048, 'Cheju', 116, '0000-00-00 00:00:00', 0),
(2049, 'Chollabuk', 116, '0000-00-00 00:00:00', 0),
(2050, 'Chollanam', 116, '0000-00-00 00:00:00', 0),
(2051, 'Chungbuk', 116, '0000-00-00 00:00:00', 0);
INSERT INTO `states` (`id`, `state_name`, `country_id`, `created_at`, `is_deleted`) VALUES
(2052, 'Chungcheongbuk', 116, '0000-00-00 00:00:00', 0),
(2053, 'Chungcheongnam', 116, '0000-00-00 00:00:00', 0),
(2054, 'Chungnam', 116, '0000-00-00 00:00:00', 0),
(2055, 'Daegu', 116, '0000-00-00 00:00:00', 0),
(2056, 'Gangwon-do', 116, '0000-00-00 00:00:00', 0),
(2057, 'Goyang-si', 116, '0000-00-00 00:00:00', 0),
(2058, 'Gyeonggi-do', 116, '0000-00-00 00:00:00', 0),
(2059, 'Gyeongsang ', 116, '0000-00-00 00:00:00', 0),
(2060, 'Gyeongsangnam-do', 116, '0000-00-00 00:00:00', 0),
(2061, 'Incheon', 116, '0000-00-00 00:00:00', 0),
(2062, 'Jeju-Si', 116, '0000-00-00 00:00:00', 0),
(2063, 'Jeonbuk', 116, '0000-00-00 00:00:00', 0),
(2064, 'Kangweon', 116, '0000-00-00 00:00:00', 0),
(2065, 'Kwangju', 116, '0000-00-00 00:00:00', 0),
(2066, 'Kyeonggi', 116, '0000-00-00 00:00:00', 0),
(2067, 'Kyeongsangbuk', 116, '0000-00-00 00:00:00', 0),
(2068, 'Kyeongsangnam', 116, '0000-00-00 00:00:00', 0),
(2069, 'Kyonggi-do', 116, '0000-00-00 00:00:00', 0),
(2070, 'Kyungbuk-Do', 116, '0000-00-00 00:00:00', 0),
(2071, 'Kyunggi-Do', 116, '0000-00-00 00:00:00', 0),
(2072, 'Kyunggi-do', 116, '0000-00-00 00:00:00', 0),
(2073, 'Pusan', 116, '0000-00-00 00:00:00', 0),
(2074, 'Seoul', 116, '0000-00-00 00:00:00', 0),
(2075, 'Sudogwon', 116, '0000-00-00 00:00:00', 0),
(2076, 'Taegu', 116, '0000-00-00 00:00:00', 0),
(2077, 'Taejeon', 116, '0000-00-00 00:00:00', 0),
(2078, 'Taejon-gwangyoksi', 116, '0000-00-00 00:00:00', 0),
(2079, 'Ulsan', 116, '0000-00-00 00:00:00', 0),
(2080, 'Wonju', 116, '0000-00-00 00:00:00', 0),
(2081, 'gwangyoksi', 116, '0000-00-00 00:00:00', 0),
(2082, 'Al Asimah', 117, '0000-00-00 00:00:00', 0),
(2083, 'Hawalli', 117, '0000-00-00 00:00:00', 0),
(2084, 'Mishref', 117, '0000-00-00 00:00:00', 0),
(2085, 'Qadesiya', 117, '0000-00-00 00:00:00', 0),
(2086, 'Safat', 117, '0000-00-00 00:00:00', 0),
(2087, 'Salmiya', 117, '0000-00-00 00:00:00', 0),
(2088, 'al-Ahmadi', 117, '0000-00-00 00:00:00', 0),
(2089, 'al-Farwaniyah', 117, '0000-00-00 00:00:00', 0),
(2090, 'al-Jahra', 117, '0000-00-00 00:00:00', 0),
(2091, 'al-Kuwayt', 117, '0000-00-00 00:00:00', 0),
(2092, 'Batken', 118, '0000-00-00 00:00:00', 0),
(2093, 'Bishkek', 118, '0000-00-00 00:00:00', 0),
(2094, 'Chui', 118, '0000-00-00 00:00:00', 0),
(2095, 'Issyk-Kul', 118, '0000-00-00 00:00:00', 0),
(2096, 'Jalal-Abad', 118, '0000-00-00 00:00:00', 0),
(2097, 'Naryn', 118, '0000-00-00 00:00:00', 0),
(2098, 'Osh', 118, '0000-00-00 00:00:00', 0),
(2099, 'Talas', 118, '0000-00-00 00:00:00', 0),
(2100, 'Attopu', 119, '0000-00-00 00:00:00', 0),
(2101, 'Bokeo', 119, '0000-00-00 00:00:00', 0),
(2102, 'Bolikhamsay', 119, '0000-00-00 00:00:00', 0),
(2103, 'Champasak', 119, '0000-00-00 00:00:00', 0),
(2104, 'Houaphanh', 119, '0000-00-00 00:00:00', 0),
(2105, 'Khammouane', 119, '0000-00-00 00:00:00', 0),
(2106, 'Luang Nam Tha', 119, '0000-00-00 00:00:00', 0),
(2107, 'Luang Prabang', 119, '0000-00-00 00:00:00', 0),
(2108, 'Oudomxay', 119, '0000-00-00 00:00:00', 0),
(2109, 'Phongsaly', 119, '0000-00-00 00:00:00', 0),
(2110, 'Saravan', 119, '0000-00-00 00:00:00', 0),
(2111, 'Savannakhet', 119, '0000-00-00 00:00:00', 0),
(2112, 'Sekong', 119, '0000-00-00 00:00:00', 0),
(2113, 'Viangchan Prefecture', 119, '0000-00-00 00:00:00', 0),
(2114, 'Viangchan Province', 119, '0000-00-00 00:00:00', 0),
(2115, 'Xaignabury', 119, '0000-00-00 00:00:00', 0),
(2116, 'Xiang Khuang', 119, '0000-00-00 00:00:00', 0),
(2117, 'Aizkraukles', 120, '0000-00-00 00:00:00', 0),
(2118, 'Aluksnes', 120, '0000-00-00 00:00:00', 0),
(2119, 'Balvu', 120, '0000-00-00 00:00:00', 0),
(2120, 'Bauskas', 120, '0000-00-00 00:00:00', 0),
(2121, 'Cesu', 120, '0000-00-00 00:00:00', 0),
(2122, 'Daugavpils', 120, '0000-00-00 00:00:00', 0),
(2123, 'Daugavpils City', 120, '0000-00-00 00:00:00', 0),
(2124, 'Dobeles', 120, '0000-00-00 00:00:00', 0),
(2125, 'Gulbenes', 120, '0000-00-00 00:00:00', 0),
(2126, 'Jekabspils', 120, '0000-00-00 00:00:00', 0),
(2127, 'Jelgava', 120, '0000-00-00 00:00:00', 0),
(2128, 'Jelgavas', 120, '0000-00-00 00:00:00', 0),
(2129, 'Jurmala City', 120, '0000-00-00 00:00:00', 0),
(2130, 'Kraslavas', 120, '0000-00-00 00:00:00', 0),
(2131, 'Kuldigas', 120, '0000-00-00 00:00:00', 0),
(2132, 'Liepaja', 120, '0000-00-00 00:00:00', 0),
(2133, 'Liepajas', 120, '0000-00-00 00:00:00', 0),
(2134, 'Limbazhu', 120, '0000-00-00 00:00:00', 0),
(2135, 'Ludzas', 120, '0000-00-00 00:00:00', 0),
(2136, 'Madonas', 120, '0000-00-00 00:00:00', 0),
(2137, 'Ogres', 120, '0000-00-00 00:00:00', 0),
(2138, 'Preilu', 120, '0000-00-00 00:00:00', 0),
(2139, 'Rezekne', 120, '0000-00-00 00:00:00', 0),
(2140, 'Rezeknes', 120, '0000-00-00 00:00:00', 0),
(2141, 'Riga', 120, '0000-00-00 00:00:00', 0),
(2142, 'Rigas', 120, '0000-00-00 00:00:00', 0),
(2143, 'Saldus', 120, '0000-00-00 00:00:00', 0),
(2144, 'Talsu', 120, '0000-00-00 00:00:00', 0),
(2145, 'Tukuma', 120, '0000-00-00 00:00:00', 0),
(2146, 'Valkas', 120, '0000-00-00 00:00:00', 0),
(2147, 'Valmieras', 120, '0000-00-00 00:00:00', 0),
(2148, 'Ventspils', 120, '0000-00-00 00:00:00', 0),
(2149, 'Ventspils City', 120, '0000-00-00 00:00:00', 0),
(2150, 'Beirut', 121, '0000-00-00 00:00:00', 0),
(2151, 'Jabal Lubnan', 121, '0000-00-00 00:00:00', 0),
(2152, 'Mohafazat Liban-Nord', 121, '0000-00-00 00:00:00', 0),
(2153, 'Mohafazat Mont-Liban', 121, '0000-00-00 00:00:00', 0),
(2154, 'Sidon', 121, '0000-00-00 00:00:00', 0),
(2155, 'al-Biqa', 121, '0000-00-00 00:00:00', 0),
(2156, 'al-Janub', 121, '0000-00-00 00:00:00', 0),
(2157, 'an-Nabatiyah', 121, '0000-00-00 00:00:00', 0),
(2158, 'ash-Shamal', 121, '0000-00-00 00:00:00', 0),
(2159, 'Berea', 122, '0000-00-00 00:00:00', 0),
(2160, 'Butha-Buthe', 122, '0000-00-00 00:00:00', 0),
(2161, 'Leribe', 122, '0000-00-00 00:00:00', 0),
(2162, 'Mafeteng', 122, '0000-00-00 00:00:00', 0),
(2163, 'Maseru', 122, '0000-00-00 00:00:00', 0),
(2164, 'Mohale''s Hoek', 122, '0000-00-00 00:00:00', 0),
(2165, 'Mokhotlong', 122, '0000-00-00 00:00:00', 0),
(2166, 'Qacha''s Nek', 122, '0000-00-00 00:00:00', 0),
(2167, 'Quthing', 122, '0000-00-00 00:00:00', 0),
(2168, 'Thaba-Tseka', 122, '0000-00-00 00:00:00', 0),
(2169, 'Bomi', 123, '0000-00-00 00:00:00', 0),
(2170, 'Bong', 123, '0000-00-00 00:00:00', 0),
(2171, 'Grand Bassa', 123, '0000-00-00 00:00:00', 0),
(2172, 'Grand Cape Mount', 123, '0000-00-00 00:00:00', 0),
(2173, 'Grand Gedeh', 123, '0000-00-00 00:00:00', 0),
(2174, 'Loffa', 123, '0000-00-00 00:00:00', 0),
(2175, 'Margibi', 123, '0000-00-00 00:00:00', 0),
(2176, 'Maryland and Grand Kru', 123, '0000-00-00 00:00:00', 0),
(2177, 'Montserrado', 123, '0000-00-00 00:00:00', 0),
(2178, 'Nimba', 123, '0000-00-00 00:00:00', 0),
(2179, 'Rivercess', 123, '0000-00-00 00:00:00', 0),
(2180, 'Sinoe', 123, '0000-00-00 00:00:00', 0),
(2181, 'Ajdabiya', 124, '0000-00-00 00:00:00', 0),
(2182, 'Baldiyah', 123, '0000-00-00 00:00:00', 0),
(2183, 'Banghazi', 124, '0000-00-00 00:00:00', 0),
(2184, 'Darnah', 124, '0000-00-00 00:00:00', 0),
(2185, 'Ghadamis', 124, '0000-00-00 00:00:00', 0),
(2186, 'Gharyan', 124, '0000-00-00 00:00:00', 0),
(2187, 'Misratah', 124, '0000-00-00 00:00:00', 0),
(2188, 'Murzuq', 124, '0000-00-00 00:00:00', 0),
(2189, 'Sabha', 124, '0000-00-00 00:00:00', 0),
(2190, 'Sawfajjin', 124, '0000-00-00 00:00:00', 0),
(2191, 'Surt', 124, '0000-00-00 00:00:00', 0),
(2192, 'Tarabulus', 124, '0000-00-00 00:00:00', 0),
(2193, 'Tarhunah', 124, '0000-00-00 00:00:00', 0),
(2194, 'Tripolitania', 124, '0000-00-00 00:00:00', 0),
(2195, 'Tubruq', 124, '0000-00-00 00:00:00', 0),
(2196, 'Yafran', 124, '0000-00-00 00:00:00', 0),
(2197, 'Zlitan', 124, '0000-00-00 00:00:00', 0),
(2198, 'al-''Aziziyah', 124, '0000-00-00 00:00:00', 0),
(2199, 'al-Fatih', 124, '0000-00-00 00:00:00', 0),
(2200, 'al-Jabal al Akhdar', 124, '0000-00-00 00:00:00', 0),
(2201, 'al-Jufrah', 124, '0000-00-00 00:00:00', 0),
(2202, 'al-Khums', 124, '0000-00-00 00:00:00', 0),
(2203, 'al-Kufrah', 124, '0000-00-00 00:00:00', 0),
(2204, 'an-Nuqat al-Khams', 124, '0000-00-00 00:00:00', 0),
(2205, 'ash-Shati''', 124, '0000-00-00 00:00:00', 0),
(2206, 'az-Zawiyah', 124, '0000-00-00 00:00:00', 0),
(2207, 'Balzers', 125, '0000-00-00 00:00:00', 0),
(2208, 'Eschen', 125, '0000-00-00 00:00:00', 0),
(2209, 'Gamprin', 125, '0000-00-00 00:00:00', 0),
(2210, 'Mauren', 125, '0000-00-00 00:00:00', 0),
(2211, 'Planken', 125, '0000-00-00 00:00:00', 0),
(2212, 'Ruggell', 125, '0000-00-00 00:00:00', 0),
(2213, 'Schaan', 125, '0000-00-00 00:00:00', 0),
(2214, 'Schellenberg', 125, '0000-00-00 00:00:00', 0),
(2215, 'Triesen', 125, '0000-00-00 00:00:00', 0),
(2216, 'Triesenberg', 125, '0000-00-00 00:00:00', 0),
(2217, 'Vaduz', 125, '0000-00-00 00:00:00', 0),
(2218, 'Alytaus', 126, '0000-00-00 00:00:00', 0),
(2219, 'Anyksciai', 126, '0000-00-00 00:00:00', 0),
(2220, 'Kauno', 126, '0000-00-00 00:00:00', 0),
(2221, 'Klaipedos', 126, '0000-00-00 00:00:00', 0),
(2222, 'Marijampoles', 126, '0000-00-00 00:00:00', 0),
(2223, 'Panevezhio', 126, '0000-00-00 00:00:00', 0),
(2224, 'Panevezys', 126, '0000-00-00 00:00:00', 0),
(2225, 'Shiauliu', 126, '0000-00-00 00:00:00', 0),
(2226, 'Taurages', 126, '0000-00-00 00:00:00', 0),
(2227, 'Telshiu', 126, '0000-00-00 00:00:00', 0),
(2228, 'Telsiai', 126, '0000-00-00 00:00:00', 0),
(2229, 'Utenos', 126, '0000-00-00 00:00:00', 0),
(2230, 'Vilniaus', 126, '0000-00-00 00:00:00', 0),
(2231, 'Capellen', 127, '0000-00-00 00:00:00', 0),
(2232, 'Clervaux', 127, '0000-00-00 00:00:00', 0),
(2233, 'Diekirch', 127, '0000-00-00 00:00:00', 0),
(2234, 'Echternach', 127, '0000-00-00 00:00:00', 0),
(2235, 'Esch-sur-Alzette', 127, '0000-00-00 00:00:00', 0),
(2236, 'Grevenmacher', 127, '0000-00-00 00:00:00', 0),
(2237, 'Luxembourg', 127, '0000-00-00 00:00:00', 0),
(2238, 'Mersch', 127, '0000-00-00 00:00:00', 0),
(2239, 'Redange', 127, '0000-00-00 00:00:00', 0),
(2240, 'Remich', 127, '0000-00-00 00:00:00', 0),
(2241, 'Vianden', 127, '0000-00-00 00:00:00', 0),
(2242, 'Wiltz', 127, '0000-00-00 00:00:00', 0),
(2243, 'Macau', 128, '0000-00-00 00:00:00', 0),
(2244, 'Berovo', 129, '0000-00-00 00:00:00', 0),
(2245, 'Bitola', 129, '0000-00-00 00:00:00', 0),
(2246, 'Brod', 129, '0000-00-00 00:00:00', 0),
(2247, 'Debar', 129, '0000-00-00 00:00:00', 0),
(2248, 'Delchevo', 129, '0000-00-00 00:00:00', 0),
(2249, 'Demir Hisar', 129, '0000-00-00 00:00:00', 0),
(2250, 'Gevgelija', 129, '0000-00-00 00:00:00', 0),
(2251, 'Gostivar', 129, '0000-00-00 00:00:00', 0),
(2252, 'Kavadarci', 129, '0000-00-00 00:00:00', 0),
(2253, 'Kichevo', 129, '0000-00-00 00:00:00', 0),
(2254, 'Kochani', 129, '0000-00-00 00:00:00', 0),
(2255, 'Kratovo', 129, '0000-00-00 00:00:00', 0),
(2256, 'Kriva Palanka', 129, '0000-00-00 00:00:00', 0),
(2257, 'Krushevo', 129, '0000-00-00 00:00:00', 0),
(2258, 'Kumanovo', 129, '0000-00-00 00:00:00', 0),
(2259, 'Negotino', 129, '0000-00-00 00:00:00', 0),
(2260, 'Ohrid', 129, '0000-00-00 00:00:00', 0),
(2261, 'Prilep', 129, '0000-00-00 00:00:00', 0),
(2262, 'Probishtip', 129, '0000-00-00 00:00:00', 0),
(2263, 'Radovish', 129, '0000-00-00 00:00:00', 0),
(2264, 'Resen', 129, '0000-00-00 00:00:00', 0),
(2265, 'Shtip', 129, '0000-00-00 00:00:00', 0),
(2266, 'Skopje', 129, '0000-00-00 00:00:00', 0),
(2267, 'Struga', 129, '0000-00-00 00:00:00', 0),
(2268, 'Strumica', 129, '0000-00-00 00:00:00', 0),
(2269, 'Sveti Nikole', 129, '0000-00-00 00:00:00', 0),
(2270, 'Tetovo', 129, '0000-00-00 00:00:00', 0),
(2271, 'Valandovo', 129, '0000-00-00 00:00:00', 0),
(2272, 'Veles', 129, '0000-00-00 00:00:00', 0),
(2273, 'Vinica', 129, '0000-00-00 00:00:00', 0),
(2274, 'Antananarivo', 130, '0000-00-00 00:00:00', 0),
(2275, 'Antsiranana', 130, '0000-00-00 00:00:00', 0),
(2276, 'Fianarantsoa', 130, '0000-00-00 00:00:00', 0),
(2277, 'Mahajanga', 130, '0000-00-00 00:00:00', 0),
(2278, 'Toamasina', 130, '0000-00-00 00:00:00', 0),
(2279, 'Toliary', 130, '0000-00-00 00:00:00', 0),
(2280, 'Balaka', 131, '0000-00-00 00:00:00', 0),
(2281, 'Blantyre City', 131, '0000-00-00 00:00:00', 0),
(2282, 'Chikwawa', 131, '0000-00-00 00:00:00', 0),
(2283, 'Chiradzulu', 131, '0000-00-00 00:00:00', 0),
(2284, 'Chitipa', 131, '0000-00-00 00:00:00', 0),
(2285, 'Dedza', 131, '0000-00-00 00:00:00', 0),
(2286, 'Dowa', 131, '0000-00-00 00:00:00', 0),
(2287, 'Karonga', 131, '0000-00-00 00:00:00', 0),
(2288, 'Kasungu', 131, '0000-00-00 00:00:00', 0),
(2289, 'Lilongwe City', 131, '0000-00-00 00:00:00', 0),
(2290, 'Machinga', 131, '0000-00-00 00:00:00', 0),
(2291, 'Mangochi', 131, '0000-00-00 00:00:00', 0),
(2292, 'Mchinji', 131, '0000-00-00 00:00:00', 0),
(2293, 'Mulanje', 131, '0000-00-00 00:00:00', 0),
(2294, 'Mwanza', 131, '0000-00-00 00:00:00', 0),
(2295, 'Mzimba', 131, '0000-00-00 00:00:00', 0),
(2296, 'Mzuzu City', 131, '0000-00-00 00:00:00', 0),
(2297, 'Nkhata Bay', 131, '0000-00-00 00:00:00', 0),
(2298, 'Nkhotakota', 131, '0000-00-00 00:00:00', 0),
(2299, 'Nsanje', 131, '0000-00-00 00:00:00', 0),
(2300, 'Ntcheu', 131, '0000-00-00 00:00:00', 0),
(2301, 'Ntchisi', 131, '0000-00-00 00:00:00', 0),
(2302, 'Phalombe', 131, '0000-00-00 00:00:00', 0),
(2303, 'Rumphi', 131, '0000-00-00 00:00:00', 0),
(2304, 'Salima', 131, '0000-00-00 00:00:00', 0),
(2305, 'Thyolo', 131, '0000-00-00 00:00:00', 0),
(2306, 'Zomba Municipality', 131, '0000-00-00 00:00:00', 0),
(2307, 'Johor', 132, '0000-00-00 00:00:00', 0),
(2308, 'Kedah', 132, '0000-00-00 00:00:00', 0),
(2309, 'Kelantan', 132, '0000-00-00 00:00:00', 0),
(2310, 'Kuala Lumpur', 132, '0000-00-00 00:00:00', 0),
(2311, 'Labuan', 132, '0000-00-00 00:00:00', 0),
(2312, 'Melaka', 132, '0000-00-00 00:00:00', 0),
(2313, 'Negeri Johor', 132, '0000-00-00 00:00:00', 0),
(2314, 'Negeri Sembilan', 132, '0000-00-00 00:00:00', 0),
(2315, 'Pahang', 132, '0000-00-00 00:00:00', 0),
(2316, 'Penang', 132, '0000-00-00 00:00:00', 0),
(2317, 'Perak', 132, '0000-00-00 00:00:00', 0),
(2318, 'Perlis', 132, '0000-00-00 00:00:00', 0),
(2319, 'Pulau Pinang', 132, '0000-00-00 00:00:00', 0),
(2320, 'Sabah', 132, '0000-00-00 00:00:00', 0),
(2321, 'Sarawak', 132, '0000-00-00 00:00:00', 0),
(2322, 'Selangor', 132, '0000-00-00 00:00:00', 0),
(2323, 'Sembilan', 132, '0000-00-00 00:00:00', 0),
(2324, 'Terengganu', 132, '0000-00-00 00:00:00', 0),
(2325, 'Alif Alif', 133, '0000-00-00 00:00:00', 0),
(2326, 'Alif Dhaal', 133, '0000-00-00 00:00:00', 0),
(2327, 'Baa', 133, '0000-00-00 00:00:00', 0),
(2328, 'Dhaal', 133, '0000-00-00 00:00:00', 0),
(2329, 'Faaf', 133, '0000-00-00 00:00:00', 0),
(2330, 'Gaaf Alif', 133, '0000-00-00 00:00:00', 0),
(2331, 'Gaaf Dhaal', 133, '0000-00-00 00:00:00', 0),
(2332, 'Ghaviyani', 133, '0000-00-00 00:00:00', 0),
(2333, 'Haa Alif', 133, '0000-00-00 00:00:00', 0),
(2334, 'Haa Dhaal', 133, '0000-00-00 00:00:00', 0),
(2335, 'Kaaf', 133, '0000-00-00 00:00:00', 0),
(2336, 'Laam', 133, '0000-00-00 00:00:00', 0),
(2337, 'Lhaviyani', 133, '0000-00-00 00:00:00', 0),
(2338, 'Male', 133, '0000-00-00 00:00:00', 0),
(2339, 'Miim', 133, '0000-00-00 00:00:00', 0),
(2340, 'Nuun', 133, '0000-00-00 00:00:00', 0),
(2341, 'Raa', 133, '0000-00-00 00:00:00', 0),
(2342, 'Shaviyani', 133, '0000-00-00 00:00:00', 0),
(2343, 'Siin', 133, '0000-00-00 00:00:00', 0),
(2344, 'Thaa', 133, '0000-00-00 00:00:00', 0),
(2345, 'Vaav', 133, '0000-00-00 00:00:00', 0),
(2346, 'Bamako', 134, '0000-00-00 00:00:00', 0),
(2347, 'Gao', 134, '0000-00-00 00:00:00', 0),
(2348, 'Kayes', 134, '0000-00-00 00:00:00', 0),
(2349, 'Kidal', 134, '0000-00-00 00:00:00', 0),
(2350, 'Koulikoro', 134, '0000-00-00 00:00:00', 0),
(2351, 'Mopti', 134, '0000-00-00 00:00:00', 0),
(2352, 'Segou', 134, '0000-00-00 00:00:00', 0),
(2353, 'Sikasso', 134, '0000-00-00 00:00:00', 0),
(2354, 'Tombouctou', 134, '0000-00-00 00:00:00', 0),
(2355, 'Gozo and Comino', 135, '0000-00-00 00:00:00', 0),
(2356, 'Inner Harbour', 135, '0000-00-00 00:00:00', 0),
(2357, 'Northern', 135, '0000-00-00 00:00:00', 0),
(2358, 'Outer Harbour', 135, '0000-00-00 00:00:00', 0),
(2359, 'South Eastern', 135, '0000-00-00 00:00:00', 0),
(2360, 'Valletta', 135, '0000-00-00 00:00:00', 0),
(2361, 'Western', 135, '0000-00-00 00:00:00', 0),
(2362, 'Castletown', 136, '0000-00-00 00:00:00', 0),
(2363, 'Douglas', 136, '0000-00-00 00:00:00', 0),
(2364, 'Laxey', 136, '0000-00-00 00:00:00', 0),
(2365, 'Onchan', 136, '0000-00-00 00:00:00', 0),
(2366, 'Peel', 136, '0000-00-00 00:00:00', 0),
(2367, 'Port Erin', 136, '0000-00-00 00:00:00', 0),
(2368, 'Port Saint Mary', 136, '0000-00-00 00:00:00', 0),
(2369, 'Ramsey', 136, '0000-00-00 00:00:00', 0),
(2370, 'Ailinlaplap', 137, '0000-00-00 00:00:00', 0),
(2371, 'Ailuk', 137, '0000-00-00 00:00:00', 0),
(2372, 'Arno', 137, '0000-00-00 00:00:00', 0),
(2373, 'Aur', 137, '0000-00-00 00:00:00', 0),
(2374, 'Bikini', 137, '0000-00-00 00:00:00', 0),
(2375, 'Ebon', 137, '0000-00-00 00:00:00', 0),
(2376, 'Enewetak', 137, '0000-00-00 00:00:00', 0),
(2377, 'Jabat', 137, '0000-00-00 00:00:00', 0),
(2378, 'Jaluit', 137, '0000-00-00 00:00:00', 0),
(2379, 'Kili', 137, '0000-00-00 00:00:00', 0),
(2380, 'Kwajalein', 137, '0000-00-00 00:00:00', 0),
(2381, 'Lae', 137, '0000-00-00 00:00:00', 0),
(2382, 'Lib', 137, '0000-00-00 00:00:00', 0),
(2383, 'Likiep', 137, '0000-00-00 00:00:00', 0),
(2384, 'Majuro', 137, '0000-00-00 00:00:00', 0),
(2385, 'Maloelap', 137, '0000-00-00 00:00:00', 0),
(2386, 'Mejit', 137, '0000-00-00 00:00:00', 0),
(2387, 'Mili', 137, '0000-00-00 00:00:00', 0),
(2388, 'Namorik', 137, '0000-00-00 00:00:00', 0),
(2389, 'Namu', 137, '0000-00-00 00:00:00', 0),
(2390, 'Rongelap', 137, '0000-00-00 00:00:00', 0),
(2391, 'Ujae', 137, '0000-00-00 00:00:00', 0),
(2392, 'Utrik', 137, '0000-00-00 00:00:00', 0),
(2393, 'Wotho', 137, '0000-00-00 00:00:00', 0),
(2394, 'Wotje', 137, '0000-00-00 00:00:00', 0),
(2395, 'Fort-de-France', 138, '0000-00-00 00:00:00', 0),
(2396, 'La Trinite', 138, '0000-00-00 00:00:00', 0),
(2397, 'Le Marin', 138, '0000-00-00 00:00:00', 0),
(2398, 'Saint-Pierre', 138, '0000-00-00 00:00:00', 0),
(2399, 'Adrar', 139, '0000-00-00 00:00:00', 0),
(2400, 'Assaba', 139, '0000-00-00 00:00:00', 0),
(2401, 'Brakna', 139, '0000-00-00 00:00:00', 0),
(2402, 'Dhakhlat Nawadibu', 139, '0000-00-00 00:00:00', 0),
(2403, 'Hudh-al-Gharbi', 139, '0000-00-00 00:00:00', 0),
(2404, 'Hudh-ash-Sharqi', 139, '0000-00-00 00:00:00', 0),
(2405, 'Inshiri', 139, '0000-00-00 00:00:00', 0),
(2406, 'Nawakshut', 139, '0000-00-00 00:00:00', 0),
(2407, 'Qidimagha', 139, '0000-00-00 00:00:00', 0),
(2408, 'Qurqul', 139, '0000-00-00 00:00:00', 0),
(2409, 'Taqant', 139, '0000-00-00 00:00:00', 0),
(2410, 'Tiris Zammur', 139, '0000-00-00 00:00:00', 0),
(2411, 'Trarza', 139, '0000-00-00 00:00:00', 0),
(2412, 'Black River', 140, '0000-00-00 00:00:00', 0),
(2413, 'Eau Coulee', 140, '0000-00-00 00:00:00', 0),
(2414, 'Flacq', 140, '0000-00-00 00:00:00', 0),
(2415, 'Floreal', 140, '0000-00-00 00:00:00', 0),
(2416, 'Grand Port', 140, '0000-00-00 00:00:00', 0),
(2417, 'Moka', 140, '0000-00-00 00:00:00', 0),
(2418, 'Pamplempousses', 140, '0000-00-00 00:00:00', 0),
(2419, 'Plaines Wilhelm', 140, '0000-00-00 00:00:00', 0),
(2420, 'Port Louis', 140, '0000-00-00 00:00:00', 0),
(2421, 'Riviere du Rempart', 140, '0000-00-00 00:00:00', 0),
(2422, 'Rodrigues', 140, '0000-00-00 00:00:00', 0),
(2423, 'Rose Hill', 140, '0000-00-00 00:00:00', 0),
(2424, 'Savanne', 140, '0000-00-00 00:00:00', 0),
(2425, 'Mayotte', 141, '0000-00-00 00:00:00', 0),
(2426, 'Pamanzi', 141, '0000-00-00 00:00:00', 0),
(2427, 'Aguascalientes', 142, '0000-00-00 00:00:00', 0),
(2428, 'Baja California', 142, '0000-00-00 00:00:00', 0),
(2429, 'Baja California Sur', 142, '0000-00-00 00:00:00', 0),
(2430, 'Campeche', 142, '0000-00-00 00:00:00', 0),
(2431, 'Chiapas', 142, '0000-00-00 00:00:00', 0),
(2432, 'Chihuahua', 142, '0000-00-00 00:00:00', 0),
(2433, 'Coahuila', 142, '0000-00-00 00:00:00', 0),
(2434, 'Colima', 142, '0000-00-00 00:00:00', 0),
(2435, 'Distrito Federal', 142, '0000-00-00 00:00:00', 0),
(2436, 'Durango', 142, '0000-00-00 00:00:00', 0),
(2437, 'Estado de Mexico', 142, '0000-00-00 00:00:00', 0),
(2438, 'Guanajuato', 142, '0000-00-00 00:00:00', 0),
(2439, 'Guerrero', 142, '0000-00-00 00:00:00', 0),
(2440, 'Hidalgo', 142, '0000-00-00 00:00:00', 0),
(2441, 'Jalisco', 142, '0000-00-00 00:00:00', 0),
(2442, 'Mexico', 142, '0000-00-00 00:00:00', 0),
(2443, 'Michoacan', 142, '0000-00-00 00:00:00', 0),
(2444, 'Morelos', 142, '0000-00-00 00:00:00', 0),
(2445, 'Nayarit', 142, '0000-00-00 00:00:00', 0),
(2446, 'Nuevo Leon', 142, '0000-00-00 00:00:00', 0),
(2447, 'Oaxaca', 142, '0000-00-00 00:00:00', 0),
(2448, 'Puebla', 142, '0000-00-00 00:00:00', 0),
(2449, 'Queretaro', 142, '0000-00-00 00:00:00', 0),
(2450, 'Quintana Roo', 142, '0000-00-00 00:00:00', 0),
(2451, 'San Luis Potosi', 142, '0000-00-00 00:00:00', 0),
(2452, 'Sinaloa', 142, '0000-00-00 00:00:00', 0),
(2453, 'Sonora', 142, '0000-00-00 00:00:00', 0),
(2454, 'Tabasco', 142, '0000-00-00 00:00:00', 0),
(2455, 'Tamaulipas', 142, '0000-00-00 00:00:00', 0),
(2456, 'Tlaxcala', 142, '0000-00-00 00:00:00', 0),
(2457, 'Veracruz', 142, '0000-00-00 00:00:00', 0),
(2458, 'Yucatan', 142, '0000-00-00 00:00:00', 0),
(2459, 'Zacatecas', 142, '0000-00-00 00:00:00', 0),
(2460, 'Chuuk', 143, '0000-00-00 00:00:00', 0),
(2461, 'Kusaie', 143, '0000-00-00 00:00:00', 0),
(2462, 'Pohnpei', 143, '0000-00-00 00:00:00', 0),
(2463, 'Yap', 143, '0000-00-00 00:00:00', 0),
(2464, 'Balti', 144, '0000-00-00 00:00:00', 0),
(2465, 'Cahul', 144, '0000-00-00 00:00:00', 0),
(2466, 'Chisinau', 144, '0000-00-00 00:00:00', 0),
(2467, 'Chisinau Oras', 144, '0000-00-00 00:00:00', 0),
(2468, 'Edinet', 144, '0000-00-00 00:00:00', 0),
(2469, 'Gagauzia', 144, '0000-00-00 00:00:00', 0),
(2470, 'Lapusna', 144, '0000-00-00 00:00:00', 0),
(2471, 'Orhei', 144, '0000-00-00 00:00:00', 0),
(2472, 'Soroca', 144, '0000-00-00 00:00:00', 0),
(2473, 'Taraclia', 144, '0000-00-00 00:00:00', 0),
(2474, 'Tighina', 144, '0000-00-00 00:00:00', 0),
(2475, 'Transnistria', 144, '0000-00-00 00:00:00', 0),
(2476, 'Ungheni', 144, '0000-00-00 00:00:00', 0),
(2477, 'Fontvieille', 145, '0000-00-00 00:00:00', 0),
(2478, 'La Condamine', 145, '0000-00-00 00:00:00', 0),
(2479, 'Monaco-Ville', 145, '0000-00-00 00:00:00', 0),
(2480, 'Monte Carlo', 145, '0000-00-00 00:00:00', 0),
(2481, 'Arhangaj', 146, '0000-00-00 00:00:00', 0),
(2482, 'Bajan-Olgij', 146, '0000-00-00 00:00:00', 0),
(2483, 'Bajanhongor', 146, '0000-00-00 00:00:00', 0),
(2484, 'Bulgan', 146, '0000-00-00 00:00:00', 0),
(2485, 'Darhan-Uul', 146, '0000-00-00 00:00:00', 0),
(2486, 'Dornod', 146, '0000-00-00 00:00:00', 0),
(2487, 'Dornogovi', 146, '0000-00-00 00:00:00', 0),
(2488, 'Dundgovi', 146, '0000-00-00 00:00:00', 0),
(2489, 'Govi-Altaj', 146, '0000-00-00 00:00:00', 0),
(2490, 'Govisumber', 146, '0000-00-00 00:00:00', 0),
(2491, 'Hentij', 146, '0000-00-00 00:00:00', 0),
(2492, 'Hovd', 146, '0000-00-00 00:00:00', 0),
(2493, 'Hovsgol', 146, '0000-00-00 00:00:00', 0),
(2494, 'Omnogovi', 146, '0000-00-00 00:00:00', 0),
(2495, 'Orhon', 146, '0000-00-00 00:00:00', 0),
(2496, 'Ovorhangaj', 146, '0000-00-00 00:00:00', 0),
(2497, 'Selenge', 146, '0000-00-00 00:00:00', 0),
(2498, 'Suhbaatar', 146, '0000-00-00 00:00:00', 0),
(2499, 'Tov', 146, '0000-00-00 00:00:00', 0),
(2500, 'Ulaanbaatar', 146, '0000-00-00 00:00:00', 0),
(2501, 'Uvs', 146, '0000-00-00 00:00:00', 0),
(2502, 'Zavhan', 146, '0000-00-00 00:00:00', 0),
(2503, 'Montserrat', 147, '0000-00-00 00:00:00', 0),
(2504, 'Agadir', 148, '0000-00-00 00:00:00', 0),
(2505, 'Casablanca', 148, '0000-00-00 00:00:00', 0),
(2506, 'Chaouia-Ouardigha', 148, '0000-00-00 00:00:00', 0),
(2507, 'Doukkala-Abda', 148, '0000-00-00 00:00:00', 0),
(2508, 'Fes-Boulemane', 148, '0000-00-00 00:00:00', 0),
(2509, 'Gharb-Chrarda-Beni Hssen', 148, '0000-00-00 00:00:00', 0),
(2510, 'Guelmim', 148, '0000-00-00 00:00:00', 0),
(2511, 'Kenitra', 148, '0000-00-00 00:00:00', 0),
(2512, 'Marrakech-Tensift-Al Haouz', 148, '0000-00-00 00:00:00', 0),
(2513, 'Meknes-Tafilalet', 148, '0000-00-00 00:00:00', 0),
(2514, 'Oriental', 148, '0000-00-00 00:00:00', 0),
(2515, 'Oujda', 148, '0000-00-00 00:00:00', 0),
(2516, 'Province de Tanger', 148, '0000-00-00 00:00:00', 0),
(2517, 'Rabat-Sale-Zammour-Zaer', 148, '0000-00-00 00:00:00', 0),
(2518, 'Sala Al Jadida', 148, '0000-00-00 00:00:00', 0),
(2519, 'Settat', 148, '0000-00-00 00:00:00', 0),
(2520, 'Souss Massa-Draa', 148, '0000-00-00 00:00:00', 0),
(2521, 'Tadla-Azilal', 148, '0000-00-00 00:00:00', 0),
(2522, 'Tangier-Tetouan', 148, '0000-00-00 00:00:00', 0),
(2523, 'Taza-Al Hoceima-Taounate', 148, '0000-00-00 00:00:00', 0),
(2524, 'Wilaya de Casablanca', 148, '0000-00-00 00:00:00', 0),
(2525, 'Wilaya de Rabat-Sale', 148, '0000-00-00 00:00:00', 0),
(2526, 'Cabo Delgado', 149, '0000-00-00 00:00:00', 0),
(2527, 'Gaza', 149, '0000-00-00 00:00:00', 0),
(2528, 'Inhambane', 149, '0000-00-00 00:00:00', 0),
(2529, 'Manica', 149, '0000-00-00 00:00:00', 0),
(2530, 'Maputo', 149, '0000-00-00 00:00:00', 0),
(2531, 'Maputo Provincia', 149, '0000-00-00 00:00:00', 0),
(2532, 'Nampula', 149, '0000-00-00 00:00:00', 0),
(2533, 'Niassa', 149, '0000-00-00 00:00:00', 0),
(2534, 'Sofala', 149, '0000-00-00 00:00:00', 0),
(2535, 'Tete', 149, '0000-00-00 00:00:00', 0),
(2536, 'Zambezia', 149, '0000-00-00 00:00:00', 0),
(2537, 'Ayeyarwady', 150, '0000-00-00 00:00:00', 0),
(2538, 'Bago', 150, '0000-00-00 00:00:00', 0),
(2539, 'Chin', 150, '0000-00-00 00:00:00', 0),
(2540, 'Kachin', 150, '0000-00-00 00:00:00', 0),
(2541, 'Kayah', 150, '0000-00-00 00:00:00', 0),
(2542, 'Kayin', 150, '0000-00-00 00:00:00', 0),
(2543, 'Magway', 150, '0000-00-00 00:00:00', 0),
(2544, 'Mandalay', 150, '0000-00-00 00:00:00', 0),
(2545, 'Mon', 150, '0000-00-00 00:00:00', 0),
(2546, 'Nay Pyi Taw', 150, '0000-00-00 00:00:00', 0),
(2547, 'Rakhine', 150, '0000-00-00 00:00:00', 0),
(2548, 'Sagaing', 150, '0000-00-00 00:00:00', 0),
(2549, 'Shan', 150, '0000-00-00 00:00:00', 0),
(2550, 'Tanintharyi', 150, '0000-00-00 00:00:00', 0),
(2551, 'Yangon', 150, '0000-00-00 00:00:00', 0),
(2552, 'Caprivi', 151, '0000-00-00 00:00:00', 0),
(2553, 'Erongo', 151, '0000-00-00 00:00:00', 0),
(2554, 'Hardap', 151, '0000-00-00 00:00:00', 0),
(2555, 'Karas', 151, '0000-00-00 00:00:00', 0),
(2556, 'Kavango', 151, '0000-00-00 00:00:00', 0),
(2557, 'Khomas', 151, '0000-00-00 00:00:00', 0),
(2558, 'Kunene', 151, '0000-00-00 00:00:00', 0),
(2559, 'Ohangwena', 151, '0000-00-00 00:00:00', 0),
(2560, 'Omaheke', 151, '0000-00-00 00:00:00', 0),
(2561, 'Omusati', 151, '0000-00-00 00:00:00', 0),
(2562, 'Oshana', 151, '0000-00-00 00:00:00', 0),
(2563, 'Oshikoto', 151, '0000-00-00 00:00:00', 0),
(2564, 'Otjozondjupa', 151, '0000-00-00 00:00:00', 0),
(2565, 'Yaren', 152, '0000-00-00 00:00:00', 0),
(2566, 'Bagmati', 153, '0000-00-00 00:00:00', 0),
(2567, 'Bheri', 153, '0000-00-00 00:00:00', 0),
(2568, 'Dhawalagiri', 153, '0000-00-00 00:00:00', 0),
(2569, 'Gandaki', 153, '0000-00-00 00:00:00', 0),
(2570, 'Janakpur', 153, '0000-00-00 00:00:00', 0),
(2571, 'Karnali', 153, '0000-00-00 00:00:00', 0),
(2572, 'Koshi', 153, '0000-00-00 00:00:00', 0),
(2573, 'Lumbini', 153, '0000-00-00 00:00:00', 0),
(2574, 'Mahakali', 153, '0000-00-00 00:00:00', 0),
(2575, 'Mechi', 153, '0000-00-00 00:00:00', 0),
(2576, 'Narayani', 153, '0000-00-00 00:00:00', 0),
(2577, 'Rapti', 153, '0000-00-00 00:00:00', 0),
(2578, 'Sagarmatha', 153, '0000-00-00 00:00:00', 0),
(2579, 'Seti', 153, '0000-00-00 00:00:00', 0),
(2580, 'Bonaire', 154, '0000-00-00 00:00:00', 0),
(2581, 'Curacao', 154, '0000-00-00 00:00:00', 0),
(2582, 'Saba', 154, '0000-00-00 00:00:00', 0),
(2583, 'Sint Eustatius', 154, '0000-00-00 00:00:00', 0),
(2584, 'Sint Maarten', 154, '0000-00-00 00:00:00', 0),
(2585, 'Amsterdam', 155, '0000-00-00 00:00:00', 0),
(2586, 'Benelux', 155, '0000-00-00 00:00:00', 0),
(2587, 'Drenthe', 155, '0000-00-00 00:00:00', 0),
(2588, 'Flevoland', 155, '0000-00-00 00:00:00', 0),
(2589, 'Friesland', 155, '0000-00-00 00:00:00', 0),
(2590, 'Gelderland', 155, '0000-00-00 00:00:00', 0),
(2591, 'Groningen', 155, '0000-00-00 00:00:00', 0),
(2592, 'Limburg', 155, '0000-00-00 00:00:00', 0),
(2593, 'Noord-Brabant', 155, '0000-00-00 00:00:00', 0),
(2594, 'Noord-Holland', 155, '0000-00-00 00:00:00', 0),
(2595, 'Overijssel', 155, '0000-00-00 00:00:00', 0),
(2596, 'South Holland', 155, '0000-00-00 00:00:00', 0),
(2597, 'Utrecht', 155, '0000-00-00 00:00:00', 0),
(2598, 'Zeeland', 155, '0000-00-00 00:00:00', 0),
(2599, 'Zuid-Holland', 155, '0000-00-00 00:00:00', 0),
(2600, 'Iles', 156, '0000-00-00 00:00:00', 0),
(2601, 'Nord', 156, '0000-00-00 00:00:00', 0),
(2602, 'Sud', 156, '0000-00-00 00:00:00', 0),
(2603, 'Area Outside Region', 157, '0000-00-00 00:00:00', 0),
(2604, 'Auckland', 157, '0000-00-00 00:00:00', 0),
(2605, 'Bay of Plenty', 157, '0000-00-00 00:00:00', 0),
(2606, 'Canterbury', 157, '0000-00-00 00:00:00', 0),
(2607, 'Christchurch', 157, '0000-00-00 00:00:00', 0),
(2608, 'Gisborne', 157, '0000-00-00 00:00:00', 0),
(2609, 'Hawke''s Bay', 157, '0000-00-00 00:00:00', 0),
(2610, 'Manawatu-Wanganui', 157, '0000-00-00 00:00:00', 0),
(2611, 'Marlborough', 157, '0000-00-00 00:00:00', 0),
(2612, 'Nelson', 157, '0000-00-00 00:00:00', 0),
(2613, 'Northland', 157, '0000-00-00 00:00:00', 0),
(2614, 'Otago', 157, '0000-00-00 00:00:00', 0),
(2615, 'Rodney', 157, '0000-00-00 00:00:00', 0),
(2616, 'Southland', 157, '0000-00-00 00:00:00', 0),
(2617, 'Taranaki', 157, '0000-00-00 00:00:00', 0),
(2618, 'Tasman', 157, '0000-00-00 00:00:00', 0),
(2619, 'Waikato', 157, '0000-00-00 00:00:00', 0),
(2620, 'Wellington', 157, '0000-00-00 00:00:00', 0),
(2621, 'West Coast', 157, '0000-00-00 00:00:00', 0),
(2622, 'Atlantico Norte', 158, '0000-00-00 00:00:00', 0),
(2623, 'Atlantico Sur', 158, '0000-00-00 00:00:00', 0),
(2624, 'Boaco', 158, '0000-00-00 00:00:00', 0),
(2625, 'Carazo', 158, '0000-00-00 00:00:00', 0),
(2626, 'Chinandega', 158, '0000-00-00 00:00:00', 0),
(2627, 'Chontales', 158, '0000-00-00 00:00:00', 0),
(2628, 'Esteli', 158, '0000-00-00 00:00:00', 0),
(2629, 'Granada', 158, '0000-00-00 00:00:00', 0),
(2630, 'Jinotega', 158, '0000-00-00 00:00:00', 0),
(2631, 'Leon', 158, '0000-00-00 00:00:00', 0),
(2632, 'Madriz', 158, '0000-00-00 00:00:00', 0),
(2633, 'Managua', 158, '0000-00-00 00:00:00', 0),
(2634, 'Masaya', 158, '0000-00-00 00:00:00', 0),
(2635, 'Matagalpa', 158, '0000-00-00 00:00:00', 0),
(2636, 'Nueva Segovia', 158, '0000-00-00 00:00:00', 0),
(2637, 'Rio San Juan', 158, '0000-00-00 00:00:00', 0),
(2638, 'Rivas', 158, '0000-00-00 00:00:00', 0),
(2639, 'Agadez', 159, '0000-00-00 00:00:00', 0),
(2640, 'Diffa', 159, '0000-00-00 00:00:00', 0),
(2641, 'Dosso', 159, '0000-00-00 00:00:00', 0),
(2642, 'Maradi', 159, '0000-00-00 00:00:00', 0),
(2643, 'Niamey', 159, '0000-00-00 00:00:00', 0),
(2644, 'Tahoua', 159, '0000-00-00 00:00:00', 0),
(2645, 'Tillabery', 159, '0000-00-00 00:00:00', 0),
(2646, 'Zinder', 159, '0000-00-00 00:00:00', 0),
(2647, 'Abia', 160, '0000-00-00 00:00:00', 0),
(2648, 'Abuja Federal Capital Territor', 160, '0000-00-00 00:00:00', 0),
(2649, 'Adamawa', 160, '0000-00-00 00:00:00', 0),
(2650, 'Akwa Ibom', 160, '0000-00-00 00:00:00', 0),
(2651, 'Anambra', 160, '0000-00-00 00:00:00', 0),
(2652, 'Bauchi', 160, '0000-00-00 00:00:00', 0),
(2653, 'Bayelsa', 160, '0000-00-00 00:00:00', 0),
(2654, 'Benue', 160, '0000-00-00 00:00:00', 0),
(2655, 'Borno', 160, '0000-00-00 00:00:00', 0),
(2656, 'Cross River', 160, '0000-00-00 00:00:00', 0),
(2657, 'Delta', 160, '0000-00-00 00:00:00', 0),
(2658, 'Ebonyi', 160, '0000-00-00 00:00:00', 0),
(2659, 'Edo', 160, '0000-00-00 00:00:00', 0),
(2660, 'Ekiti', 160, '0000-00-00 00:00:00', 0),
(2661, 'Enugu', 160, '0000-00-00 00:00:00', 0),
(2662, 'Gombe', 160, '0000-00-00 00:00:00', 0),
(2663, 'Imo', 160, '0000-00-00 00:00:00', 0),
(2664, 'Jigawa', 160, '0000-00-00 00:00:00', 0),
(2665, 'Kaduna', 160, '0000-00-00 00:00:00', 0),
(2666, 'Kano', 160, '0000-00-00 00:00:00', 0),
(2667, 'Katsina', 160, '0000-00-00 00:00:00', 0),
(2668, 'Kebbi', 160, '0000-00-00 00:00:00', 0),
(2669, 'Kogi', 160, '0000-00-00 00:00:00', 0),
(2670, 'Kwara', 160, '0000-00-00 00:00:00', 0),
(2671, 'Lagos', 160, '0000-00-00 00:00:00', 0),
(2672, 'Nassarawa', 160, '0000-00-00 00:00:00', 0),
(2673, 'Niger', 160, '0000-00-00 00:00:00', 0),
(2674, 'Ogun', 160, '0000-00-00 00:00:00', 0),
(2675, 'Ondo', 160, '0000-00-00 00:00:00', 0),
(2676, 'Osun', 160, '0000-00-00 00:00:00', 0),
(2677, 'Oyo', 160, '0000-00-00 00:00:00', 0),
(2678, 'Plateau', 160, '0000-00-00 00:00:00', 0),
(2679, 'Rivers', 160, '0000-00-00 00:00:00', 0),
(2680, 'Sokoto', 160, '0000-00-00 00:00:00', 0),
(2681, 'Taraba', 160, '0000-00-00 00:00:00', 0),
(2682, 'Yobe', 160, '0000-00-00 00:00:00', 0),
(2683, 'Zamfara', 160, '0000-00-00 00:00:00', 0),
(2684, 'Niue', 161, '0000-00-00 00:00:00', 0),
(2685, 'Norfolk Island', 162, '0000-00-00 00:00:00', 0),
(2686, 'Northern Islands', 163, '0000-00-00 00:00:00', 0),
(2687, 'Rota', 163, '0000-00-00 00:00:00', 0),
(2688, 'Saipan', 163, '0000-00-00 00:00:00', 0),
(2689, 'Tinian', 163, '0000-00-00 00:00:00', 0),
(2690, 'Akershus', 164, '0000-00-00 00:00:00', 0),
(2691, 'Aust Agder', 164, '0000-00-00 00:00:00', 0),
(2692, 'Bergen', 164, '0000-00-00 00:00:00', 0),
(2693, 'Buskerud', 164, '0000-00-00 00:00:00', 0),
(2694, 'Finnmark', 164, '0000-00-00 00:00:00', 0),
(2695, 'Hedmark', 164, '0000-00-00 00:00:00', 0),
(2696, 'Hordaland', 164, '0000-00-00 00:00:00', 0),
(2697, 'Moere og Romsdal', 164, '0000-00-00 00:00:00', 0),
(2698, 'Nord Trondelag', 164, '0000-00-00 00:00:00', 0),
(2699, 'Nordland', 164, '0000-00-00 00:00:00', 0),
(2700, 'Oestfold', 164, '0000-00-00 00:00:00', 0),
(2701, 'Oppland', 164, '0000-00-00 00:00:00', 0),
(2702, 'Oslo', 164, '0000-00-00 00:00:00', 0),
(2703, 'Rogaland', 164, '0000-00-00 00:00:00', 0),
(2704, 'Soer Troendelag', 164, '0000-00-00 00:00:00', 0),
(2705, 'Sogn og Fjordane', 164, '0000-00-00 00:00:00', 0),
(2706, 'Stavern', 164, '0000-00-00 00:00:00', 0),
(2707, 'Sykkylven', 164, '0000-00-00 00:00:00', 0),
(2708, 'Telemark', 164, '0000-00-00 00:00:00', 0),
(2709, 'Troms', 164, '0000-00-00 00:00:00', 0),
(2710, 'Vest Agder', 164, '0000-00-00 00:00:00', 0),
(2711, 'Vestfold', 164, '0000-00-00 00:00:00', 0),
(2712, 'stfold', 164, '0000-00-00 00:00:00', 0),
(2713, 'Al Buraimi', 165, '0000-00-00 00:00:00', 0),
(2714, 'Dhufar', 165, '0000-00-00 00:00:00', 0),
(2715, 'Masqat', 165, '0000-00-00 00:00:00', 0),
(2716, 'Musandam', 165, '0000-00-00 00:00:00', 0),
(2717, 'Rusayl', 165, '0000-00-00 00:00:00', 0),
(2718, 'Wadi Kabir', 165, '0000-00-00 00:00:00', 0),
(2719, 'ad-Dakhiliyah', 165, '0000-00-00 00:00:00', 0),
(2720, 'adh-Dhahirah', 165, '0000-00-00 00:00:00', 0),
(2721, 'al-Batinah', 165, '0000-00-00 00:00:00', 0),
(2722, 'ash-Sharqiyah', 165, '0000-00-00 00:00:00', 0),
(2723, 'Baluchistan', 166, '0000-00-00 00:00:00', 0),
(2724, 'Federal Capital Area', 166, '0000-00-00 00:00:00', 0),
(2725, 'Federally administered Tribal ', 166, '0000-00-00 00:00:00', 0),
(2726, 'North-West Frontier', 166, '0000-00-00 00:00:00', 0),
(2727, 'Northern Areas', 166, '0000-00-00 00:00:00', 0),
(2728, 'Punjab', 166, '0000-00-00 00:00:00', 0),
(2729, 'Sind', 166, '0000-00-00 00:00:00', 0),
(2730, 'Aimeliik', 167, '0000-00-00 00:00:00', 0),
(2731, 'Airai', 167, '0000-00-00 00:00:00', 0),
(2732, 'Angaur', 167, '0000-00-00 00:00:00', 0),
(2733, 'Hatobohei', 167, '0000-00-00 00:00:00', 0),
(2734, 'Kayangel', 167, '0000-00-00 00:00:00', 0),
(2735, 'Koror', 167, '0000-00-00 00:00:00', 0),
(2736, 'Melekeok', 167, '0000-00-00 00:00:00', 0),
(2737, 'Ngaraard', 167, '0000-00-00 00:00:00', 0),
(2738, 'Ngardmau', 167, '0000-00-00 00:00:00', 0),
(2739, 'Ngaremlengui', 167, '0000-00-00 00:00:00', 0),
(2740, 'Ngatpang', 167, '0000-00-00 00:00:00', 0),
(2741, 'Ngchesar', 167, '0000-00-00 00:00:00', 0),
(2742, 'Ngerchelong', 167, '0000-00-00 00:00:00', 0),
(2743, 'Ngiwal', 167, '0000-00-00 00:00:00', 0),
(2744, 'Peleliu', 167, '0000-00-00 00:00:00', 0),
(2745, 'Sonsorol', 167, '0000-00-00 00:00:00', 0),
(2746, 'Ariha', 168, '0000-00-00 00:00:00', 0),
(2747, 'Bayt Lahm', 168, '0000-00-00 00:00:00', 0),
(2748, 'Bethlehem', 168, '0000-00-00 00:00:00', 0),
(2749, 'Dayr-al-Balah', 168, '0000-00-00 00:00:00', 0),
(2750, 'Ghazzah', 168, '0000-00-00 00:00:00', 0),
(2751, 'Ghazzah ash-Shamaliyah', 168, '0000-00-00 00:00:00', 0),
(2752, 'Janin', 168, '0000-00-00 00:00:00', 0),
(2753, 'Khan Yunis', 168, '0000-00-00 00:00:00', 0),
(2754, 'Nabulus', 168, '0000-00-00 00:00:00', 0),
(2755, 'Qalqilyah', 168, '0000-00-00 00:00:00', 0),
(2756, 'Rafah', 168, '0000-00-00 00:00:00', 0),
(2757, 'Ram Allah wal-Birah', 168, '0000-00-00 00:00:00', 0),
(2758, 'Salfit', 168, '0000-00-00 00:00:00', 0),
(2759, 'Tubas', 168, '0000-00-00 00:00:00', 0),
(2760, 'Tulkarm', 168, '0000-00-00 00:00:00', 0),
(2761, 'al-Khalil', 168, '0000-00-00 00:00:00', 0),
(2762, 'al-Quds', 168, '0000-00-00 00:00:00', 0),
(2763, 'Bocas del Toro', 169, '0000-00-00 00:00:00', 0),
(2764, 'Chiriqui', 169, '0000-00-00 00:00:00', 0),
(2765, 'Cocle', 169, '0000-00-00 00:00:00', 0),
(2766, 'Colon', 169, '0000-00-00 00:00:00', 0),
(2767, 'Darien', 169, '0000-00-00 00:00:00', 0),
(2768, 'Embera', 169, '0000-00-00 00:00:00', 0),
(2769, 'Herrera', 169, '0000-00-00 00:00:00', 0),
(2770, 'Kuna Yala', 169, '0000-00-00 00:00:00', 0),
(2771, 'Los Santos', 169, '0000-00-00 00:00:00', 0),
(2772, 'Ngobe Bugle', 169, '0000-00-00 00:00:00', 0),
(2773, 'Panama', 169, '0000-00-00 00:00:00', 0),
(2774, 'Veraguas', 169, '0000-00-00 00:00:00', 0),
(2775, 'East New Britain', 170, '0000-00-00 00:00:00', 0),
(2776, 'East Sepik', 170, '0000-00-00 00:00:00', 0),
(2777, 'Eastern Highlands', 170, '0000-00-00 00:00:00', 0),
(2778, 'Enga', 170, '0000-00-00 00:00:00', 0),
(2779, 'Fly River', 170, '0000-00-00 00:00:00', 0),
(2780, 'Gulf', 170, '0000-00-00 00:00:00', 0),
(2781, 'Madang', 170, '0000-00-00 00:00:00', 0),
(2782, 'Manus', 170, '0000-00-00 00:00:00', 0),
(2783, 'Milne Bay', 170, '0000-00-00 00:00:00', 0),
(2784, 'Morobe', 170, '0000-00-00 00:00:00', 0),
(2785, 'National Capital District', 170, '0000-00-00 00:00:00', 0),
(2786, 'New Ireland', 170, '0000-00-00 00:00:00', 0),
(2787, 'North Solomons', 170, '0000-00-00 00:00:00', 0),
(2788, 'Oro', 170, '0000-00-00 00:00:00', 0),
(2789, 'Sandaun', 170, '0000-00-00 00:00:00', 0),
(2790, 'Simbu', 170, '0000-00-00 00:00:00', 0),
(2791, 'Southern Highlands', 170, '0000-00-00 00:00:00', 0),
(2792, 'West New Britain', 170, '0000-00-00 00:00:00', 0),
(2793, 'Western Highlands', 170, '0000-00-00 00:00:00', 0),
(2794, 'Alto Paraguay', 171, '0000-00-00 00:00:00', 0),
(2795, 'Alto Parana', 171, '0000-00-00 00:00:00', 0),
(2796, 'Amambay', 171, '0000-00-00 00:00:00', 0),
(2797, 'Asuncion', 171, '0000-00-00 00:00:00', 0),
(2798, 'Boqueron', 171, '0000-00-00 00:00:00', 0),
(2799, 'Caaguazu', 171, '0000-00-00 00:00:00', 0),
(2800, 'Caazapa', 171, '0000-00-00 00:00:00', 0),
(2801, 'Canendiyu', 171, '0000-00-00 00:00:00', 0),
(2802, 'Central', 171, '0000-00-00 00:00:00', 0),
(2803, 'Concepcion', 171, '0000-00-00 00:00:00', 0),
(2804, 'Cordillera', 171, '0000-00-00 00:00:00', 0),
(2805, 'Guaira', 171, '0000-00-00 00:00:00', 0),
(2806, 'Itapua', 171, '0000-00-00 00:00:00', 0),
(2807, 'Misiones', 171, '0000-00-00 00:00:00', 0),
(2808, 'Neembucu', 171, '0000-00-00 00:00:00', 0),
(2809, 'Paraguari', 171, '0000-00-00 00:00:00', 0),
(2810, 'Presidente Hayes', 171, '0000-00-00 00:00:00', 0),
(2811, 'San Pedro', 171, '0000-00-00 00:00:00', 0),
(2812, 'Amazonas', 172, '0000-00-00 00:00:00', 0),
(2813, 'Ancash', 172, '0000-00-00 00:00:00', 0),
(2814, 'Apurimac', 172, '0000-00-00 00:00:00', 0),
(2815, 'Arequipa', 172, '0000-00-00 00:00:00', 0),
(2816, 'Ayacucho', 172, '0000-00-00 00:00:00', 0),
(2817, 'Cajamarca', 172, '0000-00-00 00:00:00', 0),
(2818, 'Cusco', 172, '0000-00-00 00:00:00', 0),
(2819, 'Huancavelica', 172, '0000-00-00 00:00:00', 0),
(2820, 'Huanuco', 172, '0000-00-00 00:00:00', 0),
(2821, 'Ica', 172, '0000-00-00 00:00:00', 0),
(2822, 'Junin', 172, '0000-00-00 00:00:00', 0),
(2823, 'La Libertad', 172, '0000-00-00 00:00:00', 0),
(2824, 'Lambayeque', 172, '0000-00-00 00:00:00', 0),
(2825, 'Lima y Callao', 172, '0000-00-00 00:00:00', 0),
(2826, 'Loreto', 172, '0000-00-00 00:00:00', 0),
(2827, 'Madre de Dios', 172, '0000-00-00 00:00:00', 0),
(2828, 'Moquegua', 172, '0000-00-00 00:00:00', 0),
(2829, 'Pasco', 172, '0000-00-00 00:00:00', 0),
(2830, 'Piura', 172, '0000-00-00 00:00:00', 0),
(2831, 'Puno', 172, '0000-00-00 00:00:00', 0),
(2832, 'San Martin', 172, '0000-00-00 00:00:00', 0),
(2833, 'Tacna', 172, '0000-00-00 00:00:00', 0),
(2834, 'Tumbes', 172, '0000-00-00 00:00:00', 0),
(2835, 'Ucayali', 172, '0000-00-00 00:00:00', 0),
(2836, 'Batangas', 173, '0000-00-00 00:00:00', 0),
(2837, 'Bicol', 173, '0000-00-00 00:00:00', 0),
(2838, 'Bulacan', 173, '0000-00-00 00:00:00', 0),
(2839, 'Cagayan', 173, '0000-00-00 00:00:00', 0),
(2840, 'Caraga', 173, '0000-00-00 00:00:00', 0),
(2841, 'Central Luzon', 173, '0000-00-00 00:00:00', 0),
(2842, 'Central Mindanao', 173, '0000-00-00 00:00:00', 0),
(2843, 'Central Visayas', 173, '0000-00-00 00:00:00', 0),
(2844, 'Cordillera', 173, '0000-00-00 00:00:00', 0),
(2845, 'Davao', 173, '0000-00-00 00:00:00', 0),
(2846, 'Eastern Visayas', 173, '0000-00-00 00:00:00', 0),
(2847, 'Greater Metropolitan Area', 173, '0000-00-00 00:00:00', 0),
(2848, 'Ilocos', 173, '0000-00-00 00:00:00', 0),
(2849, 'Laguna', 173, '0000-00-00 00:00:00', 0),
(2850, 'Luzon', 173, '0000-00-00 00:00:00', 0),
(2851, 'Mactan', 173, '0000-00-00 00:00:00', 0),
(2852, 'Metropolitan Manila Area', 173, '0000-00-00 00:00:00', 0),
(2853, 'Muslim Mindanao', 173, '0000-00-00 00:00:00', 0),
(2854, 'Northern Mindanao', 173, '0000-00-00 00:00:00', 0),
(2855, 'Southern Mindanao', 173, '0000-00-00 00:00:00', 0),
(2856, 'Southern Tagalog', 173, '0000-00-00 00:00:00', 0),
(2857, 'Western Mindanao', 173, '0000-00-00 00:00:00', 0),
(2858, 'Western Visayas', 173, '0000-00-00 00:00:00', 0),
(2859, 'Pitcairn Island', 174, '0000-00-00 00:00:00', 0),
(2860, 'Biale Blota', 175, '0000-00-00 00:00:00', 0),
(2861, 'Dobroszyce', 175, '0000-00-00 00:00:00', 0),
(2862, 'Dolnoslaskie', 175, '0000-00-00 00:00:00', 0),
(2863, 'Dziekanow Lesny', 175, '0000-00-00 00:00:00', 0),
(2864, 'Hopowo', 175, '0000-00-00 00:00:00', 0),
(2865, 'Kartuzy', 175, '0000-00-00 00:00:00', 0),
(2866, 'Koscian', 175, '0000-00-00 00:00:00', 0),
(2867, 'Krakow', 175, '0000-00-00 00:00:00', 0),
(2868, 'Kujawsko-Pomorskie', 175, '0000-00-00 00:00:00', 0),
(2869, 'Lodzkie', 175, '0000-00-00 00:00:00', 0),
(2870, 'Lubelskie', 175, '0000-00-00 00:00:00', 0),
(2871, 'Lubuskie', 175, '0000-00-00 00:00:00', 0),
(2872, 'Malomice', 175, '0000-00-00 00:00:00', 0),
(2873, 'Malopolskie', 175, '0000-00-00 00:00:00', 0),
(2874, 'Mazowieckie', 175, '0000-00-00 00:00:00', 0),
(2875, 'Mirkow', 175, '0000-00-00 00:00:00', 0),
(2876, 'Opolskie', 175, '0000-00-00 00:00:00', 0),
(2877, 'Ostrowiec', 175, '0000-00-00 00:00:00', 0),
(2878, 'Podkarpackie', 175, '0000-00-00 00:00:00', 0),
(2879, 'Podlaskie', 175, '0000-00-00 00:00:00', 0),
(2880, 'Polska', 175, '0000-00-00 00:00:00', 0),
(2881, 'Pomorskie', 175, '0000-00-00 00:00:00', 0),
(2882, 'Poznan', 175, '0000-00-00 00:00:00', 0),
(2883, 'Pruszkow', 175, '0000-00-00 00:00:00', 0),
(2884, 'Rymanowska', 175, '0000-00-00 00:00:00', 0),
(2885, 'Rzeszow', 175, '0000-00-00 00:00:00', 0),
(2886, 'Slaskie', 175, '0000-00-00 00:00:00', 0),
(2887, 'Stare Pole', 175, '0000-00-00 00:00:00', 0),
(2888, 'Swietokrzyskie', 175, '0000-00-00 00:00:00', 0),
(2889, 'Warminsko-Mazurskie', 175, '0000-00-00 00:00:00', 0),
(2890, 'Warsaw', 175, '0000-00-00 00:00:00', 0),
(2891, 'Wejherowo', 175, '0000-00-00 00:00:00', 0),
(2892, 'Wielkopolskie', 175, '0000-00-00 00:00:00', 0),
(2893, 'Wroclaw', 175, '0000-00-00 00:00:00', 0),
(2894, 'Zachodnio-Pomorskie', 175, '0000-00-00 00:00:00', 0),
(2895, 'Zukowo', 175, '0000-00-00 00:00:00', 0),
(2896, 'Abrantes', 176, '0000-00-00 00:00:00', 0),
(2897, 'Acores', 176, '0000-00-00 00:00:00', 0),
(2898, 'Alentejo', 176, '0000-00-00 00:00:00', 0),
(2899, 'Algarve', 176, '0000-00-00 00:00:00', 0),
(2900, 'Braga', 176, '0000-00-00 00:00:00', 0),
(2901, 'Centro', 176, '0000-00-00 00:00:00', 0),
(2902, 'Distrito de Leiria', 176, '0000-00-00 00:00:00', 0),
(2903, 'Distrito de Viana do Castelo', 176, '0000-00-00 00:00:00', 0),
(2904, 'Distrito de Vila Real', 176, '0000-00-00 00:00:00', 0),
(2905, 'Distrito do Porto', 176, '0000-00-00 00:00:00', 0),
(2906, 'Lisboa e Vale do Tejo', 176, '0000-00-00 00:00:00', 0),
(2907, 'Madeira', 176, '0000-00-00 00:00:00', 0),
(2908, 'Norte', 176, '0000-00-00 00:00:00', 0),
(2909, 'Paivas', 176, '0000-00-00 00:00:00', 0),
(2910, 'Arecibo', 177, '0000-00-00 00:00:00', 0),
(2911, 'Bayamon', 177, '0000-00-00 00:00:00', 0),
(2912, 'Carolina', 177, '0000-00-00 00:00:00', 0),
(2913, 'Florida', 177, '0000-00-00 00:00:00', 0),
(2914, 'Guayama', 177, '0000-00-00 00:00:00', 0),
(2915, 'Humacao', 177, '0000-00-00 00:00:00', 0),
(2916, 'Mayaguez-Aguadilla', 177, '0000-00-00 00:00:00', 0),
(2917, 'Ponce', 177, '0000-00-00 00:00:00', 0),
(2918, 'Salinas', 177, '0000-00-00 00:00:00', 0),
(2919, 'San Juan', 177, '0000-00-00 00:00:00', 0),
(2920, 'Doha', 178, '0000-00-00 00:00:00', 0),
(2921, 'Jarian-al-Batnah', 178, '0000-00-00 00:00:00', 0),
(2922, 'Umm Salal', 178, '0000-00-00 00:00:00', 0),
(2923, 'ad-Dawhah', 178, '0000-00-00 00:00:00', 0),
(2924, 'al-Ghuwayriyah', 178, '0000-00-00 00:00:00', 0),
(2925, 'al-Jumayliyah', 178, '0000-00-00 00:00:00', 0),
(2926, 'al-Khawr', 178, '0000-00-00 00:00:00', 0),
(2927, 'al-Wakrah', 178, '0000-00-00 00:00:00', 0),
(2928, 'ar-Rayyan', 178, '0000-00-00 00:00:00', 0),
(2929, 'ash-Shamal', 178, '0000-00-00 00:00:00', 0),
(2930, 'Saint-Benoit', 179, '0000-00-00 00:00:00', 0),
(2931, 'Saint-Denis', 179, '0000-00-00 00:00:00', 0),
(2932, 'Saint-Paul', 179, '0000-00-00 00:00:00', 0),
(2933, 'Saint-Pierre', 179, '0000-00-00 00:00:00', 0),
(2934, 'Alba', 180, '0000-00-00 00:00:00', 0),
(2935, 'Arad', 180, '0000-00-00 00:00:00', 0),
(2936, 'Arges', 180, '0000-00-00 00:00:00', 0),
(2937, 'Bacau', 180, '0000-00-00 00:00:00', 0),
(2938, 'Bihor', 180, '0000-00-00 00:00:00', 0),
(2939, 'Bistrita-Nasaud', 180, '0000-00-00 00:00:00', 0),
(2940, 'Botosani', 180, '0000-00-00 00:00:00', 0),
(2941, 'Braila', 180, '0000-00-00 00:00:00', 0),
(2942, 'Brasov', 180, '0000-00-00 00:00:00', 0),
(2943, 'Bucuresti', 180, '0000-00-00 00:00:00', 0),
(2944, 'Buzau', 180, '0000-00-00 00:00:00', 0),
(2945, 'Calarasi', 180, '0000-00-00 00:00:00', 0),
(2946, 'Caras-Severin', 180, '0000-00-00 00:00:00', 0),
(2947, 'Cluj', 180, '0000-00-00 00:00:00', 0),
(2948, 'Constanta', 180, '0000-00-00 00:00:00', 0),
(2949, 'Covasna', 180, '0000-00-00 00:00:00', 0),
(2950, 'Dambovita', 180, '0000-00-00 00:00:00', 0),
(2951, 'Dolj', 180, '0000-00-00 00:00:00', 0),
(2952, 'Galati', 180, '0000-00-00 00:00:00', 0),
(2953, 'Giurgiu', 180, '0000-00-00 00:00:00', 0),
(2954, 'Gorj', 180, '0000-00-00 00:00:00', 0),
(2955, 'Harghita', 180, '0000-00-00 00:00:00', 0),
(2956, 'Hunedoara', 180, '0000-00-00 00:00:00', 0),
(2957, 'Ialomita', 180, '0000-00-00 00:00:00', 0),
(2958, 'Iasi', 180, '0000-00-00 00:00:00', 0),
(2959, 'Ilfov', 180, '0000-00-00 00:00:00', 0),
(2960, 'Maramures', 180, '0000-00-00 00:00:00', 0),
(2961, 'Mehedinti', 180, '0000-00-00 00:00:00', 0),
(2962, 'Mures', 180, '0000-00-00 00:00:00', 0),
(2963, 'Neamt', 180, '0000-00-00 00:00:00', 0),
(2964, 'Olt', 180, '0000-00-00 00:00:00', 0),
(2965, 'Prahova', 180, '0000-00-00 00:00:00', 0),
(2966, 'Salaj', 180, '0000-00-00 00:00:00', 0),
(2967, 'Satu Mare', 180, '0000-00-00 00:00:00', 0),
(2968, 'Sibiu', 180, '0000-00-00 00:00:00', 0),
(2969, 'Sondelor', 180, '0000-00-00 00:00:00', 0),
(2970, 'Suceava', 180, '0000-00-00 00:00:00', 0),
(2971, 'Teleorman', 180, '0000-00-00 00:00:00', 0),
(2972, 'Timis', 180, '0000-00-00 00:00:00', 0),
(2973, 'Tulcea', 180, '0000-00-00 00:00:00', 0),
(2974, 'Valcea', 180, '0000-00-00 00:00:00', 0),
(2975, 'Vaslui', 180, '0000-00-00 00:00:00', 0),
(2976, 'Vrancea', 180, '0000-00-00 00:00:00', 0),
(2977, 'Adygeja', 181, '0000-00-00 00:00:00', 0),
(2978, 'Aga', 181, '0000-00-00 00:00:00', 0),
(2979, 'Alanija', 181, '0000-00-00 00:00:00', 0),
(2980, 'Altaj', 181, '0000-00-00 00:00:00', 0),
(2981, 'Amur', 181, '0000-00-00 00:00:00', 0),
(2982, 'Arhangelsk', 181, '0000-00-00 00:00:00', 0),
(2983, 'Astrahan', 181, '0000-00-00 00:00:00', 0),
(2984, 'Bashkortostan', 181, '0000-00-00 00:00:00', 0),
(2985, 'Belgorod', 181, '0000-00-00 00:00:00', 0),
(2986, 'Brjansk', 181, '0000-00-00 00:00:00', 0),
(2987, 'Burjatija', 181, '0000-00-00 00:00:00', 0),
(2988, 'Chechenija', 181, '0000-00-00 00:00:00', 0),
(2989, 'Cheljabinsk', 181, '0000-00-00 00:00:00', 0),
(2990, 'Chita', 181, '0000-00-00 00:00:00', 0),
(2991, 'Chukotka', 181, '0000-00-00 00:00:00', 0),
(2992, 'Chuvashija', 181, '0000-00-00 00:00:00', 0),
(2993, 'Dagestan', 181, '0000-00-00 00:00:00', 0),
(2994, 'Evenkija', 181, '0000-00-00 00:00:00', 0),
(2995, 'Gorno-Altaj', 181, '0000-00-00 00:00:00', 0),
(2996, 'Habarovsk', 181, '0000-00-00 00:00:00', 0),
(2997, 'Hakasija', 181, '0000-00-00 00:00:00', 0),
(2998, 'Hanty-Mansija', 181, '0000-00-00 00:00:00', 0),
(2999, 'Ingusetija', 181, '0000-00-00 00:00:00', 0),
(3000, 'Irkutsk', 181, '0000-00-00 00:00:00', 0),
(3001, 'Ivanovo', 181, '0000-00-00 00:00:00', 0),
(3002, 'Jamalo-Nenets', 181, '0000-00-00 00:00:00', 0),
(3003, 'Jaroslavl', 181, '0000-00-00 00:00:00', 0),
(3004, 'Jevrej', 181, '0000-00-00 00:00:00', 0),
(3005, 'Kabardino-Balkarija', 181, '0000-00-00 00:00:00', 0),
(3006, 'Kaliningrad', 181, '0000-00-00 00:00:00', 0),
(3007, 'Kalmykija', 181, '0000-00-00 00:00:00', 0),
(3008, 'Kaluga', 181, '0000-00-00 00:00:00', 0),
(3009, 'Kamchatka', 181, '0000-00-00 00:00:00', 0),
(3010, 'Karachaj-Cherkessija', 181, '0000-00-00 00:00:00', 0),
(3011, 'Karelija', 181, '0000-00-00 00:00:00', 0),
(3012, 'Kemerovo', 181, '0000-00-00 00:00:00', 0),
(3013, 'Khabarovskiy Kray', 181, '0000-00-00 00:00:00', 0),
(3014, 'Kirov', 181, '0000-00-00 00:00:00', 0),
(3015, 'Komi', 181, '0000-00-00 00:00:00', 0),
(3016, 'Komi-Permjakija', 181, '0000-00-00 00:00:00', 0),
(3017, 'Korjakija', 181, '0000-00-00 00:00:00', 0),
(3018, 'Kostroma', 181, '0000-00-00 00:00:00', 0),
(3019, 'Krasnodar', 181, '0000-00-00 00:00:00', 0),
(3020, 'Krasnojarsk', 181, '0000-00-00 00:00:00', 0),
(3021, 'Krasnoyarskiy Kray', 181, '0000-00-00 00:00:00', 0),
(3022, 'Kurgan', 181, '0000-00-00 00:00:00', 0),
(3023, 'Kursk', 181, '0000-00-00 00:00:00', 0),
(3024, 'Leningrad', 181, '0000-00-00 00:00:00', 0),
(3025, 'Lipeck', 181, '0000-00-00 00:00:00', 0),
(3026, 'Magadan', 181, '0000-00-00 00:00:00', 0),
(3027, 'Marij El', 181, '0000-00-00 00:00:00', 0),
(3028, 'Mordovija', 181, '0000-00-00 00:00:00', 0),
(3029, 'Moscow', 181, '0000-00-00 00:00:00', 0),
(3030, 'Moskovskaja Oblast', 181, '0000-00-00 00:00:00', 0),
(3031, 'Moskovskaya Oblast', 181, '0000-00-00 00:00:00', 0),
(3032, 'Moskva', 181, '0000-00-00 00:00:00', 0),
(3033, 'Murmansk', 181, '0000-00-00 00:00:00', 0),
(3034, 'Nenets', 181, '0000-00-00 00:00:00', 0),
(3035, 'Nizhnij Novgorod', 181, '0000-00-00 00:00:00', 0),
(3036, 'Novgorod', 181, '0000-00-00 00:00:00', 0),
(3037, 'Novokusnezk', 181, '0000-00-00 00:00:00', 0),
(3038, 'Novosibirsk', 181, '0000-00-00 00:00:00', 0),
(3039, 'Omsk', 181, '0000-00-00 00:00:00', 0),
(3040, 'Orenburg', 181, '0000-00-00 00:00:00', 0),
(3041, 'Orjol', 181, '0000-00-00 00:00:00', 0),
(3042, 'Penza', 181, '0000-00-00 00:00:00', 0),
(3043, 'Perm', 181, '0000-00-00 00:00:00', 0),
(3044, 'Primorje', 181, '0000-00-00 00:00:00', 0),
(3045, 'Pskov', 181, '0000-00-00 00:00:00', 0),
(3046, 'Pskovskaya Oblast', 181, '0000-00-00 00:00:00', 0),
(3047, 'Rjazan', 181, '0000-00-00 00:00:00', 0),
(3048, 'Rostov', 181, '0000-00-00 00:00:00', 0),
(3049, 'Saha', 181, '0000-00-00 00:00:00', 0),
(3050, 'Sahalin', 181, '0000-00-00 00:00:00', 0),
(3051, 'Samara', 181, '0000-00-00 00:00:00', 0),
(3052, 'Samarskaya', 181, '0000-00-00 00:00:00', 0),
(3053, 'Sankt-Peterburg', 181, '0000-00-00 00:00:00', 0),
(3054, 'Saratov', 181, '0000-00-00 00:00:00', 0),
(3055, 'Smolensk', 181, '0000-00-00 00:00:00', 0),
(3056, 'Stavropol', 181, '0000-00-00 00:00:00', 0),
(3057, 'Sverdlovsk', 181, '0000-00-00 00:00:00', 0);
INSERT INTO `states` (`id`, `state_name`, `country_id`, `created_at`, `is_deleted`) VALUES
(3058, 'Tajmyrija', 181, '0000-00-00 00:00:00', 0),
(3059, 'Tambov', 181, '0000-00-00 00:00:00', 0),
(3060, 'Tatarstan', 181, '0000-00-00 00:00:00', 0),
(3061, 'Tjumen', 181, '0000-00-00 00:00:00', 0),
(3062, 'Tomsk', 181, '0000-00-00 00:00:00', 0),
(3063, 'Tula', 181, '0000-00-00 00:00:00', 0),
(3064, 'Tver', 181, '0000-00-00 00:00:00', 0),
(3065, 'Tyva', 181, '0000-00-00 00:00:00', 0),
(3066, 'Udmurtija', 181, '0000-00-00 00:00:00', 0),
(3067, 'Uljanovsk', 181, '0000-00-00 00:00:00', 0),
(3068, 'Ulyanovskaya Oblast', 181, '0000-00-00 00:00:00', 0),
(3069, 'Ust-Orda', 181, '0000-00-00 00:00:00', 0),
(3070, 'Vladimir', 181, '0000-00-00 00:00:00', 0),
(3071, 'Volgograd', 181, '0000-00-00 00:00:00', 0),
(3072, 'Vologda', 181, '0000-00-00 00:00:00', 0),
(3073, 'Voronezh', 181, '0000-00-00 00:00:00', 0),
(3074, 'Butare', 182, '0000-00-00 00:00:00', 0),
(3075, 'Byumba', 182, '0000-00-00 00:00:00', 0),
(3076, 'Cyangugu', 182, '0000-00-00 00:00:00', 0),
(3077, 'Gikongoro', 182, '0000-00-00 00:00:00', 0),
(3078, 'Gisenyi', 182, '0000-00-00 00:00:00', 0),
(3079, 'Gitarama', 182, '0000-00-00 00:00:00', 0),
(3080, 'Kibungo', 182, '0000-00-00 00:00:00', 0),
(3081, 'Kibuye', 182, '0000-00-00 00:00:00', 0),
(3082, 'Kigali-ngali', 182, '0000-00-00 00:00:00', 0),
(3083, 'Ruhengeri', 182, '0000-00-00 00:00:00', 0),
(3084, 'Ascension', 183, '0000-00-00 00:00:00', 0),
(3085, 'Gough Island', 183, '0000-00-00 00:00:00', 0),
(3086, 'Saint Helena', 183, '0000-00-00 00:00:00', 0),
(3087, 'Tristan da Cunha', 183, '0000-00-00 00:00:00', 0),
(3088, 'Christ Church Nichola Town', 184, '0000-00-00 00:00:00', 0),
(3089, 'Saint Anne Sandy Point', 184, '0000-00-00 00:00:00', 0),
(3090, 'Saint George Basseterre', 184, '0000-00-00 00:00:00', 0),
(3091, 'Saint George Gingerland', 184, '0000-00-00 00:00:00', 0),
(3092, 'Saint James Windward', 184, '0000-00-00 00:00:00', 0),
(3093, 'Saint John Capesterre', 184, '0000-00-00 00:00:00', 0),
(3094, 'Saint John Figtree', 184, '0000-00-00 00:00:00', 0),
(3095, 'Saint Mary Cayon', 184, '0000-00-00 00:00:00', 0),
(3096, 'Saint Paul Capesterre', 184, '0000-00-00 00:00:00', 0),
(3097, 'Saint Paul Charlestown', 184, '0000-00-00 00:00:00', 0),
(3098, 'Saint Peter Basseterre', 184, '0000-00-00 00:00:00', 0),
(3099, 'Saint Thomas Lowland', 184, '0000-00-00 00:00:00', 0),
(3100, 'Saint Thomas Middle Island', 184, '0000-00-00 00:00:00', 0),
(3101, 'Trinity Palmetto Point', 184, '0000-00-00 00:00:00', 0),
(3102, 'Anse-la-Raye', 185, '0000-00-00 00:00:00', 0),
(3103, 'Canaries', 185, '0000-00-00 00:00:00', 0),
(3104, 'Castries', 185, '0000-00-00 00:00:00', 0),
(3105, 'Choiseul', 185, '0000-00-00 00:00:00', 0),
(3106, 'Dennery', 185, '0000-00-00 00:00:00', 0),
(3107, 'Gros Inlet', 185, '0000-00-00 00:00:00', 0),
(3108, 'Laborie', 185, '0000-00-00 00:00:00', 0),
(3109, 'Micoud', 185, '0000-00-00 00:00:00', 0),
(3110, 'Soufriere', 185, '0000-00-00 00:00:00', 0),
(3111, 'Vieux Fort', 185, '0000-00-00 00:00:00', 0),
(3112, 'Miquelon-Langlade', 186, '0000-00-00 00:00:00', 0),
(3113, 'Saint-Pierre', 186, '0000-00-00 00:00:00', 0),
(3114, 'Charlotte', 187, '0000-00-00 00:00:00', 0),
(3115, 'Grenadines', 187, '0000-00-00 00:00:00', 0),
(3116, 'Saint Andrew', 187, '0000-00-00 00:00:00', 0),
(3117, 'Saint David', 187, '0000-00-00 00:00:00', 0),
(3118, 'Saint George', 187, '0000-00-00 00:00:00', 0),
(3119, 'Saint Patrick', 187, '0000-00-00 00:00:00', 0),
(3120, 'A''ana', 188, '0000-00-00 00:00:00', 0),
(3121, 'Aiga-i-le-Tai', 188, '0000-00-00 00:00:00', 0),
(3122, 'Atua', 188, '0000-00-00 00:00:00', 0),
(3123, 'Fa''asaleleaga', 188, '0000-00-00 00:00:00', 0),
(3124, 'Gaga''emauga', 188, '0000-00-00 00:00:00', 0),
(3125, 'Gagaifomauga', 188, '0000-00-00 00:00:00', 0),
(3126, 'Palauli', 188, '0000-00-00 00:00:00', 0),
(3127, 'Satupa''itea', 188, '0000-00-00 00:00:00', 0),
(3128, 'Tuamasaga', 188, '0000-00-00 00:00:00', 0),
(3129, 'Va''a-o-Fonoti', 188, '0000-00-00 00:00:00', 0),
(3130, 'Vaisigano', 188, '0000-00-00 00:00:00', 0),
(3131, 'Acquaviva', 189, '0000-00-00 00:00:00', 0),
(3132, 'Borgo Maggiore', 189, '0000-00-00 00:00:00', 0),
(3133, 'Chiesanuova', 189, '0000-00-00 00:00:00', 0),
(3134, 'Domagnano', 189, '0000-00-00 00:00:00', 0),
(3135, 'Faetano', 189, '0000-00-00 00:00:00', 0),
(3136, 'Fiorentino', 189, '0000-00-00 00:00:00', 0),
(3137, 'Montegiardino', 189, '0000-00-00 00:00:00', 0),
(3138, 'San Marino', 189, '0000-00-00 00:00:00', 0),
(3139, 'Serravalle', 189, '0000-00-00 00:00:00', 0),
(3140, 'Agua Grande', 190, '0000-00-00 00:00:00', 0),
(3141, 'Cantagalo', 190, '0000-00-00 00:00:00', 0),
(3142, 'Lemba', 190, '0000-00-00 00:00:00', 0),
(3143, 'Lobata', 190, '0000-00-00 00:00:00', 0),
(3144, 'Me-Zochi', 190, '0000-00-00 00:00:00', 0),
(3145, 'Pague', 190, '0000-00-00 00:00:00', 0),
(3146, 'Al Khobar', 191, '0000-00-00 00:00:00', 0),
(3147, 'Aseer', 191, '0000-00-00 00:00:00', 0),
(3148, 'Ash Sharqiyah', 191, '0000-00-00 00:00:00', 0),
(3149, 'Asir', 191, '0000-00-00 00:00:00', 0),
(3150, 'Central Province', 191, '0000-00-00 00:00:00', 0),
(3151, 'Eastern Province', 191, '0000-00-00 00:00:00', 0),
(3152, 'Ha''il', 191, '0000-00-00 00:00:00', 0),
(3153, 'Jawf', 191, '0000-00-00 00:00:00', 0),
(3154, 'Jizan', 191, '0000-00-00 00:00:00', 0),
(3155, 'Makkah', 191, '0000-00-00 00:00:00', 0),
(3156, 'Najran', 191, '0000-00-00 00:00:00', 0),
(3157, 'Qasim', 191, '0000-00-00 00:00:00', 0),
(3158, 'Tabuk', 191, '0000-00-00 00:00:00', 0),
(3159, 'Western Province', 191, '0000-00-00 00:00:00', 0),
(3160, 'al-Bahah', 191, '0000-00-00 00:00:00', 0),
(3161, 'al-Hudud-ash-Shamaliyah', 191, '0000-00-00 00:00:00', 0),
(3162, 'al-Madinah', 191, '0000-00-00 00:00:00', 0),
(3163, 'ar-Riyad', 191, '0000-00-00 00:00:00', 0),
(3164, 'Dakar', 192, '0000-00-00 00:00:00', 0),
(3165, 'Diourbel', 192, '0000-00-00 00:00:00', 0),
(3166, 'Fatick', 192, '0000-00-00 00:00:00', 0),
(3167, 'Kaolack', 192, '0000-00-00 00:00:00', 0),
(3168, 'Kolda', 192, '0000-00-00 00:00:00', 0),
(3169, 'Louga', 192, '0000-00-00 00:00:00', 0),
(3170, 'Saint-Louis', 192, '0000-00-00 00:00:00', 0),
(3171, 'Tambacounda', 192, '0000-00-00 00:00:00', 0),
(3172, 'Thies', 192, '0000-00-00 00:00:00', 0),
(3173, 'Ziguinchor', 192, '0000-00-00 00:00:00', 0),
(3174, 'Central Serbia', 193, '0000-00-00 00:00:00', 0),
(3175, 'Kosovo and Metohija', 193, '0000-00-00 00:00:00', 0),
(3176, 'Vojvodina', 193, '0000-00-00 00:00:00', 0),
(3177, 'Anse Boileau', 194, '0000-00-00 00:00:00', 0),
(3178, 'Anse Royale', 194, '0000-00-00 00:00:00', 0),
(3179, 'Cascade', 194, '0000-00-00 00:00:00', 0),
(3180, 'Takamaka', 194, '0000-00-00 00:00:00', 0),
(3181, 'Victoria', 194, '0000-00-00 00:00:00', 0),
(3182, 'Eastern', 195, '0000-00-00 00:00:00', 0),
(3183, 'Northern', 195, '0000-00-00 00:00:00', 0),
(3184, 'Southern', 195, '0000-00-00 00:00:00', 0),
(3185, 'Western', 195, '0000-00-00 00:00:00', 0),
(3186, 'Singapore', 196, '0000-00-00 00:00:00', 0),
(3187, 'Banskobystricky', 197, '0000-00-00 00:00:00', 0),
(3188, 'Bratislavsky', 197, '0000-00-00 00:00:00', 0),
(3189, 'Kosicky', 197, '0000-00-00 00:00:00', 0),
(3190, 'Nitriansky', 197, '0000-00-00 00:00:00', 0),
(3191, 'Presovsky', 197, '0000-00-00 00:00:00', 0),
(3192, 'Trenciansky', 197, '0000-00-00 00:00:00', 0),
(3193, 'Trnavsky', 197, '0000-00-00 00:00:00', 0),
(3194, 'Zilinsky', 197, '0000-00-00 00:00:00', 0),
(3195, 'Benedikt', 198, '0000-00-00 00:00:00', 0),
(3196, 'Gorenjska', 198, '0000-00-00 00:00:00', 0),
(3197, 'Gorishka', 198, '0000-00-00 00:00:00', 0),
(3198, 'Jugovzhodna Slovenija', 198, '0000-00-00 00:00:00', 0),
(3199, 'Koroshka', 198, '0000-00-00 00:00:00', 0),
(3200, 'Notranjsko-krashka', 198, '0000-00-00 00:00:00', 0),
(3201, 'Obalno-krashka', 198, '0000-00-00 00:00:00', 0),
(3202, 'Obcina Domzale', 198, '0000-00-00 00:00:00', 0),
(3203, 'Obcina Vitanje', 198, '0000-00-00 00:00:00', 0),
(3204, 'Osrednjeslovenska', 198, '0000-00-00 00:00:00', 0),
(3205, 'Podravska', 198, '0000-00-00 00:00:00', 0),
(3206, 'Pomurska', 198, '0000-00-00 00:00:00', 0),
(3207, 'Savinjska', 198, '0000-00-00 00:00:00', 0),
(3208, 'Slovenian Littoral', 198, '0000-00-00 00:00:00', 0),
(3209, 'Spodnjeposavska', 198, '0000-00-00 00:00:00', 0),
(3210, 'Zasavska', 198, '0000-00-00 00:00:00', 0),
(3211, 'Pitcairn', 199, '0000-00-00 00:00:00', 0),
(3212, 'Central', 200, '0000-00-00 00:00:00', 0),
(3213, 'Choiseul', 200, '0000-00-00 00:00:00', 0),
(3214, 'Guadalcanal', 200, '0000-00-00 00:00:00', 0),
(3215, 'Isabel', 200, '0000-00-00 00:00:00', 0),
(3216, 'Makira and Ulawa', 200, '0000-00-00 00:00:00', 0),
(3217, 'Malaita', 200, '0000-00-00 00:00:00', 0),
(3218, 'Rennell and Bellona', 200, '0000-00-00 00:00:00', 0),
(3219, 'Temotu', 200, '0000-00-00 00:00:00', 0),
(3220, 'Western', 200, '0000-00-00 00:00:00', 0),
(3221, 'Awdal', 201, '0000-00-00 00:00:00', 0),
(3222, 'Bakol', 201, '0000-00-00 00:00:00', 0),
(3223, 'Banadir', 201, '0000-00-00 00:00:00', 0),
(3224, 'Bari', 201, '0000-00-00 00:00:00', 0),
(3225, 'Bay', 201, '0000-00-00 00:00:00', 0),
(3226, 'Galgudug', 201, '0000-00-00 00:00:00', 0),
(3227, 'Gedo', 201, '0000-00-00 00:00:00', 0),
(3228, 'Hiran', 201, '0000-00-00 00:00:00', 0),
(3229, 'Jubbada Hose', 201, '0000-00-00 00:00:00', 0),
(3230, 'Jubbadha Dexe', 201, '0000-00-00 00:00:00', 0),
(3231, 'Mudug', 201, '0000-00-00 00:00:00', 0),
(3232, 'Nugal', 201, '0000-00-00 00:00:00', 0),
(3233, 'Sanag', 201, '0000-00-00 00:00:00', 0),
(3234, 'Shabellaha Dhexe', 201, '0000-00-00 00:00:00', 0),
(3235, 'Shabellaha Hose', 201, '0000-00-00 00:00:00', 0),
(3236, 'Togdher', 201, '0000-00-00 00:00:00', 0),
(3237, 'Woqoyi Galbed', 201, '0000-00-00 00:00:00', 0),
(3238, 'Eastern Cape', 202, '0000-00-00 00:00:00', 0),
(3239, 'Free State', 202, '0000-00-00 00:00:00', 0),
(3240, 'Gauteng', 202, '0000-00-00 00:00:00', 0),
(3241, 'Kempton Park', 202, '0000-00-00 00:00:00', 0),
(3242, 'Kramerville', 202, '0000-00-00 00:00:00', 0),
(3243, 'KwaZulu Natal', 202, '0000-00-00 00:00:00', 0),
(3244, 'Limpopo', 202, '0000-00-00 00:00:00', 0),
(3245, 'Mpumalanga', 202, '0000-00-00 00:00:00', 0),
(3246, 'North West', 202, '0000-00-00 00:00:00', 0),
(3247, 'Northern Cape', 202, '0000-00-00 00:00:00', 0),
(3248, 'Parow', 202, '0000-00-00 00:00:00', 0),
(3249, 'Table View', 202, '0000-00-00 00:00:00', 0),
(3250, 'Umtentweni', 202, '0000-00-00 00:00:00', 0),
(3251, 'Western Cape', 202, '0000-00-00 00:00:00', 0),
(3252, 'South Georgia', 203, '0000-00-00 00:00:00', 0),
(3253, 'Central Equatoria', 204, '0000-00-00 00:00:00', 0),
(3254, 'A Coruna', 205, '0000-00-00 00:00:00', 0),
(3255, 'Alacant', 205, '0000-00-00 00:00:00', 0),
(3256, 'Alava', 205, '0000-00-00 00:00:00', 0),
(3257, 'Albacete', 205, '0000-00-00 00:00:00', 0),
(3258, 'Almeria', 205, '0000-00-00 00:00:00', 0),
(3259, 'Andalucia', 205, '0000-00-00 00:00:00', 0),
(3260, 'Asturias', 205, '0000-00-00 00:00:00', 0),
(3261, 'Avila', 205, '0000-00-00 00:00:00', 0),
(3262, 'Badajoz', 205, '0000-00-00 00:00:00', 0),
(3263, 'Balears', 205, '0000-00-00 00:00:00', 0),
(3264, 'Barcelona', 205, '0000-00-00 00:00:00', 0),
(3265, 'Bertamirans', 205, '0000-00-00 00:00:00', 0),
(3266, 'Biscay', 205, '0000-00-00 00:00:00', 0),
(3267, 'Burgos', 205, '0000-00-00 00:00:00', 0),
(3268, 'Caceres', 205, '0000-00-00 00:00:00', 0),
(3269, 'Cadiz', 205, '0000-00-00 00:00:00', 0),
(3270, 'Cantabria', 205, '0000-00-00 00:00:00', 0),
(3271, 'Castello', 205, '0000-00-00 00:00:00', 0),
(3272, 'Catalunya', 205, '0000-00-00 00:00:00', 0),
(3273, 'Ceuta', 205, '0000-00-00 00:00:00', 0),
(3274, 'Ciudad Real', 205, '0000-00-00 00:00:00', 0),
(3275, 'Comunidad Autonoma de Canarias', 205, '0000-00-00 00:00:00', 0),
(3276, 'Comunidad Autonoma de Cataluna', 205, '0000-00-00 00:00:00', 0),
(3277, 'Comunidad Autonoma de Galicia', 205, '0000-00-00 00:00:00', 0),
(3278, 'Comunidad Autonoma de las Isla', 205, '0000-00-00 00:00:00', 0),
(3279, 'Comunidad Autonoma del Princip', 205, '0000-00-00 00:00:00', 0),
(3280, 'Comunidad Valenciana', 205, '0000-00-00 00:00:00', 0),
(3281, 'Cordoba', 205, '0000-00-00 00:00:00', 0),
(3282, 'Cuenca', 205, '0000-00-00 00:00:00', 0),
(3283, 'Gipuzkoa', 205, '0000-00-00 00:00:00', 0),
(3284, 'Girona', 205, '0000-00-00 00:00:00', 0),
(3285, 'Granada', 205, '0000-00-00 00:00:00', 0),
(3286, 'Guadalajara', 205, '0000-00-00 00:00:00', 0),
(3287, 'Guipuzcoa', 205, '0000-00-00 00:00:00', 0),
(3288, 'Huelva', 205, '0000-00-00 00:00:00', 0),
(3289, 'Huesca', 205, '0000-00-00 00:00:00', 0),
(3290, 'Jaen', 205, '0000-00-00 00:00:00', 0),
(3291, 'La Rioja', 205, '0000-00-00 00:00:00', 0),
(3292, 'Las Palmas', 205, '0000-00-00 00:00:00', 0),
(3293, 'Leon', 205, '0000-00-00 00:00:00', 0),
(3294, 'Lerida', 205, '0000-00-00 00:00:00', 0),
(3295, 'Lleida', 205, '0000-00-00 00:00:00', 0),
(3296, 'Lugo', 205, '0000-00-00 00:00:00', 0),
(3297, 'Madrid', 205, '0000-00-00 00:00:00', 0),
(3298, 'Malaga', 205, '0000-00-00 00:00:00', 0),
(3299, 'Melilla', 205, '0000-00-00 00:00:00', 0),
(3300, 'Murcia', 205, '0000-00-00 00:00:00', 0),
(3301, 'Navarra', 205, '0000-00-00 00:00:00', 0),
(3302, 'Ourense', 205, '0000-00-00 00:00:00', 0),
(3303, 'Pais Vasco', 205, '0000-00-00 00:00:00', 0),
(3304, 'Palencia', 205, '0000-00-00 00:00:00', 0),
(3305, 'Pontevedra', 205, '0000-00-00 00:00:00', 0),
(3306, 'Salamanca', 205, '0000-00-00 00:00:00', 0),
(3307, 'Santa Cruz de Tenerife', 205, '0000-00-00 00:00:00', 0),
(3308, 'Segovia', 205, '0000-00-00 00:00:00', 0),
(3309, 'Sevilla', 205, '0000-00-00 00:00:00', 0),
(3310, 'Soria', 205, '0000-00-00 00:00:00', 0),
(3311, 'Tarragona', 205, '0000-00-00 00:00:00', 0),
(3312, 'Tenerife', 205, '0000-00-00 00:00:00', 0),
(3313, 'Teruel', 205, '0000-00-00 00:00:00', 0),
(3314, 'Toledo', 205, '0000-00-00 00:00:00', 0),
(3315, 'Valencia', 205, '0000-00-00 00:00:00', 0),
(3316, 'Valladolid', 205, '0000-00-00 00:00:00', 0),
(3317, 'Vizcaya', 205, '0000-00-00 00:00:00', 0),
(3318, 'Zamora', 205, '0000-00-00 00:00:00', 0),
(3319, 'Zaragoza', 205, '0000-00-00 00:00:00', 0),
(3320, 'Amparai', 206, '0000-00-00 00:00:00', 0),
(3321, 'Anuradhapuraya', 206, '0000-00-00 00:00:00', 0),
(3322, 'Badulla', 206, '0000-00-00 00:00:00', 0),
(3323, 'Boralesgamuwa', 206, '0000-00-00 00:00:00', 0),
(3324, 'Colombo', 206, '0000-00-00 00:00:00', 0),
(3325, 'Galla', 206, '0000-00-00 00:00:00', 0),
(3326, 'Gampaha', 206, '0000-00-00 00:00:00', 0),
(3327, 'Hambantota', 206, '0000-00-00 00:00:00', 0),
(3328, 'Kalatura', 206, '0000-00-00 00:00:00', 0),
(3329, 'Kegalla', 206, '0000-00-00 00:00:00', 0),
(3330, 'Kilinochchi', 206, '0000-00-00 00:00:00', 0),
(3331, 'Kurunegala', 206, '0000-00-00 00:00:00', 0),
(3332, 'Madakalpuwa', 206, '0000-00-00 00:00:00', 0),
(3333, 'Maha Nuwara', 206, '0000-00-00 00:00:00', 0),
(3334, 'Malwana', 206, '0000-00-00 00:00:00', 0),
(3335, 'Mannarama', 206, '0000-00-00 00:00:00', 0),
(3336, 'Matale', 206, '0000-00-00 00:00:00', 0),
(3337, 'Matara', 206, '0000-00-00 00:00:00', 0),
(3338, 'Monaragala', 206, '0000-00-00 00:00:00', 0),
(3339, 'Mullaitivu', 206, '0000-00-00 00:00:00', 0),
(3340, 'North Eastern Province', 206, '0000-00-00 00:00:00', 0),
(3341, 'North Western Province', 206, '0000-00-00 00:00:00', 0),
(3342, 'Nuwara Eliya', 206, '0000-00-00 00:00:00', 0),
(3343, 'Polonnaruwa', 206, '0000-00-00 00:00:00', 0),
(3344, 'Puttalama', 206, '0000-00-00 00:00:00', 0),
(3345, 'Ratnapuraya', 206, '0000-00-00 00:00:00', 0),
(3346, 'Southern Province', 206, '0000-00-00 00:00:00', 0),
(3347, 'Tirikunamalaya', 206, '0000-00-00 00:00:00', 0),
(3348, 'Tuscany', 206, '0000-00-00 00:00:00', 0),
(3349, 'Vavuniyawa', 206, '0000-00-00 00:00:00', 0),
(3350, 'Western Province', 206, '0000-00-00 00:00:00', 0),
(3351, 'Yapanaya', 206, '0000-00-00 00:00:00', 0),
(3352, 'kadawatha', 206, '0000-00-00 00:00:00', 0),
(3353, 'A''ali-an-Nil', 207, '0000-00-00 00:00:00', 0),
(3354, 'Bahr-al-Jabal', 207, '0000-00-00 00:00:00', 0),
(3355, 'Central Equatoria', 207, '0000-00-00 00:00:00', 0),
(3356, 'Gharb Bahr-al-Ghazal', 207, '0000-00-00 00:00:00', 0),
(3357, 'Gharb Darfur', 207, '0000-00-00 00:00:00', 0),
(3358, 'Gharb Kurdufan', 207, '0000-00-00 00:00:00', 0),
(3359, 'Gharb-al-Istiwa''iyah', 207, '0000-00-00 00:00:00', 0),
(3360, 'Janub Darfur', 207, '0000-00-00 00:00:00', 0),
(3361, 'Janub Kurdufan', 207, '0000-00-00 00:00:00', 0),
(3362, 'Junqali', 207, '0000-00-00 00:00:00', 0),
(3363, 'Kassala', 207, '0000-00-00 00:00:00', 0),
(3364, 'Nahr-an-Nil', 207, '0000-00-00 00:00:00', 0),
(3365, 'Shamal Bahr-al-Ghazal', 207, '0000-00-00 00:00:00', 0),
(3366, 'Shamal Darfur', 207, '0000-00-00 00:00:00', 0),
(3367, 'Shamal Kurdufan', 207, '0000-00-00 00:00:00', 0),
(3368, 'Sharq-al-Istiwa''iyah', 207, '0000-00-00 00:00:00', 0),
(3369, 'Sinnar', 207, '0000-00-00 00:00:00', 0),
(3370, 'Warab', 207, '0000-00-00 00:00:00', 0),
(3371, 'Wilayat al Khartum', 207, '0000-00-00 00:00:00', 0),
(3372, 'al-Bahr-al-Ahmar', 207, '0000-00-00 00:00:00', 0),
(3373, 'al-Buhayrat', 207, '0000-00-00 00:00:00', 0),
(3374, 'al-Jazirah', 207, '0000-00-00 00:00:00', 0),
(3375, 'al-Khartum', 207, '0000-00-00 00:00:00', 0),
(3376, 'al-Qadarif', 207, '0000-00-00 00:00:00', 0),
(3377, 'al-Wahdah', 207, '0000-00-00 00:00:00', 0),
(3378, 'an-Nil-al-Abyad', 207, '0000-00-00 00:00:00', 0),
(3379, 'an-Nil-al-Azraq', 207, '0000-00-00 00:00:00', 0),
(3380, 'ash-Shamaliyah', 207, '0000-00-00 00:00:00', 0),
(3381, 'Brokopondo', 208, '0000-00-00 00:00:00', 0),
(3382, 'Commewijne', 208, '0000-00-00 00:00:00', 0),
(3383, 'Coronie', 208, '0000-00-00 00:00:00', 0),
(3384, 'Marowijne', 208, '0000-00-00 00:00:00', 0),
(3385, 'Nickerie', 208, '0000-00-00 00:00:00', 0),
(3386, 'Para', 208, '0000-00-00 00:00:00', 0),
(3387, 'Paramaribo', 208, '0000-00-00 00:00:00', 0),
(3388, 'Saramacca', 208, '0000-00-00 00:00:00', 0),
(3389, 'Wanica', 208, '0000-00-00 00:00:00', 0),
(3390, 'Svalbard', 209, '0000-00-00 00:00:00', 0),
(3391, 'Hhohho', 210, '0000-00-00 00:00:00', 0),
(3392, 'Lubombo', 210, '0000-00-00 00:00:00', 0),
(3393, 'Manzini', 210, '0000-00-00 00:00:00', 0),
(3394, 'Shiselweni', 210, '0000-00-00 00:00:00', 0),
(3395, 'Alvsborgs Lan', 211, '0000-00-00 00:00:00', 0),
(3396, 'Angermanland', 211, '0000-00-00 00:00:00', 0),
(3397, 'Blekinge', 211, '0000-00-00 00:00:00', 0),
(3398, 'Bohuslan', 211, '0000-00-00 00:00:00', 0),
(3399, 'Dalarna', 211, '0000-00-00 00:00:00', 0),
(3400, 'Gavleborg', 211, '0000-00-00 00:00:00', 0),
(3401, 'Gaza', 211, '0000-00-00 00:00:00', 0),
(3402, 'Gotland', 211, '0000-00-00 00:00:00', 0),
(3403, 'Halland', 211, '0000-00-00 00:00:00', 0),
(3404, 'Jamtland', 211, '0000-00-00 00:00:00', 0),
(3405, 'Jonkoping', 211, '0000-00-00 00:00:00', 0),
(3406, 'Kalmar', 211, '0000-00-00 00:00:00', 0),
(3407, 'Kristianstads', 211, '0000-00-00 00:00:00', 0),
(3408, 'Kronoberg', 211, '0000-00-00 00:00:00', 0),
(3409, 'Norrbotten', 211, '0000-00-00 00:00:00', 0),
(3410, 'Orebro', 211, '0000-00-00 00:00:00', 0),
(3411, 'Ostergotland', 211, '0000-00-00 00:00:00', 0),
(3412, 'Saltsjo-Boo', 211, '0000-00-00 00:00:00', 0),
(3413, 'Skane', 211, '0000-00-00 00:00:00', 0),
(3414, 'Smaland', 211, '0000-00-00 00:00:00', 0),
(3415, 'Sodermanland', 211, '0000-00-00 00:00:00', 0),
(3416, 'Stockholm', 211, '0000-00-00 00:00:00', 0),
(3417, 'Uppsala', 211, '0000-00-00 00:00:00', 0),
(3418, 'Varmland', 211, '0000-00-00 00:00:00', 0),
(3419, 'Vasterbotten', 211, '0000-00-00 00:00:00', 0),
(3420, 'Vastergotland', 211, '0000-00-00 00:00:00', 0),
(3421, 'Vasternorrland', 211, '0000-00-00 00:00:00', 0),
(3422, 'Vastmanland', 211, '0000-00-00 00:00:00', 0),
(3423, 'Vastra Gotaland', 211, '0000-00-00 00:00:00', 0),
(3424, 'Aargau', 212, '0000-00-00 00:00:00', 0),
(3425, 'Appenzell Inner-Rhoden', 212, '0000-00-00 00:00:00', 0),
(3426, 'Appenzell-Ausser Rhoden', 212, '0000-00-00 00:00:00', 0),
(3427, 'Basel-Landschaft', 212, '0000-00-00 00:00:00', 0),
(3428, 'Basel-Stadt', 212, '0000-00-00 00:00:00', 0),
(3429, 'Bern', 212, '0000-00-00 00:00:00', 0),
(3430, 'Canton Ticino', 212, '0000-00-00 00:00:00', 0),
(3431, 'Fribourg', 212, '0000-00-00 00:00:00', 0),
(3432, 'Geneve', 212, '0000-00-00 00:00:00', 0),
(3433, 'Glarus', 212, '0000-00-00 00:00:00', 0),
(3434, 'Graubunden', 212, '0000-00-00 00:00:00', 0),
(3435, 'Heerbrugg', 212, '0000-00-00 00:00:00', 0),
(3436, 'Jura', 212, '0000-00-00 00:00:00', 0),
(3437, 'Kanton Aargau', 212, '0000-00-00 00:00:00', 0),
(3438, 'Luzern', 212, '0000-00-00 00:00:00', 0),
(3439, 'Morbio Inferiore', 212, '0000-00-00 00:00:00', 0),
(3440, 'Muhen', 212, '0000-00-00 00:00:00', 0),
(3441, 'Neuchatel', 212, '0000-00-00 00:00:00', 0),
(3442, 'Nidwalden', 212, '0000-00-00 00:00:00', 0),
(3443, 'Obwalden', 212, '0000-00-00 00:00:00', 0),
(3444, 'Sankt Gallen', 212, '0000-00-00 00:00:00', 0),
(3445, 'Schaffhausen', 212, '0000-00-00 00:00:00', 0),
(3446, 'Schwyz', 212, '0000-00-00 00:00:00', 0),
(3447, 'Solothurn', 212, '0000-00-00 00:00:00', 0),
(3448, 'Thurgau', 212, '0000-00-00 00:00:00', 0),
(3449, 'Ticino', 212, '0000-00-00 00:00:00', 0),
(3450, 'Uri', 212, '0000-00-00 00:00:00', 0),
(3451, 'Valais', 212, '0000-00-00 00:00:00', 0),
(3452, 'Vaud', 212, '0000-00-00 00:00:00', 0),
(3453, 'Vauffelin', 212, '0000-00-00 00:00:00', 0),
(3454, 'Zug', 212, '0000-00-00 00:00:00', 0),
(3455, 'Zurich', 212, '0000-00-00 00:00:00', 0),
(3456, 'Aleppo', 213, '0000-00-00 00:00:00', 0),
(3457, 'Dar''a', 213, '0000-00-00 00:00:00', 0),
(3458, 'Dayr-az-Zawr', 213, '0000-00-00 00:00:00', 0),
(3459, 'Dimashq', 213, '0000-00-00 00:00:00', 0),
(3460, 'Halab', 213, '0000-00-00 00:00:00', 0),
(3461, 'Hamah', 213, '0000-00-00 00:00:00', 0),
(3462, 'Hims', 213, '0000-00-00 00:00:00', 0),
(3463, 'Idlib', 213, '0000-00-00 00:00:00', 0),
(3464, 'Madinat Dimashq', 213, '0000-00-00 00:00:00', 0),
(3465, 'Tartus', 213, '0000-00-00 00:00:00', 0),
(3466, 'al-Hasakah', 213, '0000-00-00 00:00:00', 0),
(3467, 'al-Ladhiqiyah', 213, '0000-00-00 00:00:00', 0),
(3468, 'al-Qunaytirah', 213, '0000-00-00 00:00:00', 0),
(3469, 'ar-Raqqah', 213, '0000-00-00 00:00:00', 0),
(3470, 'as-Suwayda', 213, '0000-00-00 00:00:00', 0),
(3471, 'Changhwa', 214, '0000-00-00 00:00:00', 0),
(3472, 'Chiayi Hsien', 214, '0000-00-00 00:00:00', 0),
(3473, 'Chiayi Shih', 214, '0000-00-00 00:00:00', 0),
(3474, 'Eastern Taipei', 214, '0000-00-00 00:00:00', 0),
(3475, 'Hsinchu Hsien', 214, '0000-00-00 00:00:00', 0),
(3476, 'Hsinchu Shih', 214, '0000-00-00 00:00:00', 0),
(3477, 'Hualien', 214, '0000-00-00 00:00:00', 0),
(3478, 'Ilan', 214, '0000-00-00 00:00:00', 0),
(3479, 'Kaohsiung Hsien', 214, '0000-00-00 00:00:00', 0),
(3480, 'Kaohsiung Shih', 214, '0000-00-00 00:00:00', 0),
(3481, 'Keelung Shih', 214, '0000-00-00 00:00:00', 0),
(3482, 'Kinmen', 214, '0000-00-00 00:00:00', 0),
(3483, 'Miaoli', 214, '0000-00-00 00:00:00', 0),
(3484, 'Nantou', 214, '0000-00-00 00:00:00', 0),
(3485, 'Northern Taiwan', 214, '0000-00-00 00:00:00', 0),
(3486, 'Penghu', 214, '0000-00-00 00:00:00', 0),
(3487, 'Pingtung', 214, '0000-00-00 00:00:00', 0),
(3488, 'Taichung', 214, '0000-00-00 00:00:00', 0),
(3489, 'Taichung Hsien', 214, '0000-00-00 00:00:00', 0),
(3490, 'Taichung Shih', 214, '0000-00-00 00:00:00', 0),
(3491, 'Tainan Hsien', 214, '0000-00-00 00:00:00', 0),
(3492, 'Tainan Shih', 214, '0000-00-00 00:00:00', 0),
(3493, 'Taipei Hsien', 214, '0000-00-00 00:00:00', 0),
(3494, 'Taipei Shih / Taipei Hsien', 214, '0000-00-00 00:00:00', 0),
(3495, 'Taitung', 214, '0000-00-00 00:00:00', 0),
(3496, 'Taoyuan', 214, '0000-00-00 00:00:00', 0),
(3497, 'Yilan', 214, '0000-00-00 00:00:00', 0),
(3498, 'Yun-Lin Hsien', 214, '0000-00-00 00:00:00', 0),
(3499, 'Yunlin', 214, '0000-00-00 00:00:00', 0),
(3500, 'Dushanbe', 215, '0000-00-00 00:00:00', 0),
(3501, 'Gorno-Badakhshan', 215, '0000-00-00 00:00:00', 0),
(3502, 'Karotegin', 215, '0000-00-00 00:00:00', 0),
(3503, 'Khatlon', 215, '0000-00-00 00:00:00', 0),
(3504, 'Sughd', 215, '0000-00-00 00:00:00', 0),
(3505, 'Arusha', 216, '0000-00-00 00:00:00', 0),
(3506, 'Dar es Salaam', 216, '0000-00-00 00:00:00', 0),
(3507, 'Dodoma', 216, '0000-00-00 00:00:00', 0),
(3508, 'Iringa', 216, '0000-00-00 00:00:00', 0),
(3509, 'Kagera', 216, '0000-00-00 00:00:00', 0),
(3510, 'Kigoma', 216, '0000-00-00 00:00:00', 0),
(3511, 'Kilimanjaro', 216, '0000-00-00 00:00:00', 0),
(3512, 'Lindi', 216, '0000-00-00 00:00:00', 0),
(3513, 'Mara', 216, '0000-00-00 00:00:00', 0),
(3514, 'Mbeya', 216, '0000-00-00 00:00:00', 0),
(3515, 'Morogoro', 216, '0000-00-00 00:00:00', 0),
(3516, 'Mtwara', 216, '0000-00-00 00:00:00', 0),
(3517, 'Mwanza', 216, '0000-00-00 00:00:00', 0),
(3518, 'Pwani', 216, '0000-00-00 00:00:00', 0),
(3519, 'Rukwa', 216, '0000-00-00 00:00:00', 0),
(3520, 'Ruvuma', 216, '0000-00-00 00:00:00', 0),
(3521, 'Shinyanga', 216, '0000-00-00 00:00:00', 0),
(3522, 'Singida', 216, '0000-00-00 00:00:00', 0),
(3523, 'Tabora', 216, '0000-00-00 00:00:00', 0),
(3524, 'Tanga', 216, '0000-00-00 00:00:00', 0),
(3525, 'Zanzibar and Pemba', 216, '0000-00-00 00:00:00', 0),
(3526, 'Amnat Charoen', 217, '0000-00-00 00:00:00', 0),
(3527, 'Ang Thong', 217, '0000-00-00 00:00:00', 0),
(3528, 'Bangkok', 217, '0000-00-00 00:00:00', 0),
(3529, 'Buri Ram', 217, '0000-00-00 00:00:00', 0),
(3530, 'Chachoengsao', 217, '0000-00-00 00:00:00', 0),
(3531, 'Chai Nat', 217, '0000-00-00 00:00:00', 0),
(3532, 'Chaiyaphum', 217, '0000-00-00 00:00:00', 0),
(3533, 'Changwat Chaiyaphum', 217, '0000-00-00 00:00:00', 0),
(3534, 'Chanthaburi', 217, '0000-00-00 00:00:00', 0),
(3535, 'Chiang Mai', 217, '0000-00-00 00:00:00', 0),
(3536, 'Chiang Rai', 217, '0000-00-00 00:00:00', 0),
(3537, 'Chon Buri', 217, '0000-00-00 00:00:00', 0),
(3538, 'Chumphon', 217, '0000-00-00 00:00:00', 0),
(3539, 'Kalasin', 217, '0000-00-00 00:00:00', 0),
(3540, 'Kamphaeng Phet', 217, '0000-00-00 00:00:00', 0),
(3541, 'Kanchanaburi', 217, '0000-00-00 00:00:00', 0),
(3542, 'Khon Kaen', 217, '0000-00-00 00:00:00', 0),
(3543, 'Krabi', 217, '0000-00-00 00:00:00', 0),
(3544, 'Krung Thep', 217, '0000-00-00 00:00:00', 0),
(3545, 'Lampang', 217, '0000-00-00 00:00:00', 0),
(3546, 'Lamphun', 217, '0000-00-00 00:00:00', 0),
(3547, 'Loei', 217, '0000-00-00 00:00:00', 0),
(3548, 'Lop Buri', 217, '0000-00-00 00:00:00', 0),
(3549, 'Mae Hong Son', 217, '0000-00-00 00:00:00', 0),
(3550, 'Maha Sarakham', 217, '0000-00-00 00:00:00', 0),
(3551, 'Mukdahan', 217, '0000-00-00 00:00:00', 0),
(3552, 'Nakhon Nayok', 217, '0000-00-00 00:00:00', 0),
(3553, 'Nakhon Pathom', 217, '0000-00-00 00:00:00', 0),
(3554, 'Nakhon Phanom', 217, '0000-00-00 00:00:00', 0),
(3555, 'Nakhon Ratchasima', 217, '0000-00-00 00:00:00', 0),
(3556, 'Nakhon Sawan', 217, '0000-00-00 00:00:00', 0),
(3557, 'Nakhon Si Thammarat', 217, '0000-00-00 00:00:00', 0),
(3558, 'Nan', 217, '0000-00-00 00:00:00', 0),
(3559, 'Narathiwat', 217, '0000-00-00 00:00:00', 0),
(3560, 'Nong Bua Lam Phu', 217, '0000-00-00 00:00:00', 0),
(3561, 'Nong Khai', 217, '0000-00-00 00:00:00', 0),
(3562, 'Nonthaburi', 217, '0000-00-00 00:00:00', 0),
(3563, 'Pathum Thani', 217, '0000-00-00 00:00:00', 0),
(3564, 'Pattani', 217, '0000-00-00 00:00:00', 0),
(3565, 'Phangnga', 217, '0000-00-00 00:00:00', 0),
(3566, 'Phatthalung', 217, '0000-00-00 00:00:00', 0),
(3567, 'Phayao', 217, '0000-00-00 00:00:00', 0),
(3568, 'Phetchabun', 217, '0000-00-00 00:00:00', 0),
(3569, 'Phetchaburi', 217, '0000-00-00 00:00:00', 0),
(3570, 'Phichit', 217, '0000-00-00 00:00:00', 0),
(3571, 'Phitsanulok', 217, '0000-00-00 00:00:00', 0),
(3572, 'Phra Nakhon Si Ayutthaya', 217, '0000-00-00 00:00:00', 0),
(3573, 'Phrae', 217, '0000-00-00 00:00:00', 0),
(3574, 'Phuket', 217, '0000-00-00 00:00:00', 0),
(3575, 'Prachin Buri', 217, '0000-00-00 00:00:00', 0),
(3576, 'Prachuap Khiri Khan', 217, '0000-00-00 00:00:00', 0),
(3577, 'Ranong', 217, '0000-00-00 00:00:00', 0),
(3578, 'Ratchaburi', 217, '0000-00-00 00:00:00', 0),
(3579, 'Rayong', 217, '0000-00-00 00:00:00', 0),
(3580, 'Roi Et', 217, '0000-00-00 00:00:00', 0),
(3581, 'Sa Kaeo', 217, '0000-00-00 00:00:00', 0),
(3582, 'Sakon Nakhon', 217, '0000-00-00 00:00:00', 0),
(3583, 'Samut Prakan', 217, '0000-00-00 00:00:00', 0),
(3584, 'Samut Sakhon', 217, '0000-00-00 00:00:00', 0),
(3585, 'Samut Songkhran', 217, '0000-00-00 00:00:00', 0),
(3586, 'Saraburi', 217, '0000-00-00 00:00:00', 0),
(3587, 'Satun', 217, '0000-00-00 00:00:00', 0),
(3588, 'Si Sa Ket', 217, '0000-00-00 00:00:00', 0),
(3589, 'Sing Buri', 217, '0000-00-00 00:00:00', 0),
(3590, 'Songkhla', 217, '0000-00-00 00:00:00', 0),
(3591, 'Sukhothai', 217, '0000-00-00 00:00:00', 0),
(3592, 'Suphan Buri', 217, '0000-00-00 00:00:00', 0),
(3593, 'Surat Thani', 217, '0000-00-00 00:00:00', 0),
(3594, 'Surin', 217, '0000-00-00 00:00:00', 0),
(3595, 'Tak', 217, '0000-00-00 00:00:00', 0),
(3596, 'Trang', 217, '0000-00-00 00:00:00', 0),
(3597, 'Trat', 217, '0000-00-00 00:00:00', 0),
(3598, 'Ubon Ratchathani', 217, '0000-00-00 00:00:00', 0),
(3599, 'Udon Thani', 217, '0000-00-00 00:00:00', 0),
(3600, 'Uthai Thani', 217, '0000-00-00 00:00:00', 0),
(3601, 'Uttaradit', 217, '0000-00-00 00:00:00', 0),
(3602, 'Yala', 217, '0000-00-00 00:00:00', 0),
(3603, 'Yasothon', 217, '0000-00-00 00:00:00', 0),
(3604, 'Centre', 218, '0000-00-00 00:00:00', 0),
(3605, 'Kara', 218, '0000-00-00 00:00:00', 0),
(3606, 'Maritime', 218, '0000-00-00 00:00:00', 0),
(3607, 'Plateaux', 218, '0000-00-00 00:00:00', 0),
(3608, 'Savanes', 218, '0000-00-00 00:00:00', 0),
(3609, 'Atafu', 219, '0000-00-00 00:00:00', 0),
(3610, 'Fakaofo', 219, '0000-00-00 00:00:00', 0),
(3611, 'Nukunonu', 219, '0000-00-00 00:00:00', 0),
(3612, 'Eua', 220, '0000-00-00 00:00:00', 0),
(3613, 'Ha''apai', 220, '0000-00-00 00:00:00', 0),
(3614, 'Niuas', 220, '0000-00-00 00:00:00', 0),
(3615, 'Tongatapu', 220, '0000-00-00 00:00:00', 0),
(3616, 'Vava''u', 220, '0000-00-00 00:00:00', 0),
(3617, 'Arima-Tunapuna-Piarco', 221, '0000-00-00 00:00:00', 0),
(3618, 'Caroni', 221, '0000-00-00 00:00:00', 0),
(3619, 'Chaguanas', 221, '0000-00-00 00:00:00', 0),
(3620, 'Couva-Tabaquite-Talparo', 221, '0000-00-00 00:00:00', 0),
(3621, 'Diego Martin', 221, '0000-00-00 00:00:00', 0),
(3622, 'Glencoe', 221, '0000-00-00 00:00:00', 0),
(3623, 'Penal Debe', 221, '0000-00-00 00:00:00', 0),
(3624, 'Point Fortin', 221, '0000-00-00 00:00:00', 0),
(3625, 'Port of Spain', 221, '0000-00-00 00:00:00', 0),
(3626, 'Princes Town', 221, '0000-00-00 00:00:00', 0),
(3627, 'Saint George', 221, '0000-00-00 00:00:00', 0),
(3628, 'San Fernando', 221, '0000-00-00 00:00:00', 0),
(3629, 'San Juan', 221, '0000-00-00 00:00:00', 0),
(3630, 'Sangre Grande', 221, '0000-00-00 00:00:00', 0),
(3631, 'Siparia', 221, '0000-00-00 00:00:00', 0),
(3632, 'Tobago', 221, '0000-00-00 00:00:00', 0),
(3633, 'Aryanah', 222, '0000-00-00 00:00:00', 0),
(3634, 'Bajah', 222, '0000-00-00 00:00:00', 0),
(3635, 'Bin ''Arus', 222, '0000-00-00 00:00:00', 0),
(3636, 'Binzart', 222, '0000-00-00 00:00:00', 0),
(3637, 'Gouvernorat de Ariana', 222, '0000-00-00 00:00:00', 0),
(3638, 'Gouvernorat de Nabeul', 222, '0000-00-00 00:00:00', 0),
(3639, 'Gouvernorat de Sousse', 222, '0000-00-00 00:00:00', 0),
(3640, 'Hammamet Yasmine', 222, '0000-00-00 00:00:00', 0),
(3641, 'Jundubah', 222, '0000-00-00 00:00:00', 0),
(3642, 'Madaniyin', 222, '0000-00-00 00:00:00', 0),
(3643, 'Manubah', 222, '0000-00-00 00:00:00', 0),
(3644, 'Monastir', 222, '0000-00-00 00:00:00', 0),
(3645, 'Nabul', 222, '0000-00-00 00:00:00', 0),
(3646, 'Qabis', 222, '0000-00-00 00:00:00', 0),
(3647, 'Qafsah', 222, '0000-00-00 00:00:00', 0),
(3648, 'Qibili', 222, '0000-00-00 00:00:00', 0),
(3649, 'Safaqis', 222, '0000-00-00 00:00:00', 0),
(3650, 'Sfax', 222, '0000-00-00 00:00:00', 0),
(3651, 'Sidi Bu Zayd', 222, '0000-00-00 00:00:00', 0),
(3652, 'Silyanah', 222, '0000-00-00 00:00:00', 0),
(3653, 'Susah', 222, '0000-00-00 00:00:00', 0),
(3654, 'Tatawin', 222, '0000-00-00 00:00:00', 0),
(3655, 'Tawzar', 222, '0000-00-00 00:00:00', 0),
(3656, 'Tunis', 222, '0000-00-00 00:00:00', 0),
(3657, 'Zaghwan', 222, '0000-00-00 00:00:00', 0),
(3658, 'al-Kaf', 222, '0000-00-00 00:00:00', 0),
(3659, 'al-Mahdiyah', 222, '0000-00-00 00:00:00', 0),
(3660, 'al-Munastir', 222, '0000-00-00 00:00:00', 0),
(3661, 'al-Qasrayn', 222, '0000-00-00 00:00:00', 0),
(3662, 'al-Qayrawan', 222, '0000-00-00 00:00:00', 0),
(3663, 'Adana', 223, '0000-00-00 00:00:00', 0),
(3664, 'Adiyaman', 223, '0000-00-00 00:00:00', 0),
(3665, 'Afyon', 223, '0000-00-00 00:00:00', 0),
(3666, 'Agri', 223, '0000-00-00 00:00:00', 0),
(3667, 'Aksaray', 223, '0000-00-00 00:00:00', 0),
(3668, 'Amasya', 223, '0000-00-00 00:00:00', 0),
(3669, 'Ankara', 223, '0000-00-00 00:00:00', 0),
(3670, 'Antalya', 223, '0000-00-00 00:00:00', 0),
(3671, 'Ardahan', 223, '0000-00-00 00:00:00', 0),
(3672, 'Artvin', 223, '0000-00-00 00:00:00', 0),
(3673, 'Aydin', 223, '0000-00-00 00:00:00', 0),
(3674, 'Balikesir', 223, '0000-00-00 00:00:00', 0),
(3675, 'Bartin', 223, '0000-00-00 00:00:00', 0),
(3676, 'Batman', 223, '0000-00-00 00:00:00', 0),
(3677, 'Bayburt', 223, '0000-00-00 00:00:00', 0),
(3678, 'Bilecik', 223, '0000-00-00 00:00:00', 0),
(3679, 'Bingol', 223, '0000-00-00 00:00:00', 0),
(3680, 'Bitlis', 223, '0000-00-00 00:00:00', 0),
(3681, 'Bolu', 223, '0000-00-00 00:00:00', 0),
(3682, 'Burdur', 223, '0000-00-00 00:00:00', 0),
(3683, 'Bursa', 223, '0000-00-00 00:00:00', 0),
(3684, 'Canakkale', 223, '0000-00-00 00:00:00', 0),
(3685, 'Cankiri', 223, '0000-00-00 00:00:00', 0),
(3686, 'Corum', 223, '0000-00-00 00:00:00', 0),
(3687, 'Denizli', 223, '0000-00-00 00:00:00', 0),
(3688, 'Diyarbakir', 223, '0000-00-00 00:00:00', 0),
(3689, 'Duzce', 223, '0000-00-00 00:00:00', 0),
(3690, 'Edirne', 223, '0000-00-00 00:00:00', 0),
(3691, 'Elazig', 223, '0000-00-00 00:00:00', 0),
(3692, 'Erzincan', 223, '0000-00-00 00:00:00', 0),
(3693, 'Erzurum', 223, '0000-00-00 00:00:00', 0),
(3694, 'Eskisehir', 223, '0000-00-00 00:00:00', 0),
(3695, 'Gaziantep', 223, '0000-00-00 00:00:00', 0),
(3696, 'Giresun', 223, '0000-00-00 00:00:00', 0),
(3697, 'Gumushane', 223, '0000-00-00 00:00:00', 0),
(3698, 'Hakkari', 223, '0000-00-00 00:00:00', 0),
(3699, 'Hatay', 223, '0000-00-00 00:00:00', 0),
(3700, 'Icel', 223, '0000-00-00 00:00:00', 0),
(3701, 'Igdir', 223, '0000-00-00 00:00:00', 0),
(3702, 'Isparta', 223, '0000-00-00 00:00:00', 0),
(3703, 'Istanbul', 223, '0000-00-00 00:00:00', 0),
(3704, 'Izmir', 223, '0000-00-00 00:00:00', 0),
(3705, 'Kahramanmaras', 223, '0000-00-00 00:00:00', 0),
(3706, 'Karabuk', 223, '0000-00-00 00:00:00', 0),
(3707, 'Karaman', 223, '0000-00-00 00:00:00', 0),
(3708, 'Kars', 223, '0000-00-00 00:00:00', 0),
(3709, 'Karsiyaka', 223, '0000-00-00 00:00:00', 0),
(3710, 'Kastamonu', 223, '0000-00-00 00:00:00', 0),
(3711, 'Kayseri', 223, '0000-00-00 00:00:00', 0),
(3712, 'Kilis', 223, '0000-00-00 00:00:00', 0),
(3713, 'Kirikkale', 223, '0000-00-00 00:00:00', 0),
(3714, 'Kirklareli', 223, '0000-00-00 00:00:00', 0),
(3715, 'Kirsehir', 223, '0000-00-00 00:00:00', 0),
(3716, 'Kocaeli', 223, '0000-00-00 00:00:00', 0),
(3717, 'Konya', 223, '0000-00-00 00:00:00', 0),
(3718, 'Kutahya', 223, '0000-00-00 00:00:00', 0),
(3719, 'Lefkosa', 223, '0000-00-00 00:00:00', 0),
(3720, 'Malatya', 223, '0000-00-00 00:00:00', 0),
(3721, 'Manisa', 223, '0000-00-00 00:00:00', 0),
(3722, 'Mardin', 223, '0000-00-00 00:00:00', 0),
(3723, 'Mugla', 223, '0000-00-00 00:00:00', 0),
(3724, 'Mus', 223, '0000-00-00 00:00:00', 0),
(3725, 'Nevsehir', 223, '0000-00-00 00:00:00', 0),
(3726, 'Nigde', 223, '0000-00-00 00:00:00', 0),
(3727, 'Ordu', 223, '0000-00-00 00:00:00', 0),
(3728, 'Osmaniye', 223, '0000-00-00 00:00:00', 0),
(3729, 'Rize', 223, '0000-00-00 00:00:00', 0),
(3730, 'Sakarya', 223, '0000-00-00 00:00:00', 0),
(3731, 'Samsun', 223, '0000-00-00 00:00:00', 0),
(3732, 'Sanliurfa', 223, '0000-00-00 00:00:00', 0),
(3733, 'Siirt', 223, '0000-00-00 00:00:00', 0),
(3734, 'Sinop', 223, '0000-00-00 00:00:00', 0),
(3735, 'Sirnak', 223, '0000-00-00 00:00:00', 0),
(3736, 'Sivas', 223, '0000-00-00 00:00:00', 0),
(3737, 'Tekirdag', 223, '0000-00-00 00:00:00', 0),
(3738, 'Tokat', 223, '0000-00-00 00:00:00', 0),
(3739, 'Trabzon', 223, '0000-00-00 00:00:00', 0),
(3740, 'Tunceli', 223, '0000-00-00 00:00:00', 0),
(3741, 'Usak', 223, '0000-00-00 00:00:00', 0),
(3742, 'Van', 223, '0000-00-00 00:00:00', 0),
(3743, 'Yalova', 223, '0000-00-00 00:00:00', 0),
(3744, 'Yozgat', 223, '0000-00-00 00:00:00', 0),
(3745, 'Zonguldak', 223, '0000-00-00 00:00:00', 0),
(3746, 'Ahal', 224, '0000-00-00 00:00:00', 0),
(3747, 'Asgabat', 224, '0000-00-00 00:00:00', 0),
(3748, 'Balkan', 224, '0000-00-00 00:00:00', 0),
(3749, 'Dasoguz', 224, '0000-00-00 00:00:00', 0),
(3750, 'Lebap', 224, '0000-00-00 00:00:00', 0),
(3751, 'Mari', 224, '0000-00-00 00:00:00', 0),
(3752, 'Grand Turk', 225, '0000-00-00 00:00:00', 0),
(3753, 'South Caicos and East Caicos', 225, '0000-00-00 00:00:00', 0),
(3754, 'Funafuti', 226, '0000-00-00 00:00:00', 0),
(3755, 'Nanumanga', 226, '0000-00-00 00:00:00', 0),
(3756, 'Nanumea', 226, '0000-00-00 00:00:00', 0),
(3757, 'Niutao', 226, '0000-00-00 00:00:00', 0),
(3758, 'Nui', 226, '0000-00-00 00:00:00', 0),
(3759, 'Nukufetau', 226, '0000-00-00 00:00:00', 0),
(3760, 'Nukulaelae', 226, '0000-00-00 00:00:00', 0),
(3761, 'Vaitupu', 226, '0000-00-00 00:00:00', 0),
(3762, 'Central', 227, '0000-00-00 00:00:00', 0),
(3763, 'Eastern', 227, '0000-00-00 00:00:00', 0),
(3764, 'Northern', 227, '0000-00-00 00:00:00', 0),
(3765, 'Western', 227, '0000-00-00 00:00:00', 0),
(3766, 'Cherkas''ka', 228, '0000-00-00 00:00:00', 0),
(3767, 'Chernihivs''ka', 228, '0000-00-00 00:00:00', 0),
(3768, 'Chernivets''ka', 228, '0000-00-00 00:00:00', 0),
(3769, 'Crimea', 228, '0000-00-00 00:00:00', 0),
(3770, 'Dnipropetrovska', 228, '0000-00-00 00:00:00', 0),
(3771, 'Donets''ka', 228, '0000-00-00 00:00:00', 0),
(3772, 'Ivano-Frankivs''ka', 228, '0000-00-00 00:00:00', 0),
(3773, 'Kharkiv', 228, '0000-00-00 00:00:00', 0),
(3774, 'Kharkov', 228, '0000-00-00 00:00:00', 0),
(3775, 'Khersonska', 228, '0000-00-00 00:00:00', 0),
(3776, 'Khmel''nyts''ka', 228, '0000-00-00 00:00:00', 0),
(3777, 'Kirovohrad', 228, '0000-00-00 00:00:00', 0),
(3778, 'Krym', 228, '0000-00-00 00:00:00', 0),
(3779, 'Kyyiv', 228, '0000-00-00 00:00:00', 0),
(3780, 'Kyyivs''ka', 228, '0000-00-00 00:00:00', 0),
(3781, 'L''vivs''ka', 228, '0000-00-00 00:00:00', 0),
(3782, 'Luhans''ka', 228, '0000-00-00 00:00:00', 0),
(3783, 'Mykolayivs''ka', 228, '0000-00-00 00:00:00', 0),
(3784, 'Odes''ka', 228, '0000-00-00 00:00:00', 0),
(3785, 'Odessa', 228, '0000-00-00 00:00:00', 0),
(3786, 'Poltavs''ka', 228, '0000-00-00 00:00:00', 0),
(3787, 'Rivnens''ka', 228, '0000-00-00 00:00:00', 0),
(3788, 'Sevastopol''', 228, '0000-00-00 00:00:00', 0),
(3789, 'Sums''ka', 228, '0000-00-00 00:00:00', 0),
(3790, 'Ternopil''s''ka', 228, '0000-00-00 00:00:00', 0),
(3791, 'Volyns''ka', 228, '0000-00-00 00:00:00', 0),
(3792, 'Vynnyts''ka', 228, '0000-00-00 00:00:00', 0),
(3793, 'Zakarpats''ka', 228, '0000-00-00 00:00:00', 0),
(3794, 'Zaporizhia', 228, '0000-00-00 00:00:00', 0),
(3795, 'Zhytomyrs''ka', 228, '0000-00-00 00:00:00', 0),
(3796, 'Abu Zabi', 229, '0000-00-00 00:00:00', 0),
(3797, 'Ajman', 229, '0000-00-00 00:00:00', 0),
(3798, 'Dubai', 229, '0000-00-00 00:00:00', 0),
(3799, 'Ras al-Khaymah', 229, '0000-00-00 00:00:00', 0),
(3800, 'Sharjah', 229, '0000-00-00 00:00:00', 0),
(3801, 'Sharjha', 229, '0000-00-00 00:00:00', 0),
(3802, 'Umm al Qaywayn', 229, '0000-00-00 00:00:00', 0),
(3803, 'al-Fujayrah', 229, '0000-00-00 00:00:00', 0),
(3804, 'ash-Shariqah', 229, '0000-00-00 00:00:00', 0),
(3805, 'Aberdeen', 230, '0000-00-00 00:00:00', 0),
(3806, 'Aberdeenshire', 230, '0000-00-00 00:00:00', 0),
(3807, 'Argyll', 230, '0000-00-00 00:00:00', 0),
(3808, 'Armagh', 230, '0000-00-00 00:00:00', 0),
(3809, 'Bedfordshire', 230, '0000-00-00 00:00:00', 0),
(3810, 'Belfast', 230, '0000-00-00 00:00:00', 0),
(3811, 'Berkshire', 230, '0000-00-00 00:00:00', 0),
(3812, 'Birmingham', 230, '0000-00-00 00:00:00', 0),
(3813, 'Brechin', 230, '0000-00-00 00:00:00', 0),
(3814, 'Bridgnorth', 230, '0000-00-00 00:00:00', 0),
(3815, 'Bristol', 230, '0000-00-00 00:00:00', 0),
(3816, 'Buckinghamshire', 230, '0000-00-00 00:00:00', 0),
(3817, 'Cambridge', 230, '0000-00-00 00:00:00', 0),
(3818, 'Cambridgeshire', 230, '0000-00-00 00:00:00', 0),
(3819, 'Channel Islands', 230, '0000-00-00 00:00:00', 0),
(3820, 'Cheshire', 230, '0000-00-00 00:00:00', 0),
(3821, 'Cleveland', 230, '0000-00-00 00:00:00', 0),
(3822, 'Co Fermanagh', 230, '0000-00-00 00:00:00', 0),
(3823, 'Conwy', 230, '0000-00-00 00:00:00', 0),
(3824, 'Cornwall', 230, '0000-00-00 00:00:00', 0),
(3825, 'Coventry', 230, '0000-00-00 00:00:00', 0),
(3826, 'Craven Arms', 230, '0000-00-00 00:00:00', 0),
(3827, 'Cumbria', 230, '0000-00-00 00:00:00', 0),
(3828, 'Denbighshire', 230, '0000-00-00 00:00:00', 0),
(3829, 'Derby', 230, '0000-00-00 00:00:00', 0),
(3830, 'Derbyshire', 230, '0000-00-00 00:00:00', 0),
(3831, 'Devon', 230, '0000-00-00 00:00:00', 0),
(3832, 'Dial Code Dungannon', 230, '0000-00-00 00:00:00', 0),
(3833, 'Didcot', 230, '0000-00-00 00:00:00', 0),
(3834, 'Dorset', 230, '0000-00-00 00:00:00', 0),
(3835, 'Dunbartonshire', 230, '0000-00-00 00:00:00', 0),
(3836, 'Durham', 230, '0000-00-00 00:00:00', 0),
(3837, 'East Dunbartonshire', 230, '0000-00-00 00:00:00', 0),
(3838, 'East Lothian', 230, '0000-00-00 00:00:00', 0),
(3839, 'East Midlands', 230, '0000-00-00 00:00:00', 0),
(3840, 'East Sussex', 230, '0000-00-00 00:00:00', 0),
(3841, 'East Yorkshire', 230, '0000-00-00 00:00:00', 0),
(3842, 'England', 230, '0000-00-00 00:00:00', 0),
(3843, 'Essex', 230, '0000-00-00 00:00:00', 0),
(3844, 'Fermanagh', 230, '0000-00-00 00:00:00', 0),
(3845, 'Fife', 230, '0000-00-00 00:00:00', 0),
(3846, 'Flintshire', 230, '0000-00-00 00:00:00', 0),
(3847, 'Fulham', 230, '0000-00-00 00:00:00', 0),
(3848, 'Gainsborough', 230, '0000-00-00 00:00:00', 0),
(3849, 'Glocestershire', 230, '0000-00-00 00:00:00', 0),
(3850, 'Gwent', 230, '0000-00-00 00:00:00', 0),
(3851, 'Hampshire', 230, '0000-00-00 00:00:00', 0),
(3852, 'Hants', 230, '0000-00-00 00:00:00', 0),
(3853, 'Herefordshire', 230, '0000-00-00 00:00:00', 0),
(3854, 'Hertfordshire', 230, '0000-00-00 00:00:00', 0),
(3855, 'Ireland', 230, '0000-00-00 00:00:00', 0),
(3856, 'Isle Of Man', 230, '0000-00-00 00:00:00', 0),
(3857, 'Isle of Wight', 230, '0000-00-00 00:00:00', 0),
(3858, 'Kenford', 230, '0000-00-00 00:00:00', 0),
(3859, 'Kent', 230, '0000-00-00 00:00:00', 0),
(3860, 'Kilmarnock', 230, '0000-00-00 00:00:00', 0),
(3861, 'Lanarkshire', 230, '0000-00-00 00:00:00', 0),
(3862, 'Lancashire', 230, '0000-00-00 00:00:00', 0),
(3863, 'Leicestershire', 230, '0000-00-00 00:00:00', 0),
(3864, 'Lincolnshire', 230, '0000-00-00 00:00:00', 0),
(3865, 'Llanymynech', 230, '0000-00-00 00:00:00', 0),
(3866, 'London', 230, '0000-00-00 00:00:00', 0),
(3867, 'Ludlow', 230, '0000-00-00 00:00:00', 0),
(3868, 'Manchester', 230, '0000-00-00 00:00:00', 0),
(3869, 'Mayfair', 230, '0000-00-00 00:00:00', 0),
(3870, 'Merseyside', 230, '0000-00-00 00:00:00', 0),
(3871, 'Mid Glamorgan', 230, '0000-00-00 00:00:00', 0),
(3872, 'Middlesex', 230, '0000-00-00 00:00:00', 0),
(3873, 'Mildenhall', 230, '0000-00-00 00:00:00', 0),
(3874, 'Monmouthshire', 230, '0000-00-00 00:00:00', 0),
(3875, 'Newton Stewart', 230, '0000-00-00 00:00:00', 0),
(3876, 'Norfolk', 230, '0000-00-00 00:00:00', 0),
(3877, 'North Humberside', 230, '0000-00-00 00:00:00', 0),
(3878, 'North Yorkshire', 230, '0000-00-00 00:00:00', 0),
(3879, 'Northamptonshire', 230, '0000-00-00 00:00:00', 0),
(3880, 'Northants', 230, '0000-00-00 00:00:00', 0),
(3881, 'Northern Ireland', 230, '0000-00-00 00:00:00', 0),
(3882, 'Northumberland', 230, '0000-00-00 00:00:00', 0),
(3883, 'Nottinghamshire', 230, '0000-00-00 00:00:00', 0),
(3884, 'Oxford', 230, '0000-00-00 00:00:00', 0),
(3885, 'Powys', 230, '0000-00-00 00:00:00', 0),
(3886, 'Roos-shire', 230, '0000-00-00 00:00:00', 0),
(3887, 'SUSSEX', 230, '0000-00-00 00:00:00', 0),
(3888, 'Sark', 230, '0000-00-00 00:00:00', 0),
(3889, 'Scotland', 230, '0000-00-00 00:00:00', 0),
(3890, 'Scottish Borders', 230, '0000-00-00 00:00:00', 0),
(3891, 'Shropshire', 230, '0000-00-00 00:00:00', 0),
(3892, 'Somerset', 230, '0000-00-00 00:00:00', 0),
(3893, 'South Glamorgan', 230, '0000-00-00 00:00:00', 0),
(3894, 'South Wales', 230, '0000-00-00 00:00:00', 0),
(3895, 'South Yorkshire', 230, '0000-00-00 00:00:00', 0),
(3896, 'Southwell', 230, '0000-00-00 00:00:00', 0),
(3897, 'Staffordshire', 230, '0000-00-00 00:00:00', 0),
(3898, 'Strabane', 230, '0000-00-00 00:00:00', 0),
(3899, 'Suffolk', 230, '0000-00-00 00:00:00', 0),
(3900, 'Surrey', 230, '0000-00-00 00:00:00', 0),
(3901, 'Sussex', 230, '0000-00-00 00:00:00', 0),
(3902, 'Twickenham', 230, '0000-00-00 00:00:00', 0),
(3903, 'Tyne and Wear', 230, '0000-00-00 00:00:00', 0),
(3904, 'Tyrone', 230, '0000-00-00 00:00:00', 0),
(3905, 'Utah', 230, '0000-00-00 00:00:00', 0),
(3906, 'Wales', 230, '0000-00-00 00:00:00', 0),
(3907, 'Warwickshire', 230, '0000-00-00 00:00:00', 0),
(3908, 'West Lothian', 230, '0000-00-00 00:00:00', 0),
(3909, 'West Midlands', 230, '0000-00-00 00:00:00', 0),
(3910, 'West Sussex', 230, '0000-00-00 00:00:00', 0),
(3911, 'West Yorkshire', 230, '0000-00-00 00:00:00', 0),
(3912, 'Whissendine', 230, '0000-00-00 00:00:00', 0),
(3913, 'Wiltshire', 230, '0000-00-00 00:00:00', 0),
(3914, 'Wokingham', 230, '0000-00-00 00:00:00', 0),
(3915, 'Worcestershire', 230, '0000-00-00 00:00:00', 0),
(3916, 'Wrexham', 230, '0000-00-00 00:00:00', 0),
(3917, 'Wurttemberg', 230, '0000-00-00 00:00:00', 0),
(3918, 'Yorkshire', 230, '0000-00-00 00:00:00', 0),
(3919, 'Alabama', 231, '0000-00-00 00:00:00', 0),
(3920, 'Alaska', 231, '0000-00-00 00:00:00', 0),
(3921, 'Arizona', 231, '0000-00-00 00:00:00', 0),
(3922, 'Arkansas', 231, '0000-00-00 00:00:00', 0),
(3923, 'Byram', 231, '0000-00-00 00:00:00', 0),
(3924, 'California', 231, '0000-00-00 00:00:00', 0),
(3925, 'Cokato', 231, '0000-00-00 00:00:00', 0),
(3926, 'Colorado', 231, '0000-00-00 00:00:00', 0),
(3927, 'Connecticut', 231, '0000-00-00 00:00:00', 0),
(3928, 'Delaware', 231, '0000-00-00 00:00:00', 0),
(3929, 'District of Columbia', 231, '0000-00-00 00:00:00', 0),
(3930, 'Florida', 231, '0000-00-00 00:00:00', 0),
(3931, 'Georgia', 231, '0000-00-00 00:00:00', 0),
(3932, 'Hawaii', 231, '0000-00-00 00:00:00', 0),
(3933, 'Idaho', 231, '0000-00-00 00:00:00', 0),
(3934, 'Illinois', 231, '0000-00-00 00:00:00', 0),
(3935, 'Indiana', 231, '0000-00-00 00:00:00', 0),
(3936, 'Iowa', 231, '0000-00-00 00:00:00', 0),
(3937, 'Kansas', 231, '0000-00-00 00:00:00', 0),
(3938, 'Kentucky', 231, '0000-00-00 00:00:00', 0),
(3939, 'Louisiana', 231, '0000-00-00 00:00:00', 0),
(3940, 'Lowa', 231, '0000-00-00 00:00:00', 0),
(3941, 'Maine', 231, '0000-00-00 00:00:00', 0),
(3942, 'Maryland', 231, '0000-00-00 00:00:00', 0),
(3943, 'Massachusetts', 231, '0000-00-00 00:00:00', 0),
(3944, 'Medfield', 231, '0000-00-00 00:00:00', 0),
(3945, 'Michigan', 231, '0000-00-00 00:00:00', 0),
(3946, 'Minnesota', 231, '0000-00-00 00:00:00', 0),
(3947, 'Mississippi', 231, '0000-00-00 00:00:00', 0),
(3948, 'Missouri', 231, '0000-00-00 00:00:00', 0),
(3949, 'Montana', 231, '0000-00-00 00:00:00', 0),
(3950, 'Nebraska', 231, '0000-00-00 00:00:00', 0),
(3951, 'Nevada', 231, '0000-00-00 00:00:00', 0),
(3952, 'New Hampshire', 231, '0000-00-00 00:00:00', 0),
(3953, 'New Jersey', 231, '0000-00-00 00:00:00', 0),
(3954, 'New Jersy', 231, '0000-00-00 00:00:00', 0),
(3955, 'New Mexico', 231, '0000-00-00 00:00:00', 0),
(3956, 'New York', 231, '0000-00-00 00:00:00', 0),
(3957, 'North Carolina', 231, '0000-00-00 00:00:00', 0),
(3958, 'North Dakota', 231, '0000-00-00 00:00:00', 0),
(3959, 'Ohio', 231, '0000-00-00 00:00:00', 0),
(3960, 'Oklahoma', 231, '0000-00-00 00:00:00', 0),
(3961, 'Ontario', 231, '0000-00-00 00:00:00', 0),
(3962, 'Oregon', 231, '0000-00-00 00:00:00', 0),
(3963, 'Pennsylvania', 231, '0000-00-00 00:00:00', 0),
(3964, 'Ramey', 231, '0000-00-00 00:00:00', 0),
(3965, 'Rhode Island', 231, '0000-00-00 00:00:00', 0),
(3966, 'South Carolina', 231, '0000-00-00 00:00:00', 0),
(3967, 'South Dakota', 231, '0000-00-00 00:00:00', 0),
(3968, 'Sublimity', 231, '0000-00-00 00:00:00', 0),
(3969, 'Tennessee', 231, '0000-00-00 00:00:00', 0),
(3970, 'Texas', 231, '0000-00-00 00:00:00', 0),
(3971, 'Trimble', 231, '0000-00-00 00:00:00', 0),
(3972, 'Utah', 231, '0000-00-00 00:00:00', 0),
(3973, 'Vermont', 231, '0000-00-00 00:00:00', 0),
(3974, 'Virginia', 231, '0000-00-00 00:00:00', 0),
(3975, 'Washington', 231, '0000-00-00 00:00:00', 0),
(3976, 'West Virginia', 231, '0000-00-00 00:00:00', 0),
(3977, 'Wisconsin', 231, '0000-00-00 00:00:00', 0),
(3978, 'Wyoming', 231, '0000-00-00 00:00:00', 0),
(3979, 'United States Minor Outlying I', 232, '0000-00-00 00:00:00', 0),
(3980, 'Artigas', 233, '0000-00-00 00:00:00', 0),
(3981, 'Canelones', 233, '0000-00-00 00:00:00', 0),
(3982, 'Cerro Largo', 233, '0000-00-00 00:00:00', 0),
(3983, 'Colonia', 233, '0000-00-00 00:00:00', 0),
(3984, 'Durazno', 233, '0000-00-00 00:00:00', 0),
(3985, 'FLorida', 233, '0000-00-00 00:00:00', 0),
(3986, 'Flores', 233, '0000-00-00 00:00:00', 0),
(3987, 'Lavalleja', 233, '0000-00-00 00:00:00', 0),
(3988, 'Maldonado', 233, '0000-00-00 00:00:00', 0),
(3989, 'Montevideo', 233, '0000-00-00 00:00:00', 0),
(3990, 'Paysandu', 233, '0000-00-00 00:00:00', 0),
(3991, 'Rio Negro', 233, '0000-00-00 00:00:00', 0),
(3992, 'Rivera', 233, '0000-00-00 00:00:00', 0),
(3993, 'Rocha', 233, '0000-00-00 00:00:00', 0),
(3994, 'Salto', 233, '0000-00-00 00:00:00', 0),
(3995, 'San Jose', 233, '0000-00-00 00:00:00', 0),
(3996, 'Soriano', 233, '0000-00-00 00:00:00', 0),
(3997, 'Tacuarembo', 233, '0000-00-00 00:00:00', 0),
(3998, 'Treinta y Tres', 233, '0000-00-00 00:00:00', 0),
(3999, 'Andijon', 234, '0000-00-00 00:00:00', 0),
(4000, 'Buhoro', 234, '0000-00-00 00:00:00', 0),
(4001, 'Buxoro Viloyati', 234, '0000-00-00 00:00:00', 0),
(4002, 'Cizah', 234, '0000-00-00 00:00:00', 0),
(4003, 'Fargona', 234, '0000-00-00 00:00:00', 0),
(4004, 'Horazm', 234, '0000-00-00 00:00:00', 0),
(4005, 'Kaskadar', 234, '0000-00-00 00:00:00', 0),
(4006, 'Korakalpogiston', 234, '0000-00-00 00:00:00', 0),
(4007, 'Namangan', 234, '0000-00-00 00:00:00', 0),
(4008, 'Navoi', 234, '0000-00-00 00:00:00', 0),
(4009, 'Samarkand', 234, '0000-00-00 00:00:00', 0),
(4010, 'Sirdare', 234, '0000-00-00 00:00:00', 0),
(4011, 'Surhondar', 234, '0000-00-00 00:00:00', 0),
(4012, 'Toskent', 234, '0000-00-00 00:00:00', 0),
(4013, 'Malampa', 235, '0000-00-00 00:00:00', 0),
(4014, 'Penama', 235, '0000-00-00 00:00:00', 0),
(4015, 'Sanma', 235, '0000-00-00 00:00:00', 0),
(4016, 'Shefa', 235, '0000-00-00 00:00:00', 0),
(4017, 'Tafea', 235, '0000-00-00 00:00:00', 0),
(4018, 'Torba', 235, '0000-00-00 00:00:00', 0),
(4019, 'Vatican City State (Holy See)', 236, '0000-00-00 00:00:00', 0),
(4020, 'Amazonas', 237, '0000-00-00 00:00:00', 0),
(4021, 'Anzoategui', 237, '0000-00-00 00:00:00', 0),
(4022, 'Apure', 237, '0000-00-00 00:00:00', 0),
(4023, 'Aragua', 237, '0000-00-00 00:00:00', 0),
(4024, 'Barinas', 237, '0000-00-00 00:00:00', 0),
(4025, 'Bolivar', 237, '0000-00-00 00:00:00', 0),
(4026, 'Carabobo', 237, '0000-00-00 00:00:00', 0),
(4027, 'Cojedes', 237, '0000-00-00 00:00:00', 0),
(4028, 'Delta Amacuro', 237, '0000-00-00 00:00:00', 0),
(4029, 'Distrito Federal', 237, '0000-00-00 00:00:00', 0),
(4030, 'Falcon', 237, '0000-00-00 00:00:00', 0),
(4031, 'Guarico', 237, '0000-00-00 00:00:00', 0),
(4032, 'Lara', 237, '0000-00-00 00:00:00', 0),
(4033, 'Merida', 237, '0000-00-00 00:00:00', 0),
(4034, 'Miranda', 237, '0000-00-00 00:00:00', 0),
(4035, 'Monagas', 237, '0000-00-00 00:00:00', 0),
(4036, 'Nueva Esparta', 237, '0000-00-00 00:00:00', 0),
(4037, 'Portuguesa', 237, '0000-00-00 00:00:00', 0),
(4038, 'Sucre', 237, '0000-00-00 00:00:00', 0),
(4039, 'Tachira', 237, '0000-00-00 00:00:00', 0),
(4040, 'Trujillo', 237, '0000-00-00 00:00:00', 0),
(4041, 'Vargas', 237, '0000-00-00 00:00:00', 0),
(4042, 'Yaracuy', 237, '0000-00-00 00:00:00', 0),
(4043, 'Zulia', 237, '0000-00-00 00:00:00', 0),
(4044, 'Bac Giang', 238, '0000-00-00 00:00:00', 0),
(4045, 'Binh Dinh', 238, '0000-00-00 00:00:00', 0),
(4046, 'Binh Duong', 238, '0000-00-00 00:00:00', 0),
(4047, 'Da Nang', 238, '0000-00-00 00:00:00', 0);
INSERT INTO `states` (`id`, `state_name`, `country_id`, `created_at`, `is_deleted`) VALUES
(4048, 'Dong Bang Song Cuu Long', 238, '0000-00-00 00:00:00', 0),
(4049, 'Dong Bang Song Hong', 238, '0000-00-00 00:00:00', 0),
(4050, 'Dong Nai', 238, '0000-00-00 00:00:00', 0),
(4051, 'Dong Nam Bo', 238, '0000-00-00 00:00:00', 0),
(4052, 'Duyen Hai Mien Trung', 238, '0000-00-00 00:00:00', 0),
(4053, 'Hanoi', 238, '0000-00-00 00:00:00', 0),
(4054, 'Hung Yen', 238, '0000-00-00 00:00:00', 0),
(4055, 'Khu Bon Cu', 238, '0000-00-00 00:00:00', 0),
(4056, 'Long An', 238, '0000-00-00 00:00:00', 0),
(4057, 'Mien Nui Va Trung Du', 238, '0000-00-00 00:00:00', 0),
(4058, 'Thai Nguyen', 238, '0000-00-00 00:00:00', 0),
(4059, 'Thanh Pho Ho Chi Minh', 238, '0000-00-00 00:00:00', 0),
(4060, 'Thu Do Ha Noi', 238, '0000-00-00 00:00:00', 0),
(4061, 'Tinh Can Tho', 238, '0000-00-00 00:00:00', 0),
(4062, 'Tinh Da Nang', 238, '0000-00-00 00:00:00', 0),
(4063, 'Tinh Gia Lai', 238, '0000-00-00 00:00:00', 0),
(4064, 'Anegada', 239, '0000-00-00 00:00:00', 0),
(4065, 'Jost van Dyke', 239, '0000-00-00 00:00:00', 0),
(4066, 'Tortola', 239, '0000-00-00 00:00:00', 0),
(4067, 'Saint Croix', 240, '0000-00-00 00:00:00', 0),
(4068, 'Saint John', 240, '0000-00-00 00:00:00', 0),
(4069, 'Saint Thomas', 240, '0000-00-00 00:00:00', 0),
(4070, 'Alo', 241, '0000-00-00 00:00:00', 0),
(4071, 'Singave', 241, '0000-00-00 00:00:00', 0),
(4072, 'Wallis', 241, '0000-00-00 00:00:00', 0),
(4073, 'Bu Jaydur', 242, '0000-00-00 00:00:00', 0),
(4074, 'Wad-adh-Dhahab', 242, '0000-00-00 00:00:00', 0),
(4075, 'al-''Ayun', 242, '0000-00-00 00:00:00', 0),
(4076, 'as-Samarah', 242, '0000-00-00 00:00:00', 0),
(4077, '''Adan', 243, '0000-00-00 00:00:00', 0),
(4078, 'Abyan', 243, '0000-00-00 00:00:00', 0),
(4079, 'Dhamar', 243, '0000-00-00 00:00:00', 0),
(4080, 'Hadramaut', 243, '0000-00-00 00:00:00', 0),
(4081, 'Hajjah', 243, '0000-00-00 00:00:00', 0),
(4082, 'Hudaydah', 243, '0000-00-00 00:00:00', 0),
(4083, 'Ibb', 243, '0000-00-00 00:00:00', 0),
(4084, 'Lahij', 243, '0000-00-00 00:00:00', 0),
(4085, 'Ma''rib', 243, '0000-00-00 00:00:00', 0),
(4086, 'Madinat San''a', 243, '0000-00-00 00:00:00', 0),
(4087, 'Sa''dah', 243, '0000-00-00 00:00:00', 0),
(4088, 'Sana', 243, '0000-00-00 00:00:00', 0),
(4089, 'Shabwah', 243, '0000-00-00 00:00:00', 0),
(4090, 'Ta''izz', 243, '0000-00-00 00:00:00', 0),
(4091, 'al-Bayda', 243, '0000-00-00 00:00:00', 0),
(4092, 'al-Hudaydah', 243, '0000-00-00 00:00:00', 0),
(4093, 'al-Jawf', 243, '0000-00-00 00:00:00', 0),
(4094, 'al-Mahrah', 243, '0000-00-00 00:00:00', 0),
(4095, 'al-Mahwit', 243, '0000-00-00 00:00:00', 0),
(4096, 'Central Serbia', 244, '0000-00-00 00:00:00', 0),
(4097, 'Kosovo and Metohija', 244, '0000-00-00 00:00:00', 0),
(4098, 'Montenegro', 244, '0000-00-00 00:00:00', 0),
(4099, 'Republic of Serbia', 244, '0000-00-00 00:00:00', 0),
(4100, 'Serbia', 244, '0000-00-00 00:00:00', 0),
(4101, 'Vojvodina', 244, '0000-00-00 00:00:00', 0),
(4102, 'Central', 245, '0000-00-00 00:00:00', 0),
(4103, 'Copperbelt', 245, '0000-00-00 00:00:00', 0),
(4104, 'Eastern', 245, '0000-00-00 00:00:00', 0),
(4105, 'Luapala', 245, '0000-00-00 00:00:00', 0),
(4106, 'Lusaka', 245, '0000-00-00 00:00:00', 0),
(4107, 'North-Western', 245, '0000-00-00 00:00:00', 0),
(4108, 'Northern', 245, '0000-00-00 00:00:00', 0),
(4109, 'Southern', 245, '0000-00-00 00:00:00', 0),
(4110, 'Western', 245, '0000-00-00 00:00:00', 0),
(4111, 'Bulawayo', 246, '0000-00-00 00:00:00', 0),
(4112, 'Harare', 246, '0000-00-00 00:00:00', 0),
(4113, 'Manicaland', 246, '0000-00-00 00:00:00', 0),
(4114, 'Mashonaland Central', 246, '0000-00-00 00:00:00', 0),
(4115, 'Mashonaland East', 246, '0000-00-00 00:00:00', 0),
(4116, 'Mashonaland West', 246, '0000-00-00 00:00:00', 0),
(4117, 'Masvingo', 246, '0000-00-00 00:00:00', 0),
(4118, 'Matabeleland North', 246, '0000-00-00 00:00:00', 0),
(4119, 'Matabeleland South', 246, '0000-00-00 00:00:00', 0),
(4120, 'Midlands', 246, '0000-00-00 00:00:00', 0);

-- --------------------------------------------------------

--
-- Table structure for table `taxi_fleet_car_buses`
--

CREATE TABLE IF NOT EXISTS `taxi_fleet_car_buses` (
  `id` int(11) NOT NULL AUTO_INCREMENT,
  `name` varchar(255) NOT NULL,
  `type` varchar(10) NOT NULL,
  `is_deleted` tinyint(4) NOT NULL DEFAULT '0',
  PRIMARY KEY (`id`)
) ENGINE=InnoDB  DEFAULT CHARSET=latin1 ROW_FORMAT=COMPACT AUTO_INCREMENT=5 ;

--
-- Dumping data for table `taxi_fleet_car_buses`
--

INSERT INTO `taxi_fleet_car_buses` (`id`, `name`, `type`, `is_deleted`) VALUES
(1, 'Fortuner', 'Car', 0),
(2, 'Innova ', 'Car', 0),
(3, 'Aero Bus', 'Bus', 0),
(4, 'Super Cruiser', 'Bus', 0);

-- --------------------------------------------------------

--
-- Table structure for table `taxi_fleet_promotions`
--

CREATE TABLE IF NOT EXISTS `taxi_fleet_promotions` (
  `id` int(11) NOT NULL AUTO_INCREMENT,
  `title` varchar(255) NOT NULL,
  `country_id` int(11) NOT NULL,
  `fleet_detail` text NOT NULL,
  `image` varchar(255) NOT NULL,
  `document` varchar(255) NOT NULL,
  `price_master_id` int(11) NOT NULL,
  `price` decimal(15,2) NOT NULL,
  `like_count` int(11) NOT NULL,
  `visible_date` date NOT NULL,
  `user_id` int(11) NOT NULL,
  `created_on` timestamp NOT NULL DEFAULT CURRENT_TIMESTAMP,
  `edited_by` int(11) NOT NULL,
  `edited_on` timestamp NOT NULL DEFAULT '0000-00-00 00:00:00',
  `is_deleted` tinyint(4) NOT NULL DEFAULT '0',
  PRIMARY KEY (`id`)
) ENGINE=InnoDB  DEFAULT CHARSET=latin1 AUTO_INCREMENT=14 ;

--
-- Dumping data for table `taxi_fleet_promotions`
--

INSERT INTO `taxi_fleet_promotions` (`id`, `title`, `country_id`, `fleet_detail`, `image`, `document`, `price_master_id`, `price`, `like_count`, `visible_date`, `user_id`, `created_on`, `edited_by`, `edited_on`, `is_deleted`) VALUES
(1, 'First Post', 1, 'Of sun, sand and mouth-watering Thai cuisine, Pattaya is a must-visit if Thailand''s on your bucket list. On this day, you will take a flight from your departure city, arrive in Bangkok and get a transfer to your hotel in Pattaya. Once you have checked-in, spend the day at leisure. Later, return to your hotel for a comfortable stay.\n\n\nSuggested: Once you have relaxed after your journey, you can head out to one of the finest and cleanest beaches in Pattaya - Wong Amat Beach. A peaceful beach to sun bathe, swim and relax. The beach isn''t crowded and you can hire chairs or try a variety of cuisines and drinks at the nearby restaurants and bars. Alternatively, you can visit the Walking Street and experience Pattaya''s famous nightlife! (Please note, that these are only suggested activities and are not included in the package.)', 'images/taxiFleetPromotion/3/image/3.jpg', 'images/taxiFleetPromotion/3/document/3.jpg', 2, '100.00', 0, '2018-05-01', 3, '2018-02-18 09:36:34', 0, '0000-00-00 00:00:00', 0),
(2, 'Test upload', 1, 'Of sun, sand and mouth-watering Thai cuisine, Pattaya is a must-visit if Thailand''s on your bucket list. On this day, you will take a flight from your departure city, arrive in Bangkok and get a transfer to your hotel in Pattaya. Once you have checked-in, spend the day at leisure. Later, return to your hotel for a comfortable stay.\n\n\nSuggested: Once you have relaxed after your journey, you can head out to one of the finest and cleanest beaches in Pattaya - Wong Amat Beach. A peaceful beach to sun bathe, swim and relax. The beach isn''t crowded and you can hire chairs or try a variety of cuisines and drinks at the nearby restaurants and bars. Alternatively, you can visit the Walking Street and experience Pattaya''s famous nightlife! (Please note, that these are only suggested activities and are not included in the package.)', 'images/taxiFleetPromotion/3/Test upload/image/3.jpg', 'images/taxiFleetPromotion/3/Test upload/document/3.jpg', 1, '0.00', 0, '2018-03-01', 3, '2018-02-18 09:48:35', 0, '0000-00-00 00:00:00', 1),
(3, 'First Post', 1, 'Of sun, sand and mouth-watering Thai cuisine, Pattaya is a must-visit if Thailand''s on your bucket list. On this day, you will take a flight from your departure city, arrive in Bangkok and get a transfer to your hotel in Pattaya. Once you have checked-in, spend the day at leisure. Later, return to your hotel for a comfortable stay.\r\n\r\n\r\nSuggested: Once you have relaxed after your journey, you can head out to one of the finest and cleanest beaches in Pattaya - Wong Amat Beach. A peaceful beach to sun bathe, swim and relax. The beach isn''t crowded and you can hire chairs or try a variety of cuisines and drinks at the nearby restaurants and bars. Alternatively, you can visit the Walking Street and experience Pattaya''s famous nightlife! (Please note, that these are only suggested activities and are not included in the package.)', '', '', 1, '0.00', 0, '2018-03-01', 3, '2018-02-27 07:35:16', 0, '0000-00-00 00:00:00', 0),
(4, 'First Post', 0, 'Of sun, sand and mouth-watering Thai cuisine, Pattaya is a must-visit if Thailand''s on your bucket list. On this day, you will take a flight from your departure city, arrive in Bangkok and get a transfer to your hotel in Pattaya. Once you have checked-in, spend the day at leisure. Later, return to your hotel for a comfortable stay.\r\n\r\n\r\nSuggested: Once you have relaxed after your journey, you can head out to one of the finest and cleanest beaches in Pattaya - Wong Amat Beach. A peaceful beach to sun bathe, swim and relax. The beach isn''t crowded and you can hire chairs or try a variety of cuisines and drinks at the nearby restaurants and bars. Alternatively, you can visit the Walking Street and experience Pattaya''s famous nightlife! (Please note, that these are only suggested activities and are not included in the package.)', '', '', 1, '0.00', 0, '2018-03-01', 8, '2018-02-28 09:50:56', 0, '0000-00-00 00:00:00', 1),
(5, 'First Post', 0, 'Of sun, sand and mouth-watering Thai cuisine, Pattaya is a must-visit if Thailand''s on your bucket list. On this day, you will take a flight from your departure city, arrive in Bangkok and get a transfer to your hotel in Pattaya. Once you have checked-in, spend the day at leisure. Later, return to your hotel for a comfortable stay.\r\n\r\n\r\nSuggested: Once you have relaxed after your journey, you can head out to one of the finest and cleanest beaches in Pattaya - Wong Amat Beach. A peaceful beach to sun bathe, swim and relax. The beach isn''t crowded and you can hire chairs or try a variety of cuisines and drinks at the nearby restaurants and bars. Alternatively, you can visit the Walking Street and experience Pattaya''s famous nightlife! (Please note, that these are only suggested activities and are not included in the package.)', '', '', 1, '0.00', 0, '2018-03-01', 8, '2018-02-28 09:51:04', 0, '0000-00-00 00:00:00', 1),
(6, 'Taxi for udaipur', 0, 'Of sun, sand and mouth-watering Thai cuisine, Pattaya is a must-visit if Thailand''s on your bucket list. On this day, you will take a flight from your departure city, arrive in Bangkok and get a transfer to your hotel in Pattaya. Once you have checked-in, spend the day at leisure. Later, return to your hotel for a comfortable stay.\r\n\r\n\r\nSuggested: Once you have relaxed after your journey, you can head out to one of the finest and cleanest beaches in Pattaya - Wong Amat Beach. A peaceful beach to sun bathe, swim and relax. The beach isn''t crowded and you can hire chairs or try a variety of cuisines and drinks at the nearby restaurants and bars. Alternatively, you can visit the Walking Street and experience Pattaya''s famous nightlife! (Please note, that these are only suggested activities and are not included in the package.)', 'images/taxiFleetPromotion/8/Taxi for udaipur/image/8.jpg', '', 1, '0.00', 0, '2018-03-01', 8, '2018-02-28 10:32:54', 0, '0000-00-00 00:00:00', 1),
(7, 'First Post', 1, 'Of sun, sand and mouth-watering Thai cuisine, Pattaya is a must-visit if Thailand''s on your bucket list. On this day, you will take a flight from your departure city, arrive in Bangkok and get a transfer to your hotel in Pattaya. Once you have checked-in, spend the day at leisure. Later, return to your hotel for a comfortable stay.\r\n\r\n\r\nSuggested: Once you have relaxed after your journey, you can head out to one of the finest and cleanest beaches in Pattaya - Wong Amat Beach. A peaceful beach to sun bathe, swim and relax. The beach isn''t crowded and you can hire chairs or try a variety of cuisines and drinks at the nearby restaurants and bars. Alternatively, you can visit the Walking Street and experience Pattaya''s famous nightlife! (Please note, that these are only suggested activities and are not included in the package.)', '', '', 1, '0.00', 0, '2018-03-01', 3, '2018-02-28 10:37:40', 0, '0000-00-00 00:00:00', 0),
(8, 'First Post', 1, 'Of sun, sand and mouth-watering Thai cuisine, Pattaya is a must-visit if Thailand''s on your bucket list. On this day, you will take a flight from your departure city, arrive in Bangkok and get a transfer to your hotel in Pattaya. Once you have checked-in, spend the day at leisure. Later, return to your hotel for a comfortable stay.\r\n\r\n\r\nSuggested: Once you have relaxed after your journey, you can head out to one of the finest and cleanest beaches in Pattaya - Wong Amat Beach. A peaceful beach to sun bathe, swim and relax. The beach isn''t crowded and you can hire chairs or try a variety of cuisines and drinks at the nearby restaurants and bars. Alternatively, you can visit the Walking Street and experience Pattaya''s famous nightlife! (Please note, that these are only suggested activities and are not included in the package.)', 'images/taxiFleetPromotion/3/First Post/image/3.png', '', 1, '0.00', 0, '2018-03-01', 3, '2018-02-28 10:38:32', 0, '0000-00-00 00:00:00', 0),
(9, 'Taxi promotion', 1, 'Of sun, sand and mouth-watering Thai cuisine, Pattaya is a must-visit if Thailand''s on your bucket list. On this day, you will take a flight from your departure city, arrive in Bangkok and get a transfer to your hotel in Pattaya. Once you have checked-in, spend the day at leisure. Later, return to your hotel for a comfortable stay.\r\n\r\n\r\nSuggested: Once you have relaxed after your journey, you can head out to one of the finest and cleanest beaches in Pattaya - Wong Amat Beach. A peaceful beach to sun bathe, swim and relax. The beach isn''t crowded and you can hire chairs or try a variety of cuisines and drinks at the nearby restaurants and bars. Alternatively, you can visit the Walking Street and experience Pattaya''s famous nightlife! (Please note, that these are only suggested activities and are not included in the package.)', 'images/taxiFleetPromotion/3/Taxi promotion/image/3.jpg', '', 1, '0.00', 0, '2018-03-01', 3, '2018-03-01 06:45:38', 0, '0000-00-00 00:00:00', 0),
(10, 'Taxi promotion', 1, 'Of sun, sand and mouth-watering Thai cuisine, Pattaya is a must-visit if Thailand''s on your bucket list. On this day, you will take a flight from your departure city, arrive in Bangkok and get a transfer to your hotel in Pattaya. Once you have checked-in, spend the day at leisure. Later, return to your hotel for a comfortable stay.\r\n\r\n\r\nSuggested: Once you have relaxed after your journey, you can head out to one of the finest and cleanest beaches in Pattaya - Wong Amat Beach. A peaceful beach to sun bathe, swim and relax. The beach isn''t crowded and you can hire chairs or try a variety of cuisines and drinks at the nearby restaurants and bars. Alternatively, you can visit the Walking Street and experience Pattaya''s famous nightlife! (Please note, that these are only suggested activities and are not included in the package.)', 'images/taxiFleetPromotion/8/Taxi promotion/image/8.jpg', '', 1, '0.00', 0, '2018-03-01', 8, '2018-03-01 06:45:57', 0, '0000-00-00 00:00:00', 1),
(11, 'Taxi promotion', 1, 'Of sun, sand and mouth-watering Thai cuisine, Pattaya is a must-visit if Thailand''s on your bucket list. On this day, you will take a flight from your departure city, arrive in Bangkok and get a transfer to your hotel in Pattaya. Once you have checked-in, spend the day at leisure. Later, return to your hotel for a comfortable stay.\r\n\r\n\r\nSuggested: Once you have relaxed after your journey, you can head out to one of the finest and cleanest beaches in Pattaya - Wong Amat Beach. A peaceful beach to sun bathe, swim and relax. The beach isn''t crowded and you can hire chairs or try a variety of cuisines and drinks at the nearby restaurants and bars. Alternatively, you can visit the Walking Street and experience Pattaya''s famous nightlife! (Please note, that these are only suggested activities and are not included in the package.)', 'images/taxiFleetPromotion/8/Taxi promotion/image/8.jpg', '', 4, '800.00', 0, '2018-06-07', 8, '2018-03-01 07:08:18', 0, '0000-00-00 00:00:00', 0),
(12, 'Taxi promotion', 1, 'Of sun, sand and mouth-watering Thai cuisine, Pattaya is a must-visit if Thailand''s on your bucket list. On this day, you will take a flight from your departure city, arrive in Bangkok and get a transfer to your hotel in Pattaya. Once you have checked-in, spend the day at leisure. Later, return to your hotel for a comfortable stay.\r\n\r\n\r\nSuggested: Once you have relaxed after your journey, you can head out to one of the finest and cleanest beaches in Pattaya - Wong Amat Beach. A peaceful beach to sun bathe, swim and relax. The beach isn''t crowded and you can hire chairs or try a variety of cuisines and drinks at the nearby restaurants and bars. Alternatively, you can visit the Walking Street and experience Pattaya''s famous nightlife! (Please note, that these are only suggested activities and are not included in the package.)', 'images/taxiFleetPromotion/8/Taxi promotion/image/8.jpg', '', 1, '0.00', 0, '2018-03-01', 8, '2018-03-01 07:08:20', 0, '0000-00-00 00:00:00', 1),
(13, 'Taxi promotion', 1, 'Of sun, sand and mouth-watering Thai cuisine, Pattaya is a must-visit if Thailand''s on your bucket list. On this day, you will take a flight from your departure city, arrive in Bangkok and get a transfer to your hotel in Pattaya. Once you have checked-in, spend the day at leisure. Later, return to your hotel for a comfortable stay.\r\n\r\n\r\nSuggested: Once you have relaxed after your journey, you can head out to one of the finest and cleanest beaches in Pattaya - Wong Amat Beach. A peaceful beach to sun bathe, swim and relax. The beach isn''t crowded and you can hire chairs or try a variety of cuisines and drinks at the nearby restaurants and bars. Alternatively, you can visit the Walking Street and experience Pattaya''s famous nightlife! (Please note, that these are only suggested activities and are not included in the package.)', 'images/taxiFleetPromotion/8/Taxi promotion/image/8.jpg', '', 1, '0.00', 0, '2018-03-01', 8, '2018-03-03 09:24:11', 0, '0000-00-00 00:00:00', 1);

-- --------------------------------------------------------

--
-- Table structure for table `taxi_fleet_promotion_cities`
--

CREATE TABLE IF NOT EXISTS `taxi_fleet_promotion_cities` (
  `id` int(11) NOT NULL AUTO_INCREMENT,
  `taxi_fleet_promotion_id` int(11) NOT NULL,
  `city_id` int(11) NOT NULL,
  PRIMARY KEY (`id`)
) ENGINE=InnoDB  DEFAULT CHARSET=latin1 AUTO_INCREMENT=27 ;

--
-- Dumping data for table `taxi_fleet_promotion_cities`
--

INSERT INTO `taxi_fleet_promotion_cities` (`id`, `taxi_fleet_promotion_id`, `city_id`) VALUES
(1, 1, 3),
(2, 1, 5),
(3, 2, 3),
(4, 2, 5),
(5, 3, 3),
(6, 3, 5),
(7, 4, 3),
(8, 4, 5),
(9, 5, 3),
(10, 5, 5),
(11, 6, 3),
(12, 6, 5),
(13, 7, 3),
(14, 7, 5),
(15, 8, 3),
(16, 8, 5),
(17, 9, 3),
(18, 9, 5),
(19, 10, 3),
(20, 10, 5),
(21, 11, 3),
(22, 11, 5),
(23, 12, 3),
(24, 12, 5),
(25, 13, 3),
(26, 13, 5);

-- --------------------------------------------------------

--
-- Table structure for table `taxi_fleet_promotion_likes`
--

CREATE TABLE IF NOT EXISTS `taxi_fleet_promotion_likes` (
  `id` int(11) NOT NULL AUTO_INCREMENT,
  `taxi_fleet_promotion_id` int(11) NOT NULL,
  `user_id` int(11) NOT NULL,
  PRIMARY KEY (`id`)
) ENGINE=MyISAM  DEFAULT CHARSET=latin1 AUTO_INCREMENT=27 ;

--
-- Dumping data for table `taxi_fleet_promotion_likes`
--

INSERT INTO `taxi_fleet_promotion_likes` (`id`, `taxi_fleet_promotion_id`, `user_id`) VALUES
(23, 6, 3),
(9, 1, 3),
(26, 1, 8),
(20, 1, 1),
(21, 2, 1),
(25, 4, 8);

-- --------------------------------------------------------

--
-- Table structure for table `taxi_fleet_promotion_price_before_renews`
--

CREATE TABLE IF NOT EXISTS `taxi_fleet_promotion_price_before_renews` (
  `id` int(11) NOT NULL AUTO_INCREMENT,
  `taxi_fleet_promotion_id` int(11) NOT NULL,
  `price_master_id` int(11) NOT NULL,
  `price` int(11) NOT NULL,
  `visible_date` date NOT NULL,
  `created_on` timestamp NOT NULL DEFAULT CURRENT_TIMESTAMP,
  PRIMARY KEY (`id`)
) ENGINE=InnoDB  DEFAULT CHARSET=latin1 AUTO_INCREMENT=9 ;

--
-- Dumping data for table `taxi_fleet_promotion_price_before_renews`
--

INSERT INTO `taxi_fleet_promotion_price_before_renews` (`id`, `taxi_fleet_promotion_id`, `price_master_id`, `price`, `visible_date`, `created_on`) VALUES
(1, 1, 1, 0, '2018-03-01', '2018-02-22 10:09:16'),
(2, 1, 2, 100, '2018-05-01', '2018-02-24 10:33:21'),
(3, 1, 2, 100, '2018-05-01', '2018-02-24 11:24:37'),
(4, 1, 2, 100, '2018-05-01', '2018-03-01 07:16:37'),
(5, 11, 1, 0, '2018-03-01', '2018-03-03 09:18:03'),
(6, 11, 4, 800, '2018-03-29', '2018-03-03 09:18:07'),
(7, 11, 3, 400, '2018-04-12', '2018-03-03 09:18:11'),
(8, 11, 4, 800, '2018-05-10', '2018-03-03 09:23:49');

-- --------------------------------------------------------

--
-- Table structure for table `taxi_fleet_promotion_rows`
--

CREATE TABLE IF NOT EXISTS `taxi_fleet_promotion_rows` (
  `id` int(11) NOT NULL AUTO_INCREMENT,
  `taxi_fleet_promotion_id` int(11) NOT NULL,
  `taxi_fleet_car_bus_id` int(11) NOT NULL,
  PRIMARY KEY (`id`)
) ENGINE=InnoDB  DEFAULT CHARSET=latin1 AUTO_INCREMENT=40 ;

--
-- Dumping data for table `taxi_fleet_promotion_rows`
--

INSERT INTO `taxi_fleet_promotion_rows` (`id`, `taxi_fleet_promotion_id`, `taxi_fleet_car_bus_id`) VALUES
(1, 1, 1),
(2, 1, 2),
(3, 1, 3),
(4, 2, 1),
(5, 2, 2),
(6, 2, 3),
(7, 3, 1),
(8, 3, 2),
(9, 3, 3),
(10, 4, 1),
(11, 4, 2),
(12, 4, 3),
(13, 5, 1),
(14, 5, 2),
(15, 5, 3),
(16, 6, 1),
(17, 6, 2),
(18, 6, 3),
(19, 7, 1),
(20, 7, 2),
(21, 7, 3),
(22, 8, 1),
(23, 8, 2),
(24, 8, 3),
(25, 9, 1),
(26, 9, 2),
(27, 9, 3),
(28, 10, 1),
(29, 10, 2),
(30, 10, 3),
(31, 11, 1),
(32, 11, 2),
(33, 11, 3),
(34, 12, 1),
(35, 12, 2),
(36, 12, 3),
(37, 13, 1),
(38, 13, 2),
(39, 13, 3);

-- --------------------------------------------------------

--
-- Table structure for table `taxi_fleet_promotion_states`
--

CREATE TABLE IF NOT EXISTS `taxi_fleet_promotion_states` (
  `id` int(11) NOT NULL AUTO_INCREMENT,
  `taxi_fleet_promotion_id` int(11) NOT NULL,
  `state_id` int(11) NOT NULL,
  PRIMARY KEY (`id`)
) ENGINE=InnoDB  DEFAULT CHARSET=latin1 AUTO_INCREMENT=27 ;

--
-- Dumping data for table `taxi_fleet_promotion_states`
--

INSERT INTO `taxi_fleet_promotion_states` (`id`, `taxi_fleet_promotion_id`, `state_id`) VALUES
(1, 1, 1),
(2, 1, 3),
(3, 2, 1),
(4, 2, 3),
(5, 3, 1),
(6, 3, 3),
(7, 4, 1),
(8, 4, 3),
(9, 5, 1),
(10, 5, 3),
(11, 6, 1),
(12, 6, 3),
(13, 7, 1),
(14, 7, 3),
(15, 8, 1),
(16, 8, 3),
(17, 9, 1),
(18, 9, 3),
(19, 10, 1),
(20, 10, 3),
(21, 11, 1),
(22, 11, 3),
(23, 12, 1),
(24, 12, 3),
(25, 13, 1),
(26, 13, 3);

-- --------------------------------------------------------

--
-- Table structure for table `taxi_fleet_promotion_views`
--

CREATE TABLE IF NOT EXISTS `taxi_fleet_promotion_views` (
  `id` int(11) NOT NULL AUTO_INCREMENT,
  `taxi_fleet_promotion_id` int(11) NOT NULL,
  `user_id` int(11) NOT NULL,
  PRIMARY KEY (`id`)
) ENGINE=MyISAM  DEFAULT CHARSET=latin1 AUTO_INCREMENT=10 ;

--
-- Dumping data for table `taxi_fleet_promotion_views`
--

INSERT INTO `taxi_fleet_promotion_views` (`id`, `taxi_fleet_promotion_id`, `user_id`) VALUES
(1, 1, 3),
(2, 1, 1),
(3, 1, 8),
(4, 2, 8),
(5, 7, 8),
(6, 7, 3),
(7, 12, 8),
(8, 9, 8),
(9, 11, 8);

-- --------------------------------------------------------

--
-- Table structure for table `testimonial`
--

CREATE TABLE IF NOT EXISTS `testimonial` (
  `id` int(11) NOT NULL AUTO_INCREMENT,
  `user_id` int(11) NOT NULL,
  `author_id` int(11) NOT NULL,
  `comment` text NOT NULL,
  `rating` text NOT NULL,
  `status` text NOT NULL,
  `request_id` int(11) NOT NULL,
  `response_id` int(11) NOT NULL,
  `updated_at` datetime NOT NULL,
  `created_at` datetime NOT NULL,
  PRIMARY KEY (`id`)
) ENGINE=InnoDB  DEFAULT CHARSET=latin1 AUTO_INCREMENT=10 ;

--
-- Dumping data for table `testimonial`
--

INSERT INTO `testimonial` (`id`, `user_id`, `author_id`, `comment`, `rating`, `status`, `request_id`, `response_id`, `updated_at`, `created_at`) VALUES
(1, 8, 1, '5', '5', '0', 4, 0, '2018-02-26 11:50:09', '2018-02-26 10:24:48'),
(2, 8, 1, '4', '4', '0', 3, 0, '0000-00-00 00:00:00', '2018-02-26 11:50:28'),
(3, 1, 8, '4', '4', '0', 4, 0, '2018-02-27 15:54:34', '2018-02-26 12:32:47'),
(4, 4, 8, '5star', '5', '0', 8, 0, '2018-02-27 16:04:03', '2018-02-26 14:02:24'),
(5, 4, 8, '2', '2', '0', 7, 0, '0000-00-00 00:00:00', '2018-02-26 17:22:52'),
(6, 1, 8, '4star', '4', '0', 5, 0, '2018-02-27 16:04:41', '2018-02-27 15:53:30'),
(7, 1, 8, '1', '1', '0', 3, 0, '0000-00-00 00:00:00', '2018-02-27 15:55:10'),
(8, 1, 8, '2', '2', '0', 1, 0, '0000-00-00 00:00:00', '2018-02-27 15:55:43'),
(9, 1, 8, '2', '2', '0', 11, 0, '0000-00-00 00:00:00', '2018-03-03 10:37:35');

-- --------------------------------------------------------

--
-- Table structure for table `transports`
--

CREATE TABLE IF NOT EXISTS `transports` (
  `id` int(11) NOT NULL AUTO_INCREMENT,
  `user_id` int(11) NOT NULL,
  `transport_requirement` varchar(200) NOT NULL,
  `city_id` int(11) NOT NULL,
  `stops` varchar(100) NOT NULL,
  `comment_box` text NOT NULL,
  `created_at` datetime NOT NULL,
  `status` int(11) NOT NULL,
  PRIMARY KEY (`id`)
) ENGINE=MyISAM DEFAULT CHARSET=latin1 AUTO_INCREMENT=1 ;

-- --------------------------------------------------------

--
-- Table structure for table `travel_certificates`
--

CREATE TABLE IF NOT EXISTS `travel_certificates` (
  `id` int(10) NOT NULL AUTO_INCREMENT,
  `user_id` int(10) DEFAULT NULL,
  `certificate_name` varchar(50) DEFAULT NULL,
  `certificate_pic` varchar(100) DEFAULT NULL,
  `created` datetime DEFAULT NULL,
  PRIMARY KEY (`id`)
) ENGINE=MyISAM DEFAULT CHARSET=latin1 AUTO_INCREMENT=1 ;

-- --------------------------------------------------------

--
-- Table structure for table `userdetails`
--

CREATE TABLE IF NOT EXISTS `userdetails` (
  `id` int(11) NOT NULL AUTO_INCREMENT,
  `user_id` int(11) NOT NULL,
  `image` varchar(200) NOT NULL,
  `email` varchar(100) NOT NULL,
  `state_id` int(11) NOT NULL,
  `city_id` int(11) NOT NULL,
  `country_id` int(11) NOT NULL,
  `role_id` int(11) NOT NULL,
  `address` text NOT NULL,
  `contact_no` varchar(100) NOT NULL,
  `company_name` varchar(100) NOT NULL,
  `zipcode` varchar(100) NOT NULL,
  `status` int(11) NOT NULL,
  `created_at` datetime NOT NULL,
  `updated_at` datetime NOT NULL,
  PRIMARY KEY (`id`)
) ENGINE=MyISAM DEFAULT CHARSET=latin1 AUTO_INCREMENT=1 ;

-- --------------------------------------------------------

--
-- Table structure for table `users`
--

CREATE TABLE IF NOT EXISTS `users` (
  `id` int(11) NOT NULL AUTO_INCREMENT,
  `first_name` varchar(250) NOT NULL,
  `last_name` varchar(250) NOT NULL,
  `password` varchar(250) NOT NULL,
  `mobile_number` varchar(100) NOT NULL,
  `p_contact` varchar(100) NOT NULL,
  `fax` varchar(100) NOT NULL,
  `email` varchar(250) NOT NULL,
  `status` int(11) NOT NULL,
  `company_name` varchar(200) NOT NULL,
  `comp_image1` varchar(255) NOT NULL,
  `comp_image2` varchar(255) NOT NULL,
  `id_card` varchar(255) NOT NULL,
  `address` text NOT NULL,
  `image` varchar(200) NOT NULL,
  `country_id` int(11) NOT NULL,
  `city_id` int(11) NOT NULL,
  `state_id` int(11) NOT NULL,
  `role_id` int(11) NOT NULL,
  `create_at` datetime NOT NULL,
  `description` text NOT NULL,
  `adress1` text,
  `locality` varchar(200) DEFAULT NULL,
  `pincode` varchar(10) NOT NULL,
  `preference` text,
  `email_verified` int(1) NOT NULL DEFAULT '0',
  `profile_pic` varchar(255) DEFAULT NULL,
  `pancard_pic` varchar(255) DEFAULT NULL,
  `company_img_1_pic` varchar(255) DEFAULT NULL,
  `company_img_2_pic` varchar(255) DEFAULT NULL,
  `id_card_pic` varchar(255) DEFAULT NULL,
  `company_shop_registration_pic` varchar(255) DEFAULT NULL,
  `travel_certificates` varchar(100) DEFAULT NULL,
  `hotel_rating` int(5) DEFAULT NULL,
  `hotel_name` text NOT NULL,
  `hotel_categories` varchar(100) DEFAULT NULL,
  `web_url` varchar(255) NOT NULL,
  `iata_pic` varchar(255) DEFAULT NULL,
  `tafi_pic` text NOT NULL,
  `taai_pic` text NOT NULL,
  `iato_pic` text NOT NULL,
  `adyoi_pic` text NOT NULL,
  `iso9001_pic` text NOT NULL,
  `uftaa_pic` text NOT NULL,
  `adtoi_pic` text NOT NULL,
  `updated_at` datetime NOT NULL,
  `last_login` datetime NOT NULL,
  `activation` varchar(255) NOT NULL,
  `device_id` text NOT NULL,
  `active` tinyint(4) NOT NULL DEFAULT '1',
  PRIMARY KEY (`id`)
) ENGINE=InnoDB  DEFAULT CHARSET=latin1 AUTO_INCREMENT=16 ;

--
-- Dumping data for table `users`
--

INSERT INTO `users` (`id`, `first_name`, `last_name`, `password`, `mobile_number`, `p_contact`, `fax`, `email`, `status`, `company_name`, `comp_image1`, `comp_image2`, `id_card`, `address`, `image`, `country_id`, `city_id`, `state_id`, `role_id`, `create_at`, `description`, `adress1`, `locality`, `pincode`, `preference`, `email_verified`, `profile_pic`, `pancard_pic`, `company_img_1_pic`, `company_img_2_pic`, `id_card_pic`, `company_shop_registration_pic`, `travel_certificates`, `hotel_rating`, `hotel_name`, `hotel_categories`, `web_url`, `iata_pic`, `tafi_pic`, `taai_pic`, `iato_pic`, `adyoi_pic`, `iso9001_pic`, `uftaa_pic`, `adtoi_pic`, `updated_at`, `last_login`, `activation`, `device_id`, `active`) VALUES
(1, 'CM', 'Dhakar', '$2y$10$aq5NkTnq0idTmOKfBosxjOexHe9LEmUMx9E/iJBcLTpeHBQW0qJ8O', '9649427857', '8852902100', '', 'cmdhakar001@gmail.com', 1, '5 Star Hotel', '', '', '', 'hiran magri', '', 101, 877, 33, 3, '2018-02-13 05:17:55', 'test desc', NULL, 'sevashram ', '313001', '33,11,39,4,15', 1, NULL, '1519638630564839354.png', '151886526016231372.png', '1518865260550932058.png', '1519638630920119607.png', '15196386301123142687.png', NULL, 3, '', NULL, 'www.jainthela.com', '1518512556604720325.png', '', '', '', '15185125561409146185.png', '', '', '', '0000-00-00 00:00:00', '2018-03-03 11:25:07', '', '0', 1),
(3, 'prashant', 'Varma', '$2y$10$aq5NkTnq0idTmOKfBosxjOexHe9LEmUMx9E/iJBcLTpeHBQW0qJ8O', '8233613022', '', '', 'respond.prashant@gmail.com', 1, 'Events Pvt', '', '', '', 'hm4', '', 101, 877, 33, 2, '2018-02-13 05:34:22', 'test', NULL, 'hiran magri', '313002', '33,11,39,4,15', 1, '1520077133450406667.png', '1520052867322118507.png', NULL, NULL, '1520052867752183160.png', '1520052867224639717.png', NULL, NULL, '', NULL, 'www.rainbowevemts.com', NULL, '', '', '', '', '', '', '', '0000-00-00 00:00:00', '2018-03-03 05:43:56', '', '0', 1),
(4, 'Ramesh', 'Sharma', '$2y$10$aq5NkTnq0idTmOKfBosxjOexHe9LEmUMx9E/iJBcLTpeHBQW0qJ8O', '1234567890', '', '', 'ramesh@gmail.com', 1, 'Flying Jets Pvt', '', '', '', 'hmt', '', 101, 877, 33, 1, '2018-02-13 11:42:03', '', NULL, 'jaisalmer', '313002', '33,21,39,11,10', 1, '1520055149105640797.png', '15200709311049910481.png', NULL, NULL, '15200709311216070592.png', '15200709311209644502.png', NULL, NULL, '', NULL, 'www.test.com ', NULL, '', '', '', '', '', '', '', '0000-00-00 00:00:00', '2018-03-03 05:44:53', '065792c59436784c5d614cc49393bc2b6003e0e7', '0', 1),
(5, 'Suresh', 'Sharma', '$2y$10$aq5NkTnq0idTmOKfBosxjOexHe9LEmUMx9E/iJBcLTpeHBQW0qJ8O', '8233613022', '', '', 'suresh@gmail.com', 1, 'Trump Hotels', '', '', '', 'hmt', '', 101, 877, 33, 3, '2018-02-13 11:48:01', '', NULL, 'locality', '303002', '', 1, NULL, NULL, NULL, NULL, NULL, NULL, NULL, 4, '', NULL, '', NULL, '', '', '', '', '', '', '', '0000-00-00 00:00:00', '2018-02-28 10:31:12', '', '0', 1),
(6, 'ram', 'sharma', '$2y$10$aq5NkTnq0idTmOKfBosxjOexHe9LEmUMx9E/iJBcLTpeHBQW0qJ8O', '9680747166', '', '', 'ram@gmail.com', 1, 'phppoets', '', '', '', 'udaipur', '', 101, 877, 33, 1, '2018-02-13 05:18:27', '', NULL, 'sevasrma', '313001', '33,38,21,12,22', 1, NULL, '1518514228511970405.png', '1518514185880466474.png', '1518514185588295650.png', NULL, NULL, NULL, NULL, '', NULL, '', '1518514142581753057.png', '', '', '', '', '', '', '', '0000-00-00 00:00:00', '2018-02-16 06:13:27', '', '0', 1),
(7, 'Abc', 'Xyz', '$2y$10$aq5NkTnq0idTmOKfBosxjOexHe9LEmUMx9E/iJBcLTpeHBQW0qJ8O', '2233233225', '', '', 'sona29@gmail.com', 1, 'FJjd', '', '', '', 'dbbdnd', '', 101, 877, 33, 3, '2018-02-14 09:18:48', '', NULL, 'kankroli', '313001', '', 1, NULL, NULL, NULL, NULL, NULL, NULL, NULL, NULL, '', NULL, '', NULL, '', '', '', '', '', '', '', '0000-00-00 00:00:00', '2018-02-24 12:02:49', '', '0', 1),
(8, 'Dashrath', 'Menaria', '$2y$10$aq5NkTnq0idTmOKfBosxjOexHe9LEmUMx9E/iJBcLTpeHBQW0qJ8O', '5159499894', '', '', 'dasumenaria@gmail.com', 1, 'Jets Duniya', '', '', '', 'hmt', '', 101, 877, 33, 1, '2018-02-16 12:53:43', '', NULL, 'thokar', '313002', '33,21,39,11,10', 1, '15187860151952881245.png', '151878595577591508.png', '1518785734458552636.png', '15187857341711335486.png', '15187859551368924732.png', '1518785955123607746.png', NULL, NULL, '', NULL, '', '15187857951425344338.png', '15187857951465203695.png', '15187857951640154221.png', '15187857951948487899.png', '15187857951998561328.png', '15187857957407204.png', '1518785795366794202.png', '15187857951735019280.png', '0000-00-00 00:00:00', '2018-03-04 01:11:59', '', 'fHtl-30g8qU:APA91bHl-jEUaeEh6-AUx5N6FySp6hF3RQ2bOheSl34ZiwA1Oo3gvNA0o84L-vLwq_5OyUEdaPxg3dRN9cJQ6QRZbwqm7Te7o7RcSauoAj7eOd_4ehaZNHQLgyQH03WgSgcoXlUBVb2x', 1),
(11, 'Raj', 'Rao', '$2y$10$CDkMoVQatAgwCNtOcqbm/.qD5PLcW2T7OwtHAb1e.roDOHt24t8Qu', 'NNNNN87664', '', '', 'yashrajrao52@gmail.com', 1, 'Hotel Grand Guest House ', '', '', '', 'Near RCA ground ', '', 101, 809, 33, 3, '2018-02-19 11:41:42', '', NULL, 'gandhinagar', '313001', '15,33,11,12,13', 0, NULL, NULL, '15192960181576175717.png', '15192960181426860805.png', NULL, NULL, NULL, 4, '', NULL, '', NULL, '', '', '', '', '', '', '', '0000-00-00 00:00:00', '2018-02-23 05:22:58', '3583a69c8646dc473ca7e68024a90c8e4fda35cd', '0', 1),
(12, 'Rao', 'Yash', '$2y$10$8BFGdNWxcdXPcC7WUkhH1uk08xr/jXfzjHIH7YabUFwYuePR9Pavm', '--------22', '', '', 'raoyash01@yahoo.com', 1, 'YR Event ', '', '', '', 'chawand ', '', 101, 809, 33, 2, '2018-02-19 11:58:25', '', NULL, 'chawand', '313001', '', 0, NULL, NULL, NULL, NULL, NULL, NULL, NULL, NULL, '', NULL, '', NULL, '', '', '', '', '', '', '', '0000-00-00 00:00:00', '2018-02-24 12:22:32', '', '0', 1),
(15, 'Yash', 'Rao', '$2y$10$PZdoNtiRmD2E0gAYQJf60u9Ccvs7ErySUc71ZBuwLiJQgWGWmdN1S', '9784311638', '', '', 'yaswant@phppoets.in', 0, 'YR Agency', '', '', '', 'chawand', '', 101, 877, 33, 1, '2018-02-24 12:33:04', '', NULL, 'chawand', '319304', '33', 0, NULL, NULL, NULL, NULL, NULL, NULL, NULL, NULL, '', NULL, '', NULL, '', '', '', '', '', '', '', '0000-00-00 00:00:00', '0000-00-00 00:00:00', '', 'c5_Vx8kxcG0:APA91bFfwBKIpJkAecKPPUTA7G-1Rk1Fm4qj0B3-rzoC7Qd4FRwXnsW9rqurN_dBTvbRMsVncw3VzUir_zEpH3qUHj2NjeqG1GJzjtahn-3FTQd9piFYSpSV5b_WkGep70pDAjr8LBvC', 1);

-- --------------------------------------------------------

--
-- Table structure for table `user_chats`
--

CREATE TABLE IF NOT EXISTS `user_chats` (
  `id` int(10) NOT NULL AUTO_INCREMENT,
  `request_id` int(11) DEFAULT NULL,
  `user_id` int(11) DEFAULT NULL,
  `send_to_user_id` int(10) DEFAULT NULL,
  `message` text,
  `is_read` int(1) NOT NULL DEFAULT '0',
  `read_date_time` datetime DEFAULT NULL,
  `created` datetime DEFAULT NULL,
  `notification` tinyint(1) NOT NULL DEFAULT '0',
  `screen_id` tinyint(2) NOT NULL,
  `type` varchar(100) NOT NULL,
  PRIMARY KEY (`id`)
) ENGINE=MyISAM  DEFAULT CHARSET=latin1 AUTO_INCREMENT=19 ;

--
-- Dumping data for table `user_chats`
--

INSERT INTO `user_chats` (`id`, `request_id`, `user_id`, `send_to_user_id`, `message`, `is_read`, `read_date_time`, `created`, `notification`, `screen_id`, `type`) VALUES
(1, 1, 8, 4, 'You have received a Request! Please go to RESPOND TO REQUEST tab to view it.', 1, '2018-03-03 05:58:18', '2018-03-03 11:05:55', 1, 0, 'Request'),
(2, 1, 8, 6, 'You have received a Request! Please go to RESPOND TO REQUEST tab to view it.', 1, '2018-03-03 05:58:18', '2018-03-03 11:05:56', 1, 0, 'Request'),
(3, 1, 8, 15, 'You have received a Request! Please go to RESPOND TO REQUEST tab to view it.', 1, '2018-03-03 05:58:18', '2018-03-03 11:05:56', 1, 0, 'Request'),
(4, 2, 8, 4, 'You have received a Request! Please go to RESPOND TO REQUEST tab to view it.', 1, '2018-03-03 11:20:06', '2018-03-03 11:15:40', 1, 0, 'Request'),
(5, 2, 8, 6, 'You have received a Request! Please go to RESPOND TO REQUEST tab to view it.', 0, NULL, '2018-03-03 11:15:40', 1, 0, 'Request'),
(6, 2, 8, 15, 'You have received a Request! Please go to RESPOND TO REQUEST tab to view it.', 0, NULL, '2018-03-03 11:15:40', 1, 0, 'Request'),
(7, 3, 8, 4, 'You have received a Request! Please go to RESPOND TO REQUEST tab to view it.', 1, '2018-03-03 03:23:07', '2018-03-03 03:20:46', 1, 0, 'Request'),
(8, 3, 8, 6, 'You have received a Request! Please go to RESPOND TO REQUEST tab to view it.', 0, NULL, '2018-03-03 03:20:46', 1, 0, 'Request'),
(9, 3, 8, 15, 'You have received a Request! Please go to RESPOND TO REQUEST tab to view it.', 0, NULL, '2018-03-03 03:20:46', 1, 0, 'Request'),
(10, 4, 8, 4, 'You have received a Request! Please go to RESPOND TO REQUEST tab to view it.', 1, '2018-03-03 05:57:40', '2018-03-03 03:28:15', 1, 0, 'Request'),
(11, 4, 8, 6, 'You have received a Request! Please go to RESPOND TO REQUEST tab to view it.', 0, NULL, '2018-03-03 03:28:15', 1, 0, 'Request'),
(12, 4, 8, 15, 'You have received a Request! Please go to RESPOND TO REQUEST tab to view it.', 0, NULL, '2018-03-03 03:28:15', 1, 0, 'Request'),
(13, 1, 4, 8, 'You have received a Response for Reference ID: hd. Please go to MY REQUESTS tab to view it.', 1, '2018-03-03 05:58:18', '2018-03-03 05:55:33', 1, 0, 'Response'),
(14, 1, 8, 4, 'Ddfy', 1, '2018-03-03 05:58:18', '2018-03-03 05:57:33', 0, 0, 'Chat'),
(15, 1, 4, 8, 'ccgj', 1, '2018-03-03 05:58:18', '2018-03-03 05:57:50', 0, 0, 'Chat'),
(16, 1, 8, 4, 'Efggg', 1, '2018-03-03 05:58:18', '2018-03-03 05:57:56', 0, 0, 'Chat'),
(17, 1, 4, 8, 'vvg', 0, NULL, '2018-03-03 05:58:21', 0, 0, 'Chat'),
(18, 1, 8, 4, 'Dashrath Menaria has accepted your offer. Please go to Finalized Requests/Reponses to add a Review for Ramesh Sharma', 0, NULL, '2018-03-03 06:01:35', 1, 0, 'Final Response');

-- --------------------------------------------------------

--
-- Table structure for table `user_chats123`
--

CREATE TABLE IF NOT EXISTS `user_chats123` (
  `id` int(10) NOT NULL AUTO_INCREMENT,
  `request_id` int(11) DEFAULT NULL,
  `user_id` int(11) DEFAULT NULL,
  `message` text,
  `created` datetime DEFAULT NULL,
  PRIMARY KEY (`id`),
  KEY `id` (`id`)
) ENGINE=MyISAM DEFAULT CHARSET=latin1 AUTO_INCREMENT=1 ;

-- --------------------------------------------------------

--
-- Table structure for table `user_feedbacks`
--

CREATE TABLE IF NOT EXISTS `user_feedbacks` (
  `id` int(11) NOT NULL,
  `user_id` int(11) NOT NULL,
  `subject` varchar(100) NOT NULL,
  `comment` text NOT NULL,
  `created_on` timestamp NOT NULL DEFAULT CURRENT_TIMESTAMP
) ENGINE=InnoDB DEFAULT CHARSET=latin1;

--
-- Dumping data for table `user_feedbacks`
--

INSERT INTO `user_feedbacks` (`id`, `user_id`, `subject`, `comment`, `created_on`) VALUES
(1, 2, 'test', 'hdasdaa fsf asfas a asf afs', '2018-02-16 04:23:41'),
(6, 4, '13', '2', '2018-02-16 05:04:06'),
(7, 4, '13', '2', '2018-02-16 05:25:36'),
(8, 1, 'Feedback', 'xhgf', '2018-02-16 05:48:13'),
(9, 1, 'Feedback', 'xhgf', '2018-02-16 05:48:38'),
(10, 1, 'Report a bug', 'xhgf', '2018-02-16 05:49:28');

-- --------------------------------------------------------

--
-- Table structure for table `user_ratings`
--

CREATE TABLE IF NOT EXISTS `user_ratings` (
  `id` int(11) NOT NULL AUTO_INCREMENT,
  `user_id` int(11) DEFAULT NULL,
  `request_id` int(11) DEFAULT NULL,
  `rating` int(2) DEFAULT NULL,
  `created` datetime DEFAULT NULL,
  PRIMARY KEY (`id`)
) ENGINE=MyISAM  DEFAULT CHARSET=latin1 COMMENT='To manage user rating' AUTO_INCREMENT=15 ;

-- --------------------------------------------------------

--
-- Table structure for table `user_rights`
--

CREATE TABLE IF NOT EXISTS `user_rights` (
  `id` int(30) NOT NULL AUTO_INCREMENT,
  `user_id` int(10) DEFAULT NULL,
  `role_id` int(11) DEFAULT NULL,
  `module_id` text NOT NULL,
  PRIMARY KEY (`id`)
) ENGINE=MyISAM  DEFAULT CHARSET=utf8 AUTO_INCREMENT=2 ;

--
-- Dumping data for table `user_rights`
--

INSERT INTO `user_rights` (`id`, `user_id`, `role_id`, `module_id`) VALUES
(1, 1, NULL, '1,2,3,4,5,6,7,8,9,10,11,12');

--
-- Constraints for dumped tables
--

--
-- Constraints for table `permission_role`
--
ALTER TABLE `permission_role`
  ADD CONSTRAINT `permission_role_permission_id_foreign` FOREIGN KEY (`permission_id`) REFERENCES `permissions` (`id`) ON DELETE CASCADE,
  ADD CONSTRAINT `permission_role_role_id_foreign` FOREIGN KEY (`role_id`) REFERENCES `roles` (`id`) ON DELETE CASCADE;

/*!40101 SET CHARACTER_SET_CLIENT=@OLD_CHARACTER_SET_CLIENT */;
/*!40101 SET CHARACTER_SET_RESULTS=@OLD_CHARACTER_SET_RESULTS */;
/*!40101 SET COLLATION_CONNECTION=@OLD_COLLATION_CONNECTION */;
